Actual_Sales,Predicted_Sales
30.0,154.96431
78.75,154.96716
96.99,154.96846
141.12,154.96835
489.0,154.96658
155.0,154.95532
45.0,154.9528
36.49,154.95686
248.99999999999997,154.96227
500.00000000000006,154.96101
15.9,154.95108
84.9,154.95395
29.9,154.95851
139.8,154.96391
18.9,154.96523
38.9,154.9681
8.9,154.97018
49.9,154.97223
119.89999999999999,154.97263
86.6,154.97041
48.9,154.96878
89.49,154.96877
100.0,154.96819
44.99,154.96725
64.9,154.96794
134.0,154.96846
319.88,154.9669
579.0,154.96007
189.9,154.94624
28.000000000000004,154.94426
1970.0,154.95116
75.9,154.90648
69.9,154.90787
99.0,154.92462
338.0,154.9413
118.8,154.94728
84.0,154.9541
79.9,154.96042
230.0,154.96498
139.42,154.96365
18.9,154.96307
87.28,154.96606
12.25,154.96756
200.0,154.97011
45.9,154.96725
13.77,154.96742
109.99,154.9694
130.0,154.96884
94.9,154.96701
51.8,154.96617
26.0,154.96703
199.0,154.96892
139.8,154.96599
19.9,154.9638
2370.0,154.96568
304.25,154.9045
119.99,154.89462
14.9,154.9096
55.9,154.93176
41.9,154.94958
13.8,154.9618
39.99,154.96979
220.0,154.97356
96.0,154.97
34.3,154.96817
69.99,154.96895
109.96,154.96933
44.4,154.96834
99.0,154.96886
53.900000000000006,154.96825
150.0,154.9686
69.9,154.96658
119.99,154.96645
174.99,154.96562
49.0,154.9633
69.9,154.96446
379.0,154.96596
29.989999999999995,154.95883
49.9,154.9601
29.9,154.96333
8.9,154.96693
18.0,154.97026
881.64,154.9724
74.0,154.95024
74.99,154.94757
109.0,154.95215
18.9,154.957
27.9,154.96312
199.99,154.96788
137.7,154.96631
0.0,154.9647
134.49,154.96722
819.0,154.9668
189.0,154.94698
55.49999999999999,154.94287
53.00000000000001,154.94875
49.9,154.95648
149.99,154.96294
70.0,154.96461
28.899999999999995,154.96643
95.0,154.96892
103.9,154.96916
58.0,154.96832
21.99,154.96854
28.99,154.97
104.9,154.97125
40.6,154.97006
199.9,154.97008
250.00000000000003,154.96619
260.0,154.96065
161.9,154.95572
12.65,154.95496
154.9,154.95982
28.99,154.96152
101.08,154.9651
109.9,154.96648
126.62999999999998,154.9665
79.9,154.96564
99.9,154.96594
274.92,154.966
69.9,154.96123
276.0,154.96162
999.0000000000001,154.95808
97.9,154.93456
69.9,154.93495
69.9,154.94408
79.9,154.9537
79.9,154.9608
69.0,154.96524
330.0,154.96793
49.0,154.96228
59.89999999999999,154.96286
199.0,154.96504
219.97000000000003,154.96338
78.0,154.96028
41.9,154.96133
151.0,154.96445
264.8,154.9645
79.9,154.96043
110.32,154.96103
40.35,154.96223
74.8,154.9652
112.35,154.96703
49.9,154.967
13.649999999999999,154.96803
27.99,154.97011
104.0,154.9716
199.6,154.97041
119.00000000000001,154.96608
89.0,154.96396
79.99,154.96394
84.0,154.96487
33.0,154.96577
151.0,154.96782
99.8,154.96654
339.9,154.96585
77.67,154.95909
149.9,154.95912
119.89999999999999,154.9595
55.0,154.96071
135.0,154.96364
449.8,154.96423
179.99,154.95543
225.00000000000003,154.95305
43.99,154.95227
69.9,154.9571
36.79,154.96187
294.0,154.96628
499.9,154.96248
24.9,154.95137
379.99,154.95355
119.89999999999999,154.95003
114.90000000000002,154.95251
819.8,154.95653
209.99,154.94096
59.989999999999995,154.93944
224.00000000000003,154.94713
9.9,154.95146
130.0,154.9593
219.0,154.96309
99.97,154.9621
159.9,154.96297
332.57,154.9626
350.0,154.95718
59.989999999999995,154.95102
55.0,154.95401
36.0,154.95943
31.500000000000004,154.96472
74.99,154.96873
37.9,154.97008
50.9,154.97116
39.9,154.9715
21.2,154.97174
151.0,154.97237
277.8,154.96944
59.97,154.96262
27.0,154.96214
83.9,154.96483
29.9,154.96631
364.0,154.96848
569.7,154.9613
79.9,154.94734
326.16,154.94801
37.0,154.9468
115.9,154.95306
109.9,154.95816
18.95,154.96169
109.9,154.96626
224.00000000000003,154.96756
37.99,154.9643
50.5,154.96536
132.0,154.96724
140.0,154.96666
149.9,154.96518
8.9,154.96349
28.899999999999995,154.96596
79.9,154.96864
64.99,154.9693
43.9,154.96951
94.9,154.97006
104.99999999999999,154.96921
109.9,154.96782
18.0,154.96648
34.0,154.96797
89.15,154.96957
50.9,154.96931
19.9,154.96953
377.9,154.97069
144.9,154.96219
113.85,154.95898
35.0,154.95923
50.9,154.96269
62.989999999999995,154.96593
59.989999999999995,154.96793
41.97,154.96909
14.49,154.97014
385.98,154.97163
239.9,154.96284
37.89,154.95683
99.9,154.95879
81.9,154.96121
249.9,154.96367
196.0,154.96098
39.99,154.95876
70.0,154.96149
149.9,154.96436
19.9,154.96436
16.9,154.96692
59.989999999999995,154.96974
27.200000000000003,154.97073
350.0,154.97173
22.22,154.96373
143.8,154.96364
104.0,154.96295
129.9,154.96327
129.9,154.96318
199.99,154.96297
500.00000000000006,154.9609
39.0,154.95068
25.77,154.95285
1377.5,154.95898
157.0,154.92825
69.98,154.92633
169.99,154.93704
230.0,154.94646
84.9,154.95142
21.9,154.95757
579.99,154.96423
125.00000000000001,154.95425
18.99,154.95355
59.989999999999995,154.95898
18.9,154.96388
135.0,154.9684
98.0,154.96844
139.9,154.96794
269.98,154.96623
99.8,154.96101
129.0,154.96054
158.0,154.961
99.8,154.96083
107.90000000000002,154.96208
169.0,154.96327
47.0,154.96248
78.0,154.96454
129.0,154.96616
89.99,154.96584
439.89,154.966
89.9,154.95683
13.77,154.95636
158.9,154.96101
195.0,154.96223
49.9,154.96101
13.649999999999999,154.96324
19.8,154.96701
70.99,154.97014
70.0,154.97086
48.9,154.97057
189.0,154.97058
179.99,154.96689
139.8,154.96315
19.9,154.96144
29.9,154.96408
191.0,154.96724
9.5,154.9654
335.94,154.96727
110.0,154.9611
197.8,154.95995
117.99999999999999,154.95844
9.9,154.95934
129.9,154.96373
344.99,154.96495
189.9,154.95897
79.0,154.95634
63.00000000000001,154.95856
69.9,154.9622
33.85,154.96521
62.89999999999999,154.96819
55.0,154.9696
84.9,154.97032
24.9,154.96979
159.99,154.97057
112.00000000000001,154.96791
155.0,154.9661
28.899999999999995,154.96384
164.9,154.96542
59.89999999999999,154.96423
169.9,154.96524
135.0,154.96378
149.0,154.96281
279.8,154.96191
70.0,154.95773
67.99,154.95923
39.9,154.9623
55.99,154.96587
228.0,154.96823
299.99,154.96495
209.9,154.95868
67.99,154.9555
73.9,154.958
389.99,154.96158
29.9,154.95609
699.99,154.95871
34.9,154.9453
29.9,154.948
429.0,154.95558
139.98,154.95203
134.0,154.95349
49.99,154.95647
129.0,154.96143
175.0,154.96362
43.9,154.96306
49.9,154.96526
79.0,154.96759
497.99999999999994,154.96855
49.9,154.95747
47.9,154.95732
146.65,154.96094
659.8,154.96217
158.99,154.94843
75.9,154.94682
93.0,154.952
19.95,154.9576
49.9,154.96388
58.0,154.96797
773.75,154.97003
399.8,154.95152
134.9,154.94107
55.06000000000001,154.9432
17.5,154.95116
87.0,154.95996
271.0,154.96495
69.9,154.9624
29.989999999999995,154.96341
199.0,154.96643
839.9999999999999,154.96472
90.0,154.9445
149.9,154.94366
151.0,154.94794
151.0,154.95276
299.0,154.95653
849.0000000000001,154.95502
129.9,154.93726
49.9,154.9382
43.0,154.94734
70.0,154.957
100.0,154.9636
165.0,154.96664
19.9,154.96596
199.9,154.96805
69.8,154.96565
59.89999999999999,154.9658
699.0,154.967
110.0,154.95096
119.89999999999999,154.9492
1015.0,154.95248
86.0,154.93234
79.9,154.93481
586.0,154.94449
399.0,154.94037
28.620000000000005,154.9378
79.9,154.94653
429.0,154.9554
29.6,154.95256
217.80000000000004,154.95732
190.0,154.95831
124.9,154.95848
230.0,154.96004
24.9,154.9588
119.00000000000001,154.96243
49.49,154.96419
1100.0,154.96669
239.59999999999997,154.94035
99.9,154.93454
79.0,154.94093
113.85,154.95029
79.99,154.95726
162.5,154.96259
145.0,154.96378
58.99999999999999,154.96371
124.9,154.96555
325.49,154.96573
69.0,154.95984
35.8,154.96034
24.99,154.96375
98.81,154.96748
65.0,154.96835
765.0,154.96895
113.85,154.95035
59.89999999999999,154.9478
150.0,154.95279
17.99,154.95653
27.99,154.96245
1917.7999999999997,154.96733
39.9,154.91928
149.97,154.91719
159.7,154.92813
44.0,154.94023
19.9,154.95274
49.9,154.96289
246.99000000000004,154.9688
29.9,154.96642
104.0,154.96767
28.899999999999995,154.96777
839.99,154.96936
44.0,154.9491
399.78,154.94826
116.5,154.94458
159.9,154.94852
39.9,154.95285
12.84,154.95943
69.9,154.96582
839.99,154.96893
66.64,154.94931
19.89,154.94812
238.47,154.95467
389.9,154.95615
49.9,154.95146
43.8,154.95514
77.8,154.96085
13.329999999999998,154.9648
179.8,154.96887
89.0,154.9674
173.0,154.96689
79.9,154.96455
30.0,154.96466
124.9,154.9669
29.98,154.96667
119.99,154.96823
948.9,154.96756
450.00000000000006,154.94388
169.99,154.9322
49.9,154.93524
28.89,154.94566
146.7,154.95644
113.85,154.96141
99.49,154.96408
149.94,154.96568
34.9,154.96512
99.9,154.96701
65.0,154.96747
78.0,154.9682
53.900000000000006,154.96846
1209.0,154.9691
475.9,154.93842
138.0,154.92516
21.9,154.9304
1998.0000000000002,154.9436
349.0,154.90239
50.9,154.89879
57.88999999999999,154.91695
149.97,154.93742
305.0,154.95091
64.99,154.95445
28.899999999999995,154.9602
144.0,154.96614
139.0,154.96738
279.98,154.96674
34.9,154.96176
179.9,154.96313
43.0,154.96233
130.99,154.9646
197.5,154.96494
59.2,154.96269
29.989999999999995,154.9639
94.0,154.96672
45.0,154.9676
35.99,154.9689
79.0,154.97025
149.9,154.97006
480.0,154.9675
163.75,154.95587
110.32,154.9528
865.8899999999999,154.95486
72.0,154.93767
229.0,154.94003
220.0,154.9442
30.999999999999996,154.94812
36.9,154.9561
330.99,154.96324
44.9,154.96031
2699.0,154.96248
14.49,154.89343
108.90000000000002,154.89198
287.0,154.91098
189.9,154.92694
90.0,154.94048
12.8,154.95251
248.99999999999997,154.96303
24.99,154.9639
16.49,154.96727
189.2,154.97075
116.99,154.96857
400.0,154.96692
19.9,154.95816
124.9,154.95949
179.0,154.96101
89.99,154.96068
79.9,154.96222
261.58,154.96426
29.9,154.96103
33.0,154.96312
49.99,154.96637
138.9,154.96867
48.89,154.96765
237.99,154.9682
199.9,154.96404
30.900000000000002,154.96037
97.98,154.9624
209.99,154.96399
89.9,154.96199
25.99,154.96255
19.99,154.96559
148.5,154.9688
149.9,154.96777
12.88,154.96553
119.00000000000001,154.9672
117.99999999999999,154.96683
60.99,154.9659
90.97,154.96657
35.0,154.96678
1299.65,154.96828
56.00000000000001,154.93558
65.0,154.9337
134.9,154.94247
55.0,154.95062
99.49,154.95862
149.0,154.96336
27.99,154.96448
182.4,154.96735
44.0,154.96585
13.5,154.96698
121.99,154.96947
199.89,154.96881
50.0,154.96512
119.89999999999999,154.9654
39.9,154.96504
75.89,154.96669
139.0,154.96762
78.0,154.96635
279.8,154.96632
48.9,154.96129
89.9,154.96208
298.9,154.96356
69.9,154.95923
137.8,154.96027
67.99,154.96104
599.9,154.9634
14.99,154.95132
499.9,154.95338
39.99,154.9466
124.9,154.951
199.0,154.9558
149.98,154.95746
70.0,154.95898
18.9,154.96227
169.9,154.96661
269.99,154.9661
156.99,154.96138
53.00000000000001,154.9595
189.0,154.96185
199.8,154.96133
299.99,154.95967
299.0,154.95537
67.9,154.95132
11.04,154.9547
78.45,154.9612
18.9,154.96524
24.99,154.96901
29.0,154.97154
57.88999999999999,154.97285
135.0,154.97263
39.99,154.96982
27.99,154.96939
189.0,154.97018
109.99,154.96681
134.9,154.96504
155.96,154.9636
109.0,154.96208
90.0,154.96222
465.0,154.9634
149.91,154.95451
83.69999999999999,154.95311
55.99,154.9564
103.9,154.96115
780.0,154.96388
53.00000000000001,154.94699
150.0,154.94759
130.0,154.95134
119.89999999999999,154.95566
432.0,154.95935
209.99999999999997,154.95348
63.87,154.95192
1377.5,154.95619
14.6,154.92569
150.0,154.92848
110.0,154.93811
280.94,154.94856
99.9,154.952
139.99,154.9571
34.9,154.96039
40.5,154.965
106.89999999999999,154.96867
259.9,154.9692
153.4,154.96436
178.5,154.9618
49.9,154.95998
124.9,154.96228
439.0,154.96335
49.9,154.95523
77.8,154.95663
39.9,154.96017
988.44,154.96448
99.99,154.94229
69.0,154.94109
157.0,154.94812
182.99,154.95369
55.99,154.95662
18.99,154.96136
249.9,154.9665
179.0,154.96419
319.0,154.96185
38.9,154.95634
59.89999999999999,154.95871
109.9,154.96254
127.0,154.96448
21.9,154.9648
28.899999999999995,154.96733
35.0,154.96974
169.99,154.97128
318.98,154.96848
79.95,154.9609
99.9,154.96016
49.9,154.96135
25.6,154.96422
139.9,154.96754
99.99,154.9671
78.0,154.96658
19.87,154.96678
193.0,154.96872
36.97,154.96605
77.67,154.96672
439.65000000000003,154.96727
29.98,154.95784
94.0,154.95857
39.89,154.96086
168.49,154.96448
83.99,154.96417
13.989999999999998,154.9649
151.8,154.96771
41.52,154.96675
50.0,154.96774
55.0,154.96889
53.900000000000006,154.96965
113.85,154.97008
395.0,154.96867
29.989999999999995,154.95941
64.99,154.9598
110.0,154.96237
227.9,154.96379
449.00000000000006,154.96129
39.9,154.95218
84.9,154.95432
79.9,154.95847
119.00000000000001,154.96234
49.9,154.96408
289.0,154.9665
39.9,154.96213
85.0,154.96327
153.5,154.96477
79.99,154.96413
49.9,154.9649
16.0,154.96674
76.0,154.96938
119.29999999999998,154.96996
250.00000000000003,154.9685
189.0,154.96324
264.5,154.95969
64.99,154.95561
113.00000000000001,154.95781
99.9,154.96025
84.9,154.96251
79.8,154.96455
245.0,154.96613
44.99,154.96268
60.0,154.96385
19.9,154.96585
199.7,154.96867
29.989999999999995,154.96616
34.5,154.96709
98.0,154.96881
89.9,154.96861
109.9,154.96803
299.8,154.96693
124.99000000000001,154.9608
75.0,154.95932
149.9,154.96114
129.0,154.96156
359.9,154.96199
59.989999999999995,154.95612
95.0,154.95775
109.9,154.96057
149.99,154.96263
149.9,154.96284
149.9,154.96239
14.99,154.96184
138.0,154.96501
119.59000000000002,154.9653
210.9,154.96501
550.0,154.96216
62.89999999999999,154.95001
169.99,154.9511
189.9,154.95346
49.99,154.9551
289.0,154.95985
43.0,154.95801
20.0,154.96107
79.8,154.96562
179.9,154.96783
13.9,154.96597
14.9,154.9677
95.0,154.97011
111.9,154.96992
98.9,154.96846
67.99,154.96727
468.0,154.96729
399.0,154.95691
5.0,154.94762
129.9,154.9518
37.99,154.95604
64.99,154.96169
59.89999999999999,154.96564
99.9,154.96815
74.9,154.96846
93.8,154.9686
169.9,154.96811
34.0,154.96547
518.0,154.96643
46.0,154.95528
429.9,154.9557
199.9,154.94958
58.99,154.94905
12.6,154.9544
39.0,154.9616
129.9,154.96684
730.0,154.96762
229.99,154.95049
130.0,154.94536
59.8,154.9483
609.0,154.95505
34.99,154.94649
39.9,154.95056
79.9,154.95773
109.99,154.96298
159.9,154.9654
165.9,154.96487
123.0,154.96332
24.9,154.96295
49.0,154.96568
23.9,154.96808
316.83,154.97035
99.8,154.9641
79.9,154.96245
119.99,154.9633
35.0,154.96368
225.00000000000003,154.96608
199.9,154.96341
113.85,154.96042
252.00000000000003,154.96045
227.9,154.95773
39.9,154.95549
38.0,154.95906
120.5,154.96373
90.0,154.96532
124.9,154.96628
114.0,154.96585
86.63,154.96535
264.0,154.96568
20.99,154.96141
126.12,154.96324
106.00000000000001,154.9638
26.1,154.96434
25.0,154.96687
49.9,154.96944
71.99,154.97069
65.0,154.97054
47.9,154.97014
180.54,154.97021
179.0,154.96683
19.9,154.9632
37.99,154.96474
134.2,154.9671
109.9,154.96654
226.99,154.9658
54.0,154.96207
29.0,154.96295
329.0,154.96587
78.0,154.96059
68.65,154.96072
119.97999999999999,154.96294
15.0,154.96387
107.0,154.96693
82.8,154.96748
52.8,154.96768
110.32,154.9685
18.9,154.96777
219.90000000000003,154.96915
77.98,154.96545
12.95,154.96483
74.69999999999999,154.96715
57.79999999999999,154.96819
2749.65,154.96896
199.9,154.89609
415.7,154.88739
126.00000000000001,154.89668
159.9,154.91733
289.0,154.93567
879.77,154.94513
18.98,154.93329
219.0,154.94072
809.0,154.94728
299.0,154.93578
169.9,154.935
49.95,154.9415
29.9,154.95192
19.49,154.96143
76.0,154.96838
80.0,154.9711
78.0,154.97151
35.0,154.97101
82.64,154.9714
4400.0,154.97064
227.9,154.85101
98.0,154.8382
199.9,154.86777
99.9,154.90091
27.9,154.92955
79.9,154.95142
49.9,154.96407
899.0000000000001,154.9711
450.00000000000006,154.95137
39.9,154.93983
78.0,154.94502
330.0,154.95328
55.0,154.9535
123.98999999999998,154.95837
399.0,154.96165
25.49,154.95607
25.9,154.95903
390.0,154.96402
104.99999999999999,154.95853
27.99,154.9586
99.9,154.9626
258.0,154.9649
43.0,154.96173
79.99,154.96335
99.97,154.96515
139.9,154.96596
179.99,154.96515
256.0,154.9629
2547.0,154.95872
118.99000000000001,154.89247
65.0,154.8892
138.0,154.90938
42.99,154.93008
80.0,154.94829
14.9,154.96004
29.989999999999995,154.9684
50.19,154.97299
27.9,154.97449
627.8,154.97504
80.0,154.95883
78.0,154.95592
46.0,154.95825
97.3,154.96251
107.80000000000001,154.9649
75.99000000000001,154.96576
112.00000000000001,154.96675
74.99,154.96654
39.99,154.96696
99.49,154.96841
78.0,154.96822
57.20000000000001,154.96806
18.9,154.96854
28.899999999999995,154.9701
139.99,154.97134
25.49,154.96915
59.989999999999995,154.96944
17.9,154.96957
349.9,154.97073
444.99999999999994,154.96297
109.9,154.95168
12.99,154.95125
116.5,154.95718
159.0,154.96094
198.98,154.96187
809.0,154.96057
99.9,154.9424
94.5,154.9425
133.0,154.94893
101.88,154.9547
110.0,154.95963
195.65,154.96281
159.49,154.96227
89.9,154.96158
76.47,154.96289
140.0,154.96484
63.99000000000001,154.96477
69.9,154.96605
79.99,154.96729
75.0,154.96786
149.9,154.9682
119.89999999999999,154.96634
50.0,154.965
248.99999999999997,154.96608
15.0,154.9623
41.0,154.96419
45.0,154.9668
120.0,154.96883
349.97,154.96814
195.9,154.96051
336.98,154.9567
180.0,154.9514
80.0,154.95119
13.0,154.9555
196.8,154.962
21.1,154.96263
124.9,154.96587
196.5,154.96635
79.98,154.96385
225.9,154.96411
156.9,154.96129
499.99,154.96
72.09,154.95032
195.9,154.95189
14.6,154.95354
139.9,154.95964
153.0,154.96231
189.0,154.96278
59.89999999999999,154.96143
28.899999999999995,154.9633
14.9,154.96658
95.0,154.96983
209.99999999999997,154.97005
35.98,154.96605
298.0,154.96637
19.9,154.96098
159.0,154.96254
34.99,154.9623
450.00000000000006,154.96484
49.0,154.95648
666.0,154.95746
24.99,154.9447
37.0,154.94798
100.0,154.95552
539.97,154.96082
39.8,154.95212
49.0,154.95454
15.9,154.95985
55.0,154.96559
59.989999999999995,154.96892
39.5,154.97041
74.0,154.97142
720.22,154.97104
119.89999999999999,154.95282
790.0,154.94957
89.99,154.93408
78.0,154.93747
29.989999999999995,154.94672
25.0,154.9568
86.99,154.96472
99.99,154.96823
399.0,154.96898
48.0,154.96053
209.9,154.96062
229.0,154.95917
2919.4,154.957
81.0,154.88167
41.8,154.87933
119.99,154.90312
110.0,154.92723
699.99,154.9456
19.9,154.94148
110.32,154.94936
64.8,154.95676
189.9,154.9632
104.99999999999999,154.96417
79.0,154.96526
839.99,154.9667
39.99,154.94724
78.0,154.94742
95.0,154.95311
129.0,154.95862
149.9,154.9617
180.0,154.96263
165.0,154.96178
101.75,154.96094
124.9,154.962
84.99,154.96278
217.0,154.96431
125.00000000000001,154.96213
250.00000000000003,154.96173
79.9,154.95866
24.99,154.96008
305.22,154.96411
555.0,154.9604
29.98,154.94832
109.0,154.95079
150.0,154.95538
199.97,154.95836
24.9,154.95871
49.9,154.96281
55.0,154.96645
15.9,154.96881
139.99,154.97118
34.0,154.96953
289.9,154.9698
84.9,154.96373
139.9,154.96262
150.88,154.96194
189.0,154.9613
349.97,154.95982
89.9,154.95412
24.99,154.95552
189.99,154.96072
120.0,154.9614
124.9,154.96227
258.0,154.96289
25.49,154.95966
89.9,154.96223
14.000000000000002,154.96436
124.9,154.9678
124.9,154.96779
799.0,154.96661
899.0000000000001,154.94713
30.0,154.92386
27.99,154.92902
99.9,154.94243
14.99,154.95316
64.14,154.96255
180.0,154.9678
50.0,154.96716
97.4,154.96819
249.99,154.96819
24.98,154.96365
21.5,154.96478
169.9,154.9676
100.0,154.9662
654.9,154.9656
259.9,154.95049
227.9,154.94508
187.9,154.94528
337.49,154.94838
199.9,154.94763
130.0,154.94958
196.8,154.95384
98.0,154.956
148.9,154.95955
39.0,154.96127
12.9,154.96487
59.89999999999999,154.96884
159.9,154.9706
100.59,154.96841
45.0,154.96704
149.65,154.96777
500.00000000000006,154.96616
130.0,154.9547
18.9,154.95293
23.9,154.95787
89.0,154.96364
64.99,154.96645
48.9,154.96817
149.7,154.96954
1899.0000000000002,154.9677
12.99,154.91772
74.9,154.91602
765.0,154.92932
166.0,154.92543
99.9,154.93314
44.99,154.94466
509.0,154.95596
70.0,154.95175
139.8,154.95528
125.19,154.9586
24.9,154.96129
179.9,154.96573
89.98,154.96533
394.65,154.96582
79.98,154.95819
49.99,154.9583
89.9,154.96175
78.0,154.9643
179.0,154.96619
257.9,154.96465
93.0,154.96022
149.0,154.96042
28.899999999999995,154.9606
175.99,154.96394
227.9,154.96353
19.9,154.96056
144.0,154.9631
43.99,154.96352
69.99,154.96576
599.99,154.96735
199.9,154.95398
59.89999999999999,154.9499
99.0,154.95383
34.9,154.95833
252.00000000000003,154.96358
26.4,154.9619
64.0,154.96442
77.98,154.96667
49.9,154.96786
95.2,154.96912
149.9,154.96881
199.0,154.96658
119.79999999999998,154.96294
217.89999999999998,154.9619
129.0,154.95935
84.9,154.95935
95.2,154.96143
209.99,154.96338
139.0,154.9617
66.99,154.96117
349.99,154.9631
217.66,154.95775
29.9,154.9549
28.69,154.95872
134.99,154.96382
44.9,154.96515
34.89,154.96729
147.8,154.96942
539.9,154.96793
98.0,154.95502
199.9,154.95355
64.14,154.95361
89.9,154.95778
49.99,154.96156
106.00000000000001,154.96533
34.99,154.96663
65.0,154.96866
109.13,154.96957
22.99,154.96867
47.0,154.9697
99.9,154.97041
1332.5,154.9694
229.9,154.93468
49.0,154.92764
48.9,154.93669
64.99,154.94875
110.0,154.9583
49.9,154.96336
299.99,154.96729
198.0,154.96306
1332.5,154.9599
515.0,154.92717
572.9,154.91527
134.9,154.91197
169.9,154.92424
89.99,154.93768
27.9,154.95023
55.0,154.96095
311.92,154.96754
45.0,154.96408
66.71,154.96526
164.8,154.96704
49.8,154.96582
17.99,154.96692
89.9,154.96931
599.9,154.96954
75.8,154.95517
424.50000000000006,154.9538
84.9,154.94775
34.99,154.95085
350.0,154.95761
110.0,154.95534
39.99,154.95714
138.9,154.96178
129.97,154.96346
169.99,154.96393
119.99,154.96281
318.99,154.96277
56.989999999999995,154.95773
102.0,154.95935
399.0,154.9616
11.55,154.95543
224.00000000000003,154.9585
129.0,154.95818
23.9,154.95934
76.0,154.96353
49.9,154.96626
149.9,154.96846
30.3,154.96721
551.5999999999999,154.96834
39.0,154.95589
598.0,154.95593
38.9,154.94511
199.9,154.94855
79.9,154.95158
53.00000000000001,154.95692
110.0,154.96242
359.0,154.96501
149.97,154.95924
249.9,154.95781
49.9,154.9555
96.0,154.95888
22.0,154.96202
123.99999999999999,154.96625
19.9,154.967
89.9,154.96915
79.99,154.96931
11.5,154.96902
12.25,154.97046
78.0,154.97205
189.9,154.97148
80.0,154.9673
249.9,154.96596
225.00000000000003,154.96133
114.90000000000002,154.95747
269.9,154.95787
12.9,154.95543
288.0,154.95964
91.98,154.9576
113.09000000000002,154.95927
110.32,154.96124
724.0,154.96288
59.989999999999995,154.94739
22.0,154.94817
29.989999999999995,154.95526
364.98,154.96236
49.9,154.9586
49.0,154.9607
72.9,154.96425
73.9,154.96669
64.99,154.96806
119.89999999999999,154.96895
202.0,154.96793
139.0,154.9643
16.99,154.96242
125.00000000000001,154.96489
839.94,154.96526
56.1,154.94548
125.89999999999999,154.94534
182.0,154.95
108.99,154.95352
185.9,154.95773
279.0,154.95906
47.9,154.9566
139.99,154.95973
140.0,154.96144
18.9,154.9622
98.0,154.9657
239.99,154.96706
179.9,154.96349
330.0,154.9608
349.97,154.95505
12.9,154.94923
110.0,154.954
139.9,154.95848
134.9,154.96088
119.99,154.96213
98.0,154.96307
157.0,154.96425
90.0,154.96361
94.4,154.9643
126.12,154.96512
171.8,154.9649
197.0,154.96317
66.99,154.96066
230.0,154.96205
799.0,154.96
88.0,154.94194
299.0,154.94249
28.89,154.94351
330.0,154.95168
28.899999999999995,154.95204
49.9,154.95787
189.99,154.96346
3779.9999999999995,154.96373
12.87,154.86371
99.99,154.85999
27.9,154.88693
59.89999999999999,154.91891
69.99,154.94356
58.99999999999999,154.95923
99.9,154.96819
118.50000000000001,154.97139
135.0,154.97124
75.0,154.96936
234.8,154.96889
94.0,154.96457
415.7,154.96378
42.99,154.95564
391.25,154.95717
170.8,154.95215
1499.65,154.95216
99.0,154.91786
34.75,154.9191
95.0,154.93376
75.61,154.94742
84.9,154.95776
58.0,154.96414
55.0,154.96823
4.9,154.97055
59.89999999999999,154.97293
227.9,154.97316
40.0,154.96799
107.90000000000002,154.96736
229.0,154.96655
122.99,154.96259
49.99,154.96143
141.09,154.96349
29.989999999999995,154.96364
27.9,154.9661
29.989999999999995,154.96873
48.9,154.97072
177.0,154.97144
115.0,154.96808
45.0,154.96588
66.99,154.96654
17.9,154.96738
209.99,154.96936
94.5,154.96603
58.669999999999995,154.96492
0.0,154.96582
133.98,154.96872
35.9,154.96794
152.0,154.96875
169.9,154.9668
29.9,154.9639
359.9,154.96524
104.99999999999999,154.95876
98.0,154.95822
49.99,154.96004
31.9,154.96346
157.0,154.96704
57.9,154.96637
104.99999999999999,154.96713
14.99,154.9669
89.99,154.96881
47.8,154.9689
586.0,154.96948
14.49,154.95554
89.0,154.9558
119.99,154.95879
50.0,154.96101
330.0,154.96436
54.9,154.95966
135.0,154.96092
35.99,154.96172
116.5,154.9648
215.0,154.96568
130.4,154.96294
124.9,154.96196
16.9,154.96199
59.97999999999999,154.96524
55.0,154.96756
199.9,154.96909
89.9,154.96603
47.99,154.9652
179.9,154.96645
25.49,154.96451
109.18,154.96616
14.9,154.96631
63.99000000000001,154.96848
71.71,154.96942
90.0,154.96948
122.99,154.96875
144.99,154.96704
24.99,154.96484
135.0,154.96631
19.98,154.96562
9.9,154.96751
77.1,154.97005
34.9,154.97032
110.0,154.9709
75.9,154.9694
84.9,154.96852
149.99,154.96782
90.0,154.96559
44.9,154.96506
19.49,154.96646
14.99,154.96883
167.5,154.97102
34.99,154.96848
24.99,154.9686
56.989999999999995,154.96983
122.99,154.97025
1299.65,154.96849
49.7,154.9346
186.0,154.93272
105.4,154.93845
49.9,154.94737
93.0,154.95662
69.9,154.96248
79.9,154.96632
364.98,154.96825
35.9,154.96129
60.0,154.96202
35.9,154.96445
89.99,154.96742
103.9,154.9683
120.0,154.96786
130.99,154.96664
49.9,154.96518
35.9,154.96616
219.0,154.9681
122.99,154.96489
46.2,154.96338
74.0,154.9649
83.9,154.96631
168.0,154.96701
21.6,154.96506
39.9,154.96664
59.8,154.96854
99.0,154.96948
1499.65,154.96881
179.0,154.92978
99.0,154.924
28.99,154.9331
939.9999999999999,154.94667
44.99,154.93364
58.0,154.93942
119.00000000000001,154.94977
40.0,154.95726
90.0,154.96397
145.9,154.96733
15.189999999999998,154.96713
154.89,154.96925
29.989999999999995,154.96777
25.0,154.96878
109.0,154.97041
186.0,154.96956
199.9,154.96596
119.50000000000001,154.96198
50.0,154.96107
149.9,154.9633
89.9,154.9633
8.99,154.96419
79.9,154.96733
110.0,154.9685
51.98,154.9679
199.99,154.9684
34.9,154.96515
329.9,154.96594
169.0,154.9599
119.99,154.9575
239.00000000000003,154.9583
49.9,154.95674
33.49,154.95993
24.99,154.96434
119.89999999999999,154.96825
79.0,154.9684
134.1,154.96837
69.99,154.96678
119.89999999999999,154.9668
24.99,154.96597
24.9,154.96762
258.0,154.96968
179.0,154.96503
57.9,154.96147
95.2,154.9625
42.0,154.96378
87.0,154.96623
119.99,154.96725
40.5,154.96663
66.99,154.96777
14.9,154.96849
66.99,154.97028
141.9,154.97052
94.9,154.96817
159.9,154.96681
64.99,154.9644
14.49,154.9648
99.0,154.96742
39.99,154.9678
99.98,154.96895
29.9,154.96843
119.00000000000001,154.96938
89.0,154.96817
438.0,154.96735
200.0,154.95746
49.9,154.95355
147.99,154.95674
169.99,154.95885
169.9,154.95946
49.9,154.95944
104.99999999999999,154.9625
136.0,154.9643
66.99,154.96437
126.62999999999998,154.9657
47.7,154.9655
149.99,154.96693
529.0,154.96579
271.2,154.95383
64.8,154.94832
27.9,154.95203
144.9,154.95883
39.9,154.96178
57.9,154.96548
186.0,154.96805
29.9,154.96608
119.00000000000001,154.96729
274.95,154.96686
44.0,154.96172
149.9,154.96257
69.0,154.96234
176.17,154.96399
291.8,154.96295
89.9,154.95816
12.88,154.95882
93.0,154.96323
32.99,154.96558
69.0,154.96823
39.99,154.96933
119.00000000000001,154.9704
599.99,154.96902
364.0,154.9542
173.0,154.9451
69.9,154.9455
135.0,154.95175
77.9,154.95662
102.8,154.9613
27.200000000000003,154.96411
15.0,154.96758
139.99,154.97069
39.5,154.96947
149.9,154.96979
73.0,154.96753
58.9,154.96704
299.9,154.96762
54.0,154.9619
299.98,154.96217
230.0,154.95778
219.0,154.95483
180.4,154.95349
199.99,154.9541
299.8,154.9547
79.9,154.95247
119.00000000000001,154.95584
88.9,154.95918
219.99000000000004,154.96245
79.9,154.9613
130.0,154.96275
109.0,154.96335
49.9,154.96404
1299.65,154.96616
33.99,154.93433
122.99,154.93378
104.9,154.9415
18.9,154.95041
299.8,154.95975
24.99,154.9593
29.9,154.9631
70.0,154.96722
55.0,154.96924
99.9,154.97037
152.0,154.96967
190.0,154.96707
37.0,154.96347
25.8,154.96457
99.8,154.96722
24.9,154.9677
117.4,154.96933
18.9,154.96844
66.99,154.96957
220.0,154.96979
89.98,154.9655
699.99,154.96432
139.98,154.94804
59.89999999999999,154.94608
119.50000000000001,154.95164
114.90000000000002,154.95668
53.00000000000001,154.96039
56.989999999999995,154.96439
329.94,154.96736
289.9,154.96184
134.9,154.956
120.0,154.95575
220.64,154.95782
453.96,154.9574
29.9,154.94998
170.0,154.95361
239.59999999999997,154.95624
49.9,154.95598
110.0,154.95993
150.0,154.96266
199.9,154.96318
122.99,154.96147
65.9,154.96152
134.9,154.96365
69.9,154.96408
122.99,154.96552
61.98,154.9655
99.2,154.96663
117.0,154.96681
89.9,154.96616
99.0,154.9661
186.0,154.966
159.0,154.96356
104.0,154.9617
129.9,154.962
59.8,154.96227
189.9,154.96432
39.0,154.96295
399.0,154.96487
78.0,154.95769
49.9,154.958
149.97,154.9615
199.9,154.96246
49.9,154.96097
35.8,154.96312
59.989999999999995,154.96631
50.9,154.96834
139.9,154.9697
139.8,154.96805
129.9,154.96582
149.9,154.96425
138.0,154.96274
79.9,154.96196
122.99,154.9632
110.0,154.96364
469.01000000000005,154.96404
104.99999999999999,154.95467
264.5,154.95428
36.0,154.95276
179.0,154.9574
450.00000000000006,154.95908
84.0,154.95203
399.9,154.95378
179.0,154.94955
249.49999999999997,154.95038
49.99,154.9508
94.0,154.95638
49.8,154.96104
7798.000000000001,154.96538
44.9,154.75253
330.0,154.74097
99.9,154.79054
49.9,154.85362
149.9,154.90659
55.0,154.9401
69.99,154.96112
539.89,154.97205
56.97999999999999,154.96385
195.0,154.96411
49.95,154.96315
70.9,154.96564
84.9,154.96786
149.9,154.96889
45.5,154.96736
95.0,154.96811
0.0,154.96805
54.9,154.97018
238.00000000000003,154.971
1330.0,154.96617
23.98,154.9311
99.0,154.9305
0.0,154.93964
129.0,154.95227
0.0,154.95938
28.000000000000004,154.96632
129.5,154.97069
204.0,154.97028
79.9,154.96634
173.35000000000002,154.96553
169.99,154.96344
32.9,154.9615
99.9,154.96378
67.99,154.96507
169.2,154.96655
140.0,154.96498
224.00000000000003,154.96358
89.0,154.96033
99.99,154.96094
569.9,154.96242
23.9,154.9511
135.0,154.9532
99.9,154.95631
120.0,154.95988
139.0,154.96214
14.49,154.96289
79.9,154.9663
85.9,154.96793
55.0,154.96835
40.95,154.96909
79.0,154.97006
58.99999999999999,154.96983
24.9,154.96976
31.9,154.97066
48.9,154.97145
838.1,154.97153
88.6,154.95
59.97,154.94713
12.9,154.95209
765.0,154.95963
189.9,154.94579
199.99,154.94402
479.0,154.94655
161.9,154.94234
78.0,154.94557
125.02,154.95277
129.0,154.95816
69.0,154.96143
139.99,154.96477
56.989999999999995,154.96532
39.99,154.96696
119.89999999999999,154.969
53.00000000000001,154.9684
259.9,154.96884
63.56,154.96393
180.0,154.96373
185.0,154.96205
121.90000000000002,154.96014
55.0,154.96036
79.9,154.96306
230.0,154.9652
17.8,154.96257
79.9,154.96475
179.99,154.96631
78.8,154.96454
59.89999999999999,154.96484
19.9,154.96626
117.8,154.96873
98.0,154.9683
49.9,154.96751
119.85,154.96811
87.5,154.96712
22.49,154.9667
5.99,154.96834
12.9,154.97069
40.0,154.97244
49.9,154.97282
180.4,154.97237
79.99,154.96822
175.99,154.9666
128.7,154.96368
15.0,154.96236
34.99,154.96498
49.0,154.96773
110.32,154.96942
47.9,154.96869
67.99,154.96902
8.7,154.96909
79.99,154.97061
122.99,154.97032
49.9,154.96832
57.98,154.96823
46.99,154.9686
20.0,154.9693
245.0,154.97066
139.99,154.96582
119.89999999999999,154.963
1005.5499999999998,154.96216
55.27000000000001,154.93823
149.9,154.93858
299.99,154.9445
129.0,154.9467
164.99,154.95175
27.9,154.95555
110.0,154.96164
59.8,154.96474
12.87,154.96735
110.32,154.97034
318.0,154.97
229.80000000000004,154.96301
59.989999999999995,154.95795
209.9,154.95941
60.0,154.95863
119.97999999999999,154.96132
89.8,154.96288
169.99,154.96446
44.9,154.96349
8.99,154.96527
99.06,154.96849
59.989999999999995,154.96889
199.99,154.9693
36.15,154.9658
119.89999999999999,154.96631
31.9,154.96576
398.0,154.96736
14.99,154.9594
199.9,154.96062
33.0,154.95967
14.49,154.9627
130.0,154.96681
92.0,154.9671
104.99999999999999,154.96707
558.9,154.96658
50.9,154.95381
390.0,154.95398
79.0,154.94931
199.0,154.95262
45.0,154.95456
219.90000000000003,154.95969
77.34,154.95988
59.89999999999999,154.96222
249.9,154.96513
67.99,154.96236
198.0,154.96327
150.0,154.96169
114.0,154.96094
22.99,154.96162
25.0,154.96506
16.9,154.96846
34.99,154.97115
139.9,154.97241
259.0,154.97002
19.8,154.96379
174.99,154.96434
112.99000000000001,154.96281
95.0,154.96266
150.0,154.9635
30.900000000000002,154.96298
55.0,154.96536
49.9,154.96745
41.1,154.96904
222.99999999999997,154.97028
102.9,154.96616
42.9,154.96457
189.0,154.96582
66.99,154.96379
29.989999999999995,154.96445
125.00000000000001,154.96686
364.0,154.96664
58.99,154.9592
103.9,154.95947
159.0,154.96109
29.9,154.96124
39.99,154.96436
3.99,154.96739
22.9,154.97058
42.4,154.97246
150.0,154.97289
60.0,154.96979
99.8,154.96872
109.9,154.96751
110.0,154.96631
149.9,154.9654
64.99,154.96373
82.0,154.96457
107.5,154.96558
49.9,154.96568
104.99999999999999,154.96704
220.98,154.96698
27.99,154.96332
26.9,154.96463
441.0,154.9673
209.99999999999997,154.95854
195.0,154.95448
95.6,154.95352
18.9,154.95651
129.9,154.96213
179.98,154.96422
96.0,154.96321
59.89999999999999,154.96373
84.0,154.96558
145.0,154.96672
59.89999999999999,154.96568
57.99,154.96645
849.0000000000001,154.96767
8.99,154.94733
27.9,154.94778
85.9,154.95464
88.99,154.96024
819.89,154.96391
265.0,154.94626
22.5,154.94112
149.65,154.9481
69.9,154.95387
29.49,154.9599
49.98,154.96553
79.9,154.96902
79.9,154.97006
48.9,154.96999
65.8,154.97032
52.9,154.97021
104.99999999999999,154.97029
59.89999999999999,154.96898
9.9,154.96872
91.8,154.97021
11.0,154.9697
29.9,154.9708
149.9,154.97163
103.5,154.96893
14.95,154.967
33.9,154.96819
185.0,154.96964
29.9,154.96669
139.9,154.96724
25.68,154.96587
88.9,154.96729
79.9,154.96756
249.8,154.96764
36.5,154.96306
155.96,154.96387
67.8,154.96307
19.95,154.96431
239.7,154.96721
379.8,154.964
79.9,154.9558
43.5,154.95619
49.9,154.96034
29.98,154.9645
27.9,154.96811
98.67,154.97069
69.0,154.97032
79.9,154.96985
59.989999999999995,154.96915
118.8,154.96907
92.0,154.96762
276.0,154.96678
134.99,154.96141
159.8,154.95973
43.0,154.95908
44.8,154.96208
95.9,154.96552
59.97999999999999,154.96681
29.989999999999995,154.96805
60.45000000000001,154.96974
122.99,154.97032
139.98,154.96867
45.0,154.96623
72.94,154.96672
39.99,154.9673
199.9,154.96863
105.99000000000001,154.96556
179.8,154.96436
176.6,154.9621
235.62,154.96017
95.0,154.95729
67.99,154.95863
64.8,154.9618
119.00000000000001,154.96484
25.04,154.9656
99.97,154.96796
64.99,154.96819
63.72,154.96858
84.9,154.96895
70.0,154.96861
39.99,154.96854
148.9,154.96933
260.0,154.96729
159.9,154.96182
139.98,154.95934
849.5000000000001,154.95905
17.5,154.94038
252.00000000000003,154.943
33.8,154.9458
99.8,154.9538
28.98,154.95975
220.64,154.9654
190.0,154.96432
199.98,154.9621
89.98,154.95976
369.99,154.96095
92.86,154.95543
86.0,154.95656
459.0,154.95982
12.3,154.95287
29.9,154.95636
110.0,154.962
140.0,154.9647
209.9,154.9649
218.98999999999998,154.96234
59.89999999999999,154.95926
89.9,154.96107
29.300000000000004,154.96324
29.9,154.96658
12.0,154.96942
39.9,154.9718
78.0,154.97266
44.9,154.97173
254.9,154.9713
13.989999999999998,154.96547
54.99,154.96582
419.99999999999994,154.96706
55.0,154.9584
36.75,154.95854
109.99,154.96213
669.0,154.96397
34.99,154.94966
78.0,154.95084
35.9,154.95578
39.9,154.96182
220.64,154.96657
70.23,154.96477
24.95,154.96533
250.00000000000003,154.96773
119.89999999999999,154.96404
56.89999999999999,154.96274
35.9,154.96428
6.9,154.96692
125.00000000000001,154.97
21.99,154.96922
225.65,154.97014
35.98,154.96588
53.00000000000001,154.9661
129.0,154.96729
1139.0,154.96645
55.0,154.93779
42.99,154.93669
78.0,154.94554
104.99999999999999,154.95439
103.12,154.9603
52.49999999999999,154.96378
179.89,154.96693
19.99,154.9657
129.0,154.9676
407.98,154.9671
109.0,154.95834
17.78,154.95715
178.0,154.96127
61.800000000000004,154.96175
12.99,154.964
339.98,154.9676
41.1,154.9619
59.89999999999999,154.96262
195.0,154.96478
44.0,154.96323
11.5,154.96487
1499.65,154.96805
349.9,154.93059
31.9,154.92053
44.99,154.93098
134.0,154.94519
52.9,154.9546
55.49999999999999,154.9622
24.99,154.96721
66.99,154.97086
79.98,154.97191
869.0,154.97139
114.90000000000002,154.9491
65.9,154.94568
119.79999999999998,154.95084
579.99,154.95598
59.989999999999995,154.94737
115.9,154.9505
765.0,154.9553
18.0,154.94185
64.9,154.94601
49.9,154.95377
141.4,154.96107
89.9,154.96387
670.0,154.9658
19.89,154.95126
60.0,154.95253
59.89999999999999,154.95769
12.88,154.96274
47.9,154.9677
267.89,154.97037
14.89,154.96565
29.9,154.96646
169.99,154.9685
149.9,154.96658
179.0,154.96439
30.900000000000002,154.96185
790.0,154.96387
74.9,154.94638
305.9,154.94624
92.0,154.94582
109.99,154.95114
89.99,154.95659
99.99,154.96121
169.9,154.96413
119.00000000000001,154.96382
35.9,154.96387
110.32,154.96623
258.0,154.96674
939.9999999999999,154.96246
219.99000000000004,154.93921
79.9,154.93521
65.9,154.94252
284.0,154.95207
403.1,154.95404
35.0,154.9498
6.9,154.95456
187.0,154.96185
3198.0,154.96323
378.0,154.87988
83.98,154.86748
110.32,154.88997
24.9,154.91747
29.9,154.94191
49.9,154.95897
169.9,154.96864
110.0,154.97006
65.5,154.96983
109.99,154.97018
115.99,154.96928
58.5,154.96791
82.99,154.96819
122.99,154.9682
78.65,154.967
127.45,154.96686
42.99,154.96577
47.9,154.96692
299.0,154.96837
58.0,154.96275
135.64,154.96275
149.9,154.96254
69.9,154.96191
140.9,154.9635
164.8,154.9635
104.99999999999999,154.96233
69.9,154.96269
169.99,154.96443
39.5,154.96349
29.9,154.9654
46.0,154.96802
199.99,154.96976
32.0,154.96658
119.89999999999999,154.96712
34.9,154.96637
198.0,154.96768
364.0,154.9649
69.0,154.95703
49.9,154.95746
99.9,154.9611
189.9,154.96352
111.99000000000001,154.96248
99.99,154.96268
49.7,154.9636
34.0,154.96584
62.19,154.96837
89.9,154.96956
79.99,154.96922
99.0,154.96873
110.0,154.96779
1234.0,154.96663
122.0,154.93524
104.99999999999999,154.9321
26.9,154.93979
47.9,154.95116
179.0,154.96031
269.0,154.96284
174.99,154.96013
104.9,154.95891
34.99,154.96036
99.9,154.96419
69.0,154.96602
119.89999999999999,154.9675
60.9,154.9671
260.0,154.96773
46.0,154.96315
137.9,154.96376
180.0,154.96347
102.9,154.9618
135.0,154.96219
149.97,154.96231
165.9,154.96191
309.9,154.96101
399.0,154.9563
134.9,154.94916
54.99,154.95021
109.99,154.95592
44.49,154.96022
358.0,154.9647
34.95,154.95966
132.4,154.96143
178.9,154.96242
340.99,154.96158
51.99,154.956
52.9,154.95804
498.99999999999994,154.9621
969.95,154.95372
219.0,154.93059
69.0,154.92897
94.9,154.93909
122.99,154.9498
248.99999999999997,154.95718
264.8,154.95818
89.99,154.95639
47.9,154.95883
75.0,154.96315
193.8,154.96619
15.0,154.96477
294.8,154.967
61.0,154.9623
34.99,154.96275
129.0,154.96552
69.0,154.96576
969.99,154.9667
130.0,154.94325
29.989999999999995,154.94052
49.0,154.94818
18.9,154.95677
159.9,154.96428
12.49,154.96571
149.9,154.96872
660.0,154.96777
179.0,154.9519
94.9,154.94818
138.0,154.95177
59.989999999999995,154.95567
89.9,154.96078
359.9,154.96419
74.99,154.95885
569.4499999999999,154.95969
125.00000000000001,154.949
25.99,154.94923
29.9,154.95578
46.98,154.96259
90.0,154.96725
89.9,154.96883
35.9,154.96895
78.9,154.96999
219.0,154.96985
24.99,154.96555
13.62,154.96617
98.9,154.96858
69.0,154.96863
199.9,154.96867
99.0,154.96518
94.99,154.96411
359.0,154.96426
128.2,154.95767
115.9,154.95676
134.9,154.95836
94.9,154.95988
100.23,154.96207
49.8,154.96379
285.0,154.96628
27.9,154.96204
68.0,154.96356
52.2,154.96555
162.52,154.96758
40.0,154.9661
94.9,154.96713
34.99,154.96725
9.0,154.96863
329.0,154.97076
123.8,154.96394
330.32,154.96143
55.99,154.95547
119.89999999999999,154.9573
67.8,154.95958
39.0,154.9628
79.9,154.96631
129.9,154.96791
11.89,154.96712
24.99,154.96889
110.32,154.97069
114.90000000000002,154.96971
364.0,154.96791
36.0,154.95956
25.8,154.96007
357.0,154.96367
99.4,154.95844
330.0,154.95857
28.99,154.95432
59.89999999999999,154.9578
399.0,154.96217
130.0,154.95654
110.32,154.95634
29.989999999999995,154.95854
141.4,154.96315
299.0,154.96434
29.0,154.95982
13.989999999999998,154.96185
15.499999999999998,154.96596
79.9,154.96962
67.99,154.97041
388.9,154.97034
78.0,154.96135
50.0,154.96005
78.8,154.96246
84.9,154.96466
88.9,154.96606
14.49,154.96672
14.49,154.969
89.99,154.97118
125.00000000000001,154.97075
399.0,154.96857
189.0,154.95898
19.65,154.9551
169.8,154.9587
91.8,154.95982
118.50000000000001,154.96194
169.0,154.96317
59.3,154.9624
138.0,154.96416
59.989999999999995,154.96419
110.98999999999998,154.96571
77.0,154.96596
153.0,154.96663
1168.0,154.9652
239.4,154.93594
179.99,154.93022
69.8,154.93555
25.0,154.94614
59.989999999999995,154.95699
96.8,154.96422
115.99,154.9674
119.89999999999999,154.96786
118.50000000000001,154.96716
15.0,154.96623
45.9,154.96822
89.99,154.96976
16.99,154.96953
99.9,154.9707
499.9,154.96979
209.9,154.9576
174.99,154.95262
94.99,154.95235
58.9,154.95586
158.0,154.96074
29.49,154.96216
79.0,154.96553
144.9,154.96736
110.0,154.96642
178.9,154.9657
49.0,154.96338
592.0,154.96463
121.84999999999998,154.95206
164.9,154.95084
79.9,154.95264
143.99,154.95724
39.9,154.9599
161.14,154.96402
99.0,154.96432
47.7,154.96492
109.99,154.96686
419.99999999999994,154.96701
110.32,154.95816
122.3,154.95692
54.9,154.95827
203.0,154.96191
35.0,154.9614
15.0,154.96414
790.0,154.96783
64.99,154.94994
199.9,154.94907
25.0,154.95055
209.9,154.9571
154.0,154.9587
195.0,154.95973
110.32,154.95923
76.9,154.96063
61.25999999999999,154.9632
287.0,154.96588
64.0,154.9618
159.9,154.96252
197.0,154.96208
45.9,154.96033
49.9,154.96266
104.99999999999999,154.96565
29.9,154.96658
70.0,154.96858
30.0,154.96935
99.8,154.97055
66.96000000000001,154.9697
34.9,154.96922
79.0,154.96985
760.0,154.9695
84.9,154.95049
85.0,154.94844
78.65,154.95268
45.0,154.95805
39.0,154.96336
196.0,154.96745
36.9,154.96588
439.65000000000003,154.96707
106.00000000000001,154.95804
57.79999999999999,154.95691
55.99,154.96004
79.0,154.96379
249.49,154.96616
99.9,154.96284
179.0,154.96254
39.9,154.9612
32.0,154.9636
99.99,154.96681
26.18,154.96762
68.34,154.9694
169.99,154.96991
149.9,154.96709
240.0,154.96442
300.0,154.96007
27.9,154.95465
45.0,154.95766
199.0,154.96225
204.9,154.96204
153.8,154.96011
451.8,154.95955
299.99,154.95154
75.0,154.94724
74.99,154.9514
180.0,154.95734
139.9,154.95947
196.0,154.9609
149.9,154.96022
72.9,154.96024
64.9,154.96255
99.9,154.96524
54.0,154.96637
55.23,154.96791
24.9,154.96912
128.01,154.9707
99.0,154.9692
110.32,154.96779
219.89,154.96648
119.50000000000001,154.96257
209.99,154.9615
75.0,154.95924
50.0,154.96082
45.0,154.96396
19.6,154.96693
439.65000000000003,154.96979
139.99,154.96053
49.0,154.9577
124.9,154.96025
269.0,154.96188
25.0,154.95888
25.0,154.9617
519.9,154.96577
419.99999999999994,154.95584
110.0,154.9465
49.9,154.94823
149.97,154.95482
125.99,154.95863
90.0,154.9612
67.8,154.96365
207.0,154.96605
72.94,154.96402
9.9,154.96463
99.0,154.96764
44.0,154.96825
240.0,154.96931
75.0,154.96498
29.989999999999995,154.9644
42.2,154.96643
65.0,154.96846
168.48,154.96933
38.99,154.9668
349.97,154.96727
29.989999999999995,154.96024
1325.46,154.96115
129.0,154.92943
14.99,154.92754
99.9,154.9393
154.99,154.95026
140.0,154.95667
119.89999999999999,154.96037
1099.0,154.96277
32.0,154.9376
167.0,154.93864
149.65,154.9446
65.0,154.95102
21.9,154.95822
250.00000000000003,154.965
37.9,154.9637
149.9,154.96573
83.8,154.9653
119.89999999999999,154.96588
214.0,154.96562
1312.0,154.96259
919.9000000000001,154.92961
660.0,154.90591
85.0,154.89867
101.75,154.91444
216.0,154.93344
8.7,154.94557
43.0,154.95795
16.49,154.9663
57.9,154.97177
394.65,154.97368
26.9,154.9647
90.0,154.96422
309.9,154.96495
28.899999999999995,154.95987
799.0,154.9617
23.9,154.94456
39.0,154.94646
199.9,154.9539
109.99,154.9569
144.0,154.96007
119.85,154.96158
144.0,154.96281
159.9,154.96295
129.0,154.96225
70.0,154.96227
134.99,154.96408
849.0000000000001,154.96425
149.97,154.9445
79.9,154.94218
24.7,154.94823
122.99,154.95695
209.99,154.96169
30.900000000000002,154.96153
109.9,154.96463
129.9,154.96587
38.9,154.96558
138.0,154.96729
34.9,154.9665
65.0,154.96783
130.0,154.96872
558.99,154.96742
29.989999999999995,154.95415
50.0,154.9546
35.0,154.95903
152.9,154.964
52.82,154.9647
56.00000000000001,154.9665
114.90000000000002,154.96815
41.99,154.9677
279.70000000000005,154.96861
152.9,154.96332
29.8,154.96074
67.49,154.96306
119.89999999999999,154.9654
39.9,154.9657
99.99,154.96742
29.0,154.96754
149.9,154.96901
28.000000000000004,154.96729
239.00000000000003,154.96819
29.989999999999995,154.96408
69.99,154.96497
29.989999999999995,154.96623
63.900000000000006,154.96835
113.29999999999998,154.9693
889.9999999999999,154.96828
750.0,154.94586
830.0,154.92593
250.00000000000003,154.90996
230.0,154.91527
154.0,154.92694
27.9,154.93983
122.99,154.9533
29.989999999999995,154.96094
43.0,154.96715
78.0,154.97089
159.0,154.97179
55.0,154.96922
199.9,154.96889
29.9,154.9654
49.9,154.96628
399.8,154.96783
148.9,154.95972
49.9,154.95724
85.71,154.95999
29.949999999999996,154.9628
187.0,154.9664
54.99,154.96512
43.0,154.96608
94.0,154.96786
14.49,154.9681
18.9,154.96985
68.65,154.97153
78.8,154.97137
49.9,154.97037
32.9,154.97011
139.0,154.9706
13.989999999999998,154.96834
53.8,154.96912
48.0,154.96964
67.99,154.97006
118.50000000000001,154.96985
151.0,154.96808
119.97999999999999,154.9654
20.0,154.96394
19.86,154.96599
175.99,154.96867
569.0,154.96667
297.0,154.95303
2299.99,154.94643
35.0,154.88933
46.84,154.89218
129.0,154.91408
94.9,154.93442
49.98,154.95
64.9,154.96126
185.0,154.96777
9.9,154.96773
330.0,154.97012
78.0,154.96399
79.99,154.96326
99.0,154.96442
452.00000000000006,154.96533
158.0,154.95633
449.9,154.95428
119.99,154.94724
44.9,154.94925
58.0,154.95584
18.9,154.96188
472.99999999999994,154.96722
89.9,154.95872
46.2,154.95811
98.0,154.9615
426.48999999999995,154.96391
104.9,154.95648
49.9,154.95636
39.9,154.96024
159.9,154.96468
248.99999999999997,154.9649
35.9,154.96126
25.0,154.96301
27.99,154.9664
204.9,154.96935
104.99999999999999,154.96658
112.83000000000001,154.96533
309.99,154.96468
19.65,154.95906
225.9,154.96107
97.9,154.95958
58.99999999999999,154.96072
79.0,154.96355
213.00000000000003,154.96565
19.9,154.96336
153.9,154.9654
163.09,154.96475
14.6,154.9631
251.79999999999998,154.96555
89.69999999999999,154.96234
249.8,154.96242
159.8,154.95929
39.9,154.95833
99.99,154.96156
665.0,154.96379
119.89999999999999,154.9498
119.00000000000001,154.9488
299.99,154.95248
110.0,154.95187
122.99,154.95514
99.9,154.95854
55.0,154.96172
14.9,154.96521
47.9,154.96896
94.9,154.97092
451.00000000000006,154.97044
65.0,154.95966
79.9,154.9586
37.400000000000006,154.9607
134.97,154.9644
199.0,154.96504
64.99,154.96278
58.0,154.96376
129.0,154.96576
39.99,154.96567
397.0,154.96727
89.99,154.9594
78.0,154.9587
99.9,154.9609
33.8,154.9629
42.99,154.96611
179.9,154.96864
148.99,154.9666
19.86,154.96437
94.0,154.96616
48.9,154.9668
99.99,154.9681
77.0,154.96788
38.9,154.96783
64.99,154.96889
25.9,154.9693
160.0,154.97044
299.8,154.96791
1995.6,154.96103
149.9,154.90834
69.99,154.90446
144.0,154.92015
733.0,154.93628
79.0,154.93256
54.9,154.94098
84.9,154.95204
299.9,154.96027
260.0,154.95956
219.90000000000003,154.9571
42.1,154.95572
18.99,154.9598
27.99,154.9652
104.99999999999999,154.9693
265.0,154.9698
39.9,154.96461
62.7,154.9649
99.99,154.9663
74.59,154.96664
8.9,154.96721
109.9,154.96948
110.0,154.96898
132.0,154.96765
12.84,154.96582
160.0,154.96748
299.8,154.96591
503.3399999999999,154.95988
149.9,154.94847
148.0,154.94778
89.9,154.95097
169.89,154.9562
102.62,154.95863
45.0,154.96136
72.9,154.96503
24.99,154.96732
122.3,154.96979
179.0,154.96907
99.8,154.96588
619.0,154.96481
42.99,154.9507
349.5,154.95143
79.9,154.94875
29.0,154.95285
29.9,154.95958
149.9,154.96544
26.9,154.96625
22.49,154.96848
193.6,154.97072
25.0,154.96771
110.0,154.96825
22.9,154.96753
52.57999999999999,154.96887
39.99,154.96974
51.84,154.97055
54.99,154.97081
180.0,154.97069
26.1,154.96713
149.97,154.96747
49.0,154.96568
49.8,154.96637
47.9,154.9677
22.49,154.96895
159.8,154.97054
88.0,154.96812
258.0,154.96693
141.98,154.96188
108.90000000000002,154.95999
125.89999999999999,154.96057
80.0,154.96136
100.0,154.96327
47.8,154.96454
49.0,154.96667
139.0,154.96854
119.89999999999999,154.96738
209.99,154.96602
59.89999999999999,154.96251
329.9,154.96324
79.9,154.95792
37.8,154.9587
110.0,154.96248
364.0,154.96432
18.5,154.95822
29.1,154.96036
115.8,154.96445
125.85,154.96576
12.0,154.96553
53.00000000000001,154.96791
89.9,154.96944
59.989999999999995,154.96925
54.9,154.96935
57.0,154.96962
49.99,154.9698
39.0,154.9701
178.99,154.97063
1199.0,154.9673
117.99999999999999,154.93593
79.9,154.93271
46.9,154.94084
129.99,154.95152
89.19,154.9581
99.99,154.96277
111.9,154.96533
849.0000000000001,154.96617
94.9,154.9463
449.00000000000006,154.94504
76.0,154.9408
44.5,154.94669
180.0,154.95534
195.0,154.959
43.0,154.95967
42.0,154.96326
102.9,154.9669
89.99,154.96793
39.9,154.96811
114.90000000000002,154.96928
13.649999999999999,154.96841
138.8,154.96979
545.0,154.96814
79.8,154.95493
73.8,154.95384
110.32,154.9573
66.0,154.96037
56.1,154.96373
112.00000000000001,154.96658
35.0,154.96706
27.9,154.96867
375.34,154.97041
150.0,154.96236
39.0,154.9592
460.0,154.96149
29.0,154.95364
289.98,154.95607
12.88,154.95433
77.0,154.95912
579.99,154.96315
119.79999999999998,154.9523
158.61,154.95174
85.9,154.95377
110.0,154.95808
119.00000000000001,154.96138
209.99,154.96324
35.99,154.9617
26.990000000000002,154.96408
53.00000000000001,154.9674
23.99,154.96944
129.0,154.97125
129.0,154.96967
29.989999999999995,154.96735
129.99,154.968
49.9,154.9668
399.8,154.9674
120.0,154.95903
134.9,154.95738
94.0,154.95804
35.0,154.9604
150.0,154.96434
599.99,154.96469
25.0,154.9516
179.99,154.95299
32.9,154.95471
47.400000000000006,154.96004
10.18,154.96481
149.9,154.96916
104.99999999999999,154.96848
49.9,154.96748
102.9,154.9681
104.99999999999999,154.96764
112.99000000000001,154.96686
108.0,154.96593
19.0,154.96533
349.9,154.96736
119.89999999999999,154.96086
19.9,154.95937
27.99,154.96268
19.65,154.9665
104.99999999999999,154.96971
66.99,154.96962
319.0,154.96944
103.9,154.9625
84.99,154.96088
67.99,154.96199
66.99,154.96416
69.9,154.96616
499.9,154.9675
84.89,154.9567
84.99,154.95584
229.98,154.95857
242.01000000000002,154.95787
104.0,154.95587
109.99,154.95773
272.0,154.96027
199.9,154.958
149.9,154.95665
27.9,154.95734
70.0,154.96182
110.0,154.96526
32.9,154.96637
15.9,154.96846
321.9,154.9708
6.800000000000001,154.96431
141.9,154.96504
95.0,154.96436
127.0,154.9646
121.90000000000002,154.96423
849.0000000000001,154.96388
56.89999999999999,154.944
129.99,154.9442
254.97,154.94916
66.99,154.95103
849.0000000000001,154.9565
129.99,154.94067
23.9,154.9413
144.0,154.95023
76.0,154.95633
120.0,154.96172
89.9,154.9643
19.95,154.96606
479.0,154.96895
597.8,154.95903
180.0,154.94414
69.9,154.94278
29.49,154.94928
17.0,154.95778
76.9,154.96509
117.99999999999999,154.9685
160.0,154.96861
49.99,154.96645
220.64,154.967
47.99,154.96367
12.5,154.96455
139.77,154.96753
89.9,154.967
50.0,154.96674
220.70000000000002,154.96773
299.8,154.96426
29.49,154.95807
69.0,154.95987
119.85,154.96283
128.9,154.96404
25.9,154.9641
39.0,154.96655
113.88999999999999,154.96881
209.99999999999997,154.9684
179.0,154.9646
34.9,154.96147
35.9,154.96329
49.0,154.96623
29.989999999999995,154.96844
185.81,154.97034
43.98,154.96742
29.9,154.96748
154.9,154.9689
99.06,154.96701
67.99,154.966
79.98,154.9664
185.0,154.96684
286.9,154.96434
55.0,154.95877
249.9,154.9599
29.989999999999995,154.95773
397.0,154.96095
120.0,154.95529
29.9,154.9556
27.9,154.96031
29.0,154.96532
316.05,154.96907
33.0,154.96371
21.99,154.9643
61.99999999999999,154.96704
55.98,154.96867
25.99,154.96964
1889.9999999999998,154.97092
149.98,154.92137
114.0,154.9151
1699.9900000000002,154.92603
219.89,154.89671
26.4,154.90201
879.77,154.92294
159.98,154.92061
119.89999999999999,154.93065
89.9,154.94345
21.99,154.9546
45.0,154.96408
92.0,154.96985
69.0,154.9715
349.9,154.97185
21.9,154.96399
299.99,154.96414
104.99999999999999,154.95941
49.9,154.95943
39.3,154.96252
199.9,154.9661
29.0,154.96455
120.0,154.96631
38.99,154.96625
64.0,154.96776
179.98,154.96872
419.99999999999994,154.9661
13.989999999999998,154.95648
199.8,154.95798
197.5,154.95781
770.0,154.95718
85.9,154.94113
17.45,154.94263
27.9,154.95154
88.9,154.9603
209.99999999999997,154.9651
28.799999999999997,154.9641
229.99,154.9663
189.0,154.96355
97.65,154.96092
12.0,154.96147
117.99999999999999,154.96521
616.0,154.96617
54.99,154.9525
28.899999999999995,154.95264
35.9,154.9581
77.0,154.96371
184.0,154.9668
42.6,154.96536
110.32,154.9666
160.44,154.96658
46.99,154.96477
39.9,154.96585
46.0,154.96782
378.0,154.96938
79.9,154.96143
19.9,154.9604
239.7,154.96361
119.85,154.96144
122.99,154.96129
69.9,154.96178
135.0,154.96379
75.0,154.96407
169.8,154.96526
109.9,154.96393
59.989999999999995,154.96371
144.9,154.96526
91.8,154.9647
49.98,154.965
97.9,154.96664
55.9,154.96701
49.9,154.96797
179.9,154.96904
58.0,154.96635
49.99,154.96637
122.99,154.96753
29.9,154.96678
29.45,154.96808
42.0,154.96974
134.0,154.97076
58.0,154.9688
31.86,154.9684
169.9,154.96933
98.9,154.96672
394.65,154.96553
70.0,154.95717
265.0,154.95732
241.2,154.9551
98.9,154.95328
69.9,154.95598
289.99,154.96028
46.0,154.95808
289.9,154.96089
809.0,154.95808
63.900000000000006,154.94008
95.0,154.94186
23.09,154.94902
260.0,154.95801
27.9,154.95892
273.9,154.96315
2920.0,154.9608
108.90000000000002,154.8845
24.5,154.88046
48.0,154.9039
39.99,154.92969
97.5,154.94986
829.5,154.9615
180.0,154.94753
29.49,154.94615
145.0,154.95337
34.0,154.95834
118.9,154.96416
492.0,154.9664
109.99,154.95673
143.8,154.95586
99.9,154.9572
79.9,154.96007
79.9,154.96321
2139.99,154.9656
9.5,154.9111
249.99,154.90984
14.449999999999998,154.9203
184.1,154.93823
10.9,154.94951
99.06,154.96036
179.9,154.96593
329.99,154.96606
60.0,154.96024
299.0,154.96115
72.99,154.95757
35.0,154.95941
1009.8999999999999,154.96362
189.0,154.9411
1099.0,154.93774
730.0,154.9171
59.89999999999999,154.90605
102.0,154.9194
159.8,154.93633
98.99,154.94855
69.9,154.9577
109.0,154.96426
124.9,154.96715
75.0,154.96756
19.0,154.96826
44.9,154.97032
279.9,154.9715
29.0,154.96567
110.0,154.96571
219.98,154.96552
855.0,154.96227
29.9,154.94167
78.0,154.94296
609.0,154.95003
89.99,154.94281
240.0,154.94678
57.88999999999999,154.94951
49.9,154.95601
109.99,154.96233
54.9,154.96532
57.9,154.96786
129.0,154.96951
78.0,154.96844
15.9,154.96808
65.0,154.96968
39.0,154.97015
329.0,154.9708
41.89,154.96349
138.0,154.96313
179.9,154.96263
38.0,154.96107
182.6,154.96338
100.0,154.96252
39.3,154.96306
538.0,154.96556
149.9,154.95464
129.0,154.95253
110.0,154.95456
55.0,154.95793
239.00000000000003,154.96237
299.0,154.96107
24.9,154.95659
123.9,154.95961
180.0,154.9617
57.0,154.96136
118.9,154.96365
1899.0000000000002,154.96455
27.9,154.91635
49.99,154.91527
39.99,154.9297
17.99,154.94576
10.0,154.95885
149.9,154.96782
35.0,154.96933
118.9,154.97102
21.5,154.97
49.9,154.97087
59.89,154.97131
49.9,154.97115
53.84,154.97104
23.6,154.97084
694.15,154.97145
35.0,154.95404
29.989999999999995,154.95294
109.99,154.95778
99.9,154.96115
1999.0000000000002,154.96346
45.95,154.91324
21.89,154.91179
199.9,154.92778
79.0,154.94055
478.00000000000006,154.95227
179.0,154.94994
169.9,154.9516
52.0,154.95445
144.0,154.96007
198.0,154.96262
109.99,154.96198
18.9,154.96274
390.0,154.9662
45.08,154.95961
19.9,154.9606
13.689999999999998,154.96457
11.0,154.96861
130.0,154.97166
158.0,154.97038
28.99,154.9672
220.64,154.96767
29.989999999999995,154.96405
59.89999999999999,154.96512
199.0,154.96667
103.0,154.96422
653.4000000000001,154.96367
55.0,154.94905
70.9,154.94972
57.98,154.95494
1099.0,154.96066
49.9,154.93694
129.99,154.938
120.0,154.94502
109.99,154.95242
144.0,154.95833
249.49,154.96132
22.5,154.95972
24.9,154.96309
40.5,154.96716
179.0,154.96992
31.8,154.96777
129.0,154.96844
149.9,154.96725
89.9,154.96512
91.99,154.96484
28.000000000000004,154.9652
28.99,154.96736
49.99,154.96954
127.45,154.9706
118.9,154.96889
35.9,154.96693
89.99,154.96764
24.99,154.96758
124.9,154.96902
58.99999999999999,154.9679
319.0,154.96797
200.0,154.96144
199.9,154.9576
73.8,154.95572
130.0,154.95836
249.99,154.96036
189.0,154.95839
60.9,154.95729
70.0,154.96024
124.9,154.96356
99.18,154.96463
199.9,154.96538
103.9,154.96309
89.9,154.96297
492.0,154.96397
399.79,154.95422
590.0,154.9459
339.44,154.93513
114.0,154.93317
122.9,154.94081
42.0,154.94946
24.0,154.95844
220.64,154.96568
39.0,154.9652
50.0,154.96709
13.49,154.96895
799.9,154.97125
149.9,154.9518
239.79999999999998,154.94765
72.9,154.94734
320.0,154.95285
175.99,154.95222
59.8,154.95363
122.0,154.95851
196.0,154.96164
159.9,154.96135
17.49,154.96094
36.49,154.96445
224.00000000000003,154.9678
1618.0,154.96515
120.0,154.92331
194.0,154.92001
12.0,154.92854
86.69999999999999,154.94366
74.9,154.95511
247.90000000000003,154.96272
129.0,154.96246
89.99,154.96281
750.0,154.9643
190.0,154.94788
23.89,154.94484
37.9,154.95155
75.9,154.95937
116.49,154.96448
48.9,154.96625
549.0,154.96826
40.99,154.95633
69.0,154.9565
59.89999999999999,154.95993
179.0,154.96376
26.9,154.9635
32.9,154.96603
28.899999999999995,154.96869
99.0,154.97076
92.0,154.9702
159.0,154.96907
197.9,154.96622
99.9,154.96246
12.25,154.962
74.69999999999999,154.96515
2090.0,154.967
129.0,154.91315
130.0,154.9082
149.9,154.92097
54.99,154.93578
125.00000000000001,154.95004
89.99,154.95865
110.32,154.96411
84.9,154.96655
99.0,154.96797
34.0,154.9682
798.9,154.96967
103.0,154.95042
239.79999999999998,154.94803
117.99999999999999,154.94823
104.99999999999999,154.95247
14.95,154.95735
87.99,154.96361
49.99,154.96674
238.00000000000003,154.96902
60.0,154.96536
209.99,154.9654
189.0,154.96263
1599.0,154.96016
69.9,154.92015
144.89,154.9196
53.00000000000001,154.93047
36.8,154.94476
82.5,154.95699
89.9,154.96419
259.0,154.96765
60.9,154.96439
209.99,154.965
79.0,154.96268
84.9,154.96344
117.4,154.96484
29.989999999999995,154.96516
89.98,154.96736
45.5,154.968
299.99,154.96912
148.9,154.96323
14.000000000000002,154.96059
78.0,154.96336
129.9,154.96548
59.989999999999995,154.96544
32.99,154.96657
80.9,154.96852
29.1,154.96895
195.65,154.97014
279.9,154.96678
40.0,154.96048
34.99,154.9613
109.8,154.96446
209.99999999999997,154.96553
44.0,154.96295
21.42,154.9643
111.9,154.96724
238.4,154.96748
36.0,154.96338
59.89999999999999,154.96431
95.0,154.96608
34.08,154.96667
143.0,154.96838
1668.0,154.96707
38.9,154.9237
339.99,154.92189
179.98,154.9264
49.9,154.93614
22.99,154.9487
198.89,154.95975
79.9,154.96274
39.99,154.96542
217.80000000000004,154.9684
29.989999999999995,154.9658
32.0,154.96701
330.0,154.96909
25.0,154.96281
99.0,154.96355
479.0400000000001,154.96445
89.8,154.95488
58.99999999999999,154.9548
79.99,154.95879
35.98,154.96251
312.89,154.96637
349.65,154.96182
209.99999999999997,154.95465
99.5,154.95226
189.0,154.95508
728.0,154.95648
139.99,154.94249
79.9,154.94295
39.9,154.94978
175.99,154.95804
59.989999999999995,154.96098
52.9,154.9645
50.35,154.96748
29.989999999999995,154.96957
27.9,154.97128
27.5,154.97246
27.99,154.9731
34.9,154.97334
188.9,154.97314
149.0,154.96869
105.4,154.96501
405.0,154.96373
69.0,154.9555
29.9,154.95616
99.9,154.96072
68.0,154.96353
69.99,154.96588
139.4,154.96747
35.9,154.9665
222.3,154.96771
175.0,154.96432
169.0,154.96152
191.0,154.95982
67.99,154.95833
295.0,154.96063
36.49,154.95749
158.0,154.96031
39.99,154.96118
139.99,154.96431
58.99,154.96472
40.0,154.96628
110.32,154.96832
34.89,154.9681
220.0,154.96916
37.0,154.9654
25.99,154.96588
99.0,154.96799
139.9,154.9681
557.0,154.96637
39.99,154.95326
29.0,154.95369
95.0,154.95892
44.0,154.96255
354.9,154.96613
34.9,154.96039
78.0,154.96167
69.9,154.9638
74.99,154.96588
78.0,154.96725
85.9,154.96793
259.0,154.96797
249.9,154.96313
89.99,154.95813
50.99,154.95871
69.99,154.96205
214.08,154.96495
23.99,154.96304
269.0,154.9652
71.8,154.96152
144.0,154.96217
113.88999999999999,154.96217
1850.0,154.96274
125.00000000000001,154.91621
79.9,154.91306
244.98999999999998,154.92653
35.9,154.93758
142.8,154.95064
76.0,154.95822
104.9,154.96379
89.99,154.96649
24.9,154.96783
638.0,154.97008
199.9,154.95541
155.98,154.95067
247.99999999999997,154.95168
135.9,154.95181
173.94,154.95465
41.8,154.95665
14.9,154.96143
39.97,154.9666
19.99,154.96988
42.99,154.97217
85.0,154.9729
109.78999999999999,154.97173
68.9,154.96951
27.9,154.9686
138.0,154.96944
129.0,154.96765
189.9,154.96568
149.9,154.96254
30.900000000000002,154.96089
14.99,154.9634
39.99,154.96709
56.00000000000001,154.96954
89.97,154.9705
69.99,154.96982
29.9,154.9693
24.9,154.97002
389.99,154.9711
364.0,154.96216
78.0,154.95288
71.9,154.95367
29.49,154.95781
79.99,154.96313
49.99,154.96614
50.0,154.96841
189.0,154.96986
109.88,154.9669
142.99,154.96535
89.99,154.96378
150.0,154.964
134.0,154.96317
196.8,154.96262
56.00000000000001,154.96062
169.0,154.96246
468.0,154.96208
44.5,154.95299
93.0,154.95479
240.0,154.9585
29.9,154.95792
150.9,154.96172
49.9,154.96277
108.34,154.96533
338.0,154.96616
850.0000000000001,154.95998
19.99,154.93921
89.99,154.94144
35.0,154.94893
39.0,154.95769
108.90000000000002,154.96451
27.93,154.96707
199.9,154.9697
137.0,154.96701
32.98,154.9649
84.9,154.96631
179.8,154.96709
12.0,154.96486
499.9,154.96672
48.9,154.95628
39.0,154.95662
80.0,154.96078
79.8,154.964
28.899999999999995,154.9661
299.3,154.96866
110.0,154.9634
45.0,154.962
14.9,154.96402
49.9,154.96744
29.989999999999995,154.96948
58.0,154.97105
449.50000000000006,154.97131
24.9,154.96048
82.94,154.9602
104.99999999999999,154.96199
89.7,154.96338
38.97,154.9647
61.99999999999999,154.96704
118.44,154.96849
169.99,154.96776
289.0,154.96507
79.99,154.95923
199.0,154.95949
34.9,154.95853
104.9,154.96184
39.0,154.96384
199.9,154.96664
89.99,154.9647
189.9,154.9646
225.00000000000003,154.96248
49.9,154.95926
150.52,154.96123
110.32,154.96173
169.99,154.96268
29.989999999999995,154.96194
19.0,154.9646
27.99,154.968
338.0,154.97052
199.99,154.96371
102.6,154.95926
34.9,154.95941
199.0,154.96286
388.16,154.9621
390.0,154.95502
79.0,154.94765
56.00000000000001,154.95055
99.06,154.95676
149.97,154.96129
144.9,154.96275
55.0,154.96294
22.32,154.96509
37.0,154.96819
194.9,154.97035
104.97,154.96738
364.0,154.96585
698.9,154.95822
99.0,154.94144
170.0,154.94221
399.8,154.94681
94.99,154.94528
55.32,154.95038
49.98,154.95752
69.0,154.96362
299.99,154.96729
79.9,154.96294
229.99,154.96294
57.400000000000006,154.96033
41.5,154.96213
349.97,154.96535
59.989999999999995,154.95985
70.0,154.9607
79.99,154.96317
56.989999999999995,154.96526
55.0,154.96729
29.989999999999995,154.96881
16.0,154.97041
144.8,154.97202
78.0,154.96968
99.0,154.96841
149.9,154.96727
80.0,154.96507
110.32,154.96497
61.0,154.96478
199.98,154.96596
149.99,154.96353
59.89,154.9619
45.0,154.9634
39.99,154.96596
65.5,154.96835
48.9,154.96936
104.99999999999999,154.97012
115.0,154.96906
179.9,154.96738
49.9,154.96419
21.99,154.96481
49.9,154.9673
54.9,154.96901
69.9,154.96986
189.0,154.96983
125.00000000000001,154.9663
138.0,154.96422
81.0,154.96283
56.00000000000001,154.96358
399.0,154.96552
217.80000000000004,154.9581
399.0,154.9544
148.9,154.94806
84.9,154.94926
220.64,154.95444
149.0,154.95596
106.99,154.95781
53.99000000000001,154.96046
79.99,154.96414
110.32,154.96646
86.5,154.9669
89.99,154.96721
109.8,154.96729
52.99,154.96669
248.99999999999997,154.96753
99.99,154.96332
112.00000000000001,154.96254
129.0,154.96277
99.9,154.96283
599.99,154.9636
115.18999999999998,154.95091
43.2,154.95013
99.99,154.95555
135.0,154.96007
149.0,154.96219
75.0,154.96262
27.9,154.96436
135.0,154.96735
99.06,154.96707
78.0,154.9667
110.49,154.96696
169.99,154.96646
149.9,154.96422
399.99,154.96251
399.99,154.95467
189.0,154.94684
166.67,154.94678
27.93,154.94998
59.989999999999995,154.95718
129.9,154.96303
49.9,154.96504
67.49,154.9674
391.25,154.96878
399.8,154.9607
104.99999999999999,154.95131
56.989999999999995,154.95189
56.89999999999999,154.95692
24.99,154.96214
82.0,154.96693
42.97,154.96881
79.9,154.97026
68.65,154.97017
1013.3999999999999,154.96986
24.99,154.94398
92.4,154.94304
140.0,154.94893
189.9,154.95424
35.0,154.95667
27.0,154.96173
59.89,154.9666
24.99,154.96924
104.99999999999999,154.97136
25.5,154.97057
78.0,154.97112
27.5,154.97049
70.0,154.97098
104.7,154.97055
68.0,154.96895
159.75,154.96834
179.0,154.96576
274.65,154.96266
11.04,154.95764
48.9,154.96039
24.99,154.96404
223.8,154.96768
59.89999999999999,154.96504
132.1,154.9654
170.3,154.96475
29.989999999999995,154.96289
47.9,154.96487
108.99,154.96716
102.49,154.96729
58.99999999999999,154.96684
110.32,154.96748
114.90000000000002,154.96693
122.99,154.966
330.0,154.96497
119.6,154.95857
84.9,154.95773
79.9,154.95995
249.9,154.96272
33.0,154.9604
160.0,154.96284
174.9,154.96284
33.9,154.96162
299.99,154.9641
34.9,154.96002
92.5,154.96191
299.9,154.9638
122.99,154.9596
750.0,154.9592
157.8,154.94327
190.0,154.9423
338.0,154.94582
35.0,154.94589
14.6,154.95302
79.56,154.96126
149.0,154.96596
49.0,154.96638
59.89999999999999,154.96794
331.9,154.96915
69.0,154.96252
367.0,154.96205
369.0,154.95573
149.08,154.949
259.0,154.94986
38.9,154.95007
29.9,154.956
34.9,154.96254
31.4,154.96745
173.2,154.97064
124.9,154.9686
43.0,154.96658
229.9,154.9673
241.9,154.96365
329.9,154.95917
45.0,154.95317
35.0,154.95593
49.99,154.96121
139.8,154.96553
98.9,154.966
48.9,154.96617
269.99,154.96756
29.9,154.963
110.0,154.96408
49.9,154.96463
492.0,154.96645
127.5,154.95628
249.9,154.9546
158.99,154.95294
18.89,154.95418
380.97,154.95984
99.8,154.95578
44.9,154.95712
86.5,154.96143
91.3,154.9645
103.9,154.96617
144.9,154.96663
110.32,154.96542
8.7,154.96489
35.0,154.96742
319.9,154.9696
79.9,154.9634
69.9,154.96246
39.9,154.9638
50.0,154.96637
118.9,154.96837
199.99,154.96783
84.9,154.96437
437.79999999999995,154.96396
49.99,154.95515
320.0,154.95628
142.99,154.9532
44.99,154.9543
22.7,154.9592
29.989999999999995,154.96469
40.0,154.96877
108.80000000000001,154.97104
26.0,154.97026
69.9,154.97084
239.00000000000003,154.97055
326.16,154.96541
159.99,154.95764
99.15,154.9555
46.9,154.95744
23.9,154.96167
49.99,154.96619
237.97000000000006,154.96895
107.90000000000002,154.96533
109.0,154.96405
79.9,154.96384
84.0,154.96481
18.9,154.9658
125.89999999999999,154.96829
234.0,154.96776
52.9,154.96341
169.9,154.9638
45.0,154.96254
109.8,154.96442
68.9,154.96509
119.85,154.96631
56.00000000000001,154.96602
89.9,154.96701
82.0,154.96727
24.99,154.96742
67.99,154.96901
39.8,154.96951
80.99,154.97026
149.98,154.96979
19.9,154.96715
102.9,154.96797
78.0,154.96751
179.9,154.96739
12.47,154.96469
39.99,154.96632
219.99000000000004,154.96826
58.9,154.96495
14.9,154.96509
169.9,154.96754
220.64,154.96596
12.47,154.96205
257.0,154.96402
130.0,154.96088
49.8,154.96024
112.99000000000001,154.9628
126.00000000000001,154.96408
430.0,154.96423
99.9,154.95578
129.97,154.95558
100.0,154.95741
110.0,154.96024
77.69999999999999,154.9624
118.50000000000001,154.96468
17.0,154.96529
99.9,154.96791
117.99999999999999,154.96828
29.0,154.96729
78.0,154.96848
15.499999999999998,154.96875
53.900000000000006,154.97029
28.000000000000004,154.97083
69.9,154.97156
182.6,154.97102
89.9,154.96715
110.32,154.96567
149.9,154.96481
269.0,154.96333
56.00000000000001,154.95882
568.0,154.96024
107.90000000000002,154.94948
136.68,154.94989
135.0,154.95323
113.54,154.95673
20.0,154.95996
54.88,154.96484
239.00000000000003,154.96805
569.0,154.96489
108.0,154.95149
29.989999999999995,154.95062
144.89,154.95627
59.89999999999999,154.9595
36.99,154.96338
29.989999999999995,154.9671
89.9,154.96999
198.9,154.9702
89.19,154.9665
22.32,154.9654
65.9,154.96721
188.0,154.96834
114.5,154.96564
51.0,154.96432
14.99,154.96553
17.19,154.96825
159.0,154.97069
80.0,154.96857
1449.0,154.9676
18.9,154.93018
189.0,154.92914
34.9,154.93605
12.47,154.94792
207.25,154.95906
142.2,154.96187
125.89999999999999,154.96295
142.85,154.96361
101.9,154.96347
58.99999999999999,154.96414
58.99,154.96605
99.9,154.96782
849.0000000000001,154.96794
75.6,154.94722
58.9,154.94583
64.0,154.95177
52.7,154.95844
694.65,154.96393
298.0,154.9503
99.9,154.94456
38.49,154.9484
51.45,154.95602
199.9,154.96262
15.0,154.96312
99.99,154.96645
199.9,154.96756
137.28,154.9649
29.88,154.96333
68.9,154.9654
39.0,154.96707
21.89,154.96895
289.9,154.97084
2960.0,154.96503
40.0,154.88515
88.9,154.8814
184.0,154.90277
67.9,154.92435
187.8,154.94365
29.9,154.95412
34.9,154.96321
10.9,154.96936
56.89999999999999,154.97345
118.8,154.97444
119.89999999999999,154.97235
39.99,154.96962
69.9,154.96945
93.9,154.9693
29.9,154.96849
17.9,154.96936
57.70000000000001,154.97087
299.89,154.97112
55.0,154.96432
99.99,154.96355
629.9,154.96379
110.32,154.95
59.989999999999995,154.94916
39.99,154.9543
52.9,154.96063
138.0,154.9654
95.0,154.96614
35.0,154.9665
39.97,154.96825
37.5,154.96986
35.6,154.97104
36.9,154.97177
68.99,154.97212
106.00000000000001,154.97134
330.0,154.96939
109.8,154.9615
209.99,154.9596
48.9,154.95752
79.9,154.96028
9.9,154.96312
160.0,154.96716
149.9,154.96652
43.98,154.96477
50.0,154.96594
190.0,154.96764
48.0,154.96526
103.9,154.96597
226.79999999999998,154.96602
27.0,154.96252
279.98,154.96413
17.9,154.9602
109.8,154.96252
1499.0,154.96387
18.9,154.92688
599.99,154.92691
39.99,154.92374
539.0,154.93541
49.98,154.93565
279.97,154.94528
359.99,154.94945
380.0,154.94852
193.0,154.94562
55.98,154.94785
22.4,154.95488
114.0,154.96254
230.0,154.96591
13.2,154.96379
109.0,154.9662
149.9,154.96686
80.99,154.9656
169.9,154.96582
79.9,154.96408
99.0,154.96451
359.0,154.96504
79.99,154.95842
42.1,154.95866
43.9,154.96219
69.9,154.96582
73.98,154.96783
169.99,154.96869
199.0,154.96634
272.0,154.96274
12.99,154.95767
230.0,154.96042
102.0,154.95923
12.5,154.96048
56.989999999999995,154.96465
95.0,154.96751
237.00000000000003,154.96819
49.99,154.9641
109.18,154.96452
112.00000000000001,154.96475
69.9,154.96477
84.89,154.96582
220.64,154.96654
225.88,154.9633
127.45,154.95944
99.97,154.95906
128.25,154.96066
58.9,154.96178
265.0,154.9643
129.9,154.9611
119.00000000000001,154.96046
147.0,154.96117
13.989999999999998,154.96136
59.97999999999999,154.96494
91.55,154.96745
650.0,154.96811
33.0,154.95288
69.99,154.95299
66.99,154.95721
18.9,154.96178
94.99,154.96657
139.6,154.96815
69.9,154.96706
419.8,154.96721
105.4,154.9583
107.90000000000002,154.9571
179.9,154.9588
185.0,154.95903
67.9,154.9586
719.96,154.96123
459.0,154.94661
44.99,154.9371
659.0,154.94304
56.00000000000001,154.936
12.5,154.9428
119.79999999999998,154.9537
49.99,154.96025
129.0,154.96553
18.9,154.96687
500.00000000000006,154.96948
115.0,154.9588
244.0,154.95679
149.99,154.95473
42.9,154.95566
134.9,154.96024
55.0,154.96237
117.0,154.96527
209.99,154.96602
49.9,154.96332
514.0,154.96446
450.00000000000006,154.95409
101.0,154.94424
169.9,154.94662
12.47,154.95062
30.900000000000002,154.95837
99.0,154.9649
899.0000000000001,154.96748
179.0,154.94647
27.99,154.9425
22.32,154.94939
71.9,154.95822
39.0,154.96405
97.65,154.96826
150.0,154.96927
39.9,154.96748
270.9,154.96817
48.9,154.96324
93.9,154.96365
16.49,154.96452
234.0,154.96738
190.0,154.96428
47.49,154.9612
68.0,154.96275
67.9,154.96492
59.89999999999999,154.96672
149.0,154.96812
139.99,154.96664
49.9,154.96483
136.94,154.96579
43.0,154.96507
119.87999999999998,154.9665
19.9,154.96623
29.889999999999997,154.96811
39.9,154.96999
330.0,154.97107
89.99,154.96379
34.9,154.96207
27.99,154.96416
92.0,154.96715
104.99999999999999,154.96794
65.9,154.96744
99.99,154.9677
14.2,154.96724
29.989999999999995,154.96895
129.99,154.9705
125.00000000000001,154.96892
39.99,154.9668
383.5,154.96736
83.94,154.95941
69.99,154.95876
169.9,154.96112
820.05,154.9612
28.99,154.94292
129.0,154.9447
59.8,154.95012
71.97,154.95718
49.0,154.96266
349.0,154.96683
89.9,154.9614
66.99,154.96114
39.9,154.96329
14.9,154.96637
97.99,154.96959
65.0,154.96979
74.8,154.96976
104.99999999999999,154.96939
187.0,154.96817
109.9,154.96474
109.9,154.96353
29.989999999999995,154.96338
388.0,154.96579
1299.65,154.95877
113.97999999999999,154.92569
129.0,154.92477
129.99,154.93452
21.8,154.94527
30.900000000000002,154.95654
79.9,154.96487
47.9,154.96877
90.0,154.97098
120.0,154.9709
209.99999999999997,154.96916
49.9,154.96486
123.99999999999999,154.96506
258.0,154.9647
109.99,154.96059
695.9,154.96028
193.0,154.94553
109.99,154.94337
199.0,154.94832
1377.5,154.95195
153.75,154.92227
98.0,154.92249
45.0,154.93427
59.989999999999995,154.94823
149.9,154.95892
56.1,154.96336
22.5,154.96707
57.9,154.97043
135.0,154.97179
78.0,154.96992
39.99,154.96896
19.0,154.96951
140.0,154.97092
95.0,154.96895
119.89999999999999,154.96756
39.9,154.96602
248.99999999999997,154.967
15.9,154.9629
59.89999999999999,154.96448
29.9,154.96635
89.0,154.96866
35.0,154.9689
17.99,154.96986
120.0,154.97125
119.7,154.9697
35.0,154.96751
336.0,154.968
66.99,154.96112
26.9,154.96082
70.0,154.96391
160.0,154.96617
129.99,154.96513
187.8,154.96411
115.0,154.9618
47.97,154.96164
329.97,154.96405
109.0,154.95908
40.8,154.95892
67.0,154.96227
139.0,154.9652
99.8,154.9653
220.99000000000004,154.96547
79.99,154.96239
79.9,154.96278
29.9,154.96425
623.6,154.96703
139.9,154.95349
200.0,154.9511
229.99,154.95148
29.49,154.95187
24.5,154.9576
69.99,154.96379
89.9,154.96729
220.0,154.96846
78.0,154.96501
49.99,154.96474
130.0,154.96631
104.99999999999999,154.96591
39.99,154.9656
151.8,154.96716
209.99999999999997,154.9659
119.85,154.96246
139.0,154.96161
28.99,154.96133
19.0,154.96428
39.99,154.96783
97.99,154.97008
91.9,154.96974
49.99,154.96878
194.99,154.96898
49.95,154.9656
49.0,154.96579
78.0,154.96715
66.0,154.96777
108.0,154.96829
64.9,154.96751
139.99,154.96768
38.99,154.96608
28.899999999999995,154.96703
83.89,154.96886
24.99,154.96902
29.0,154.97017
39.0,154.97124
99.0,154.97171
109.0,154.97025
135.0,154.96825
49.5,154.96587
12.25,154.9663
239.00000000000003,154.96855
219.0,154.96472
179.0,154.9604
69.9,154.95816
24.99,154.96014
125.00000000000001,154.96426
139.98,154.96533
89.0,154.9647
32.9,154.96507
188.9,154.9672
99.97,154.96512
399.99,154.96458
29.0,154.95662
35.9,154.95822
135.0,154.96248
44.9,154.9638
28.899999999999995,154.96625
209.99,154.96889
179.0,154.966
279.8,154.96284
590.0,154.95772
89.99,154.94485
40.0,154.9463
193.0,154.95355
85.0,154.95673
12.99,154.96066
35.0,154.96579
107.90000000000002,154.96939
99.0,154.96957
48.9,154.96875
14.5,154.96915
79.0,154.97072
79.9,154.9705
24.99,154.9697
129.9,154.97035
1889.9999999999998,154.9685
53.00000000000001,154.91844
60.0,154.91537
234.0,154.9287
155.8,154.93932
99.99,154.94846
70.14,154.95634
248.99999999999997,154.96263
122.99,154.96191
369.8,154.9624
79.9,154.95648
100.0,154.9577
12.25,154.96043
24.99,154.96526
24.99,154.96916
20.0,154.97173
129.0,154.97325
119.47999999999999,154.97107
78.0,154.96844
52.9,154.96742
78.0,154.96786
133.0,154.96797
116.0,154.96646
299.98,154.96526
25.0,154.95952
29.9,154.96118
89.99,154.96477
99.0,154.96645
42.97,154.96683
22.0,154.96819
125.00000000000001,154.97008
120.99,154.96889
47.9,154.96706
67.99,154.96745
69.69999999999999,154.96794
99.9,154.96828
99.99,154.96765
103.0,154.96687
39.99,154.96616
35.0,154.96736
69.9,154.96902
689.0,154.96945
190.0,154.95265
150.0,154.94797
78.0,154.94969
159.9,154.95505
468.99999999999994,154.95805
60.0,154.95119
179.9,154.95389
79.9,154.9559
29.9,154.95982
525.0,154.96474
93.9,154.95532
634.0,154.9552
89.0,154.94366
138.99,154.946
29.989999999999995,154.95108
29.989999999999995,154.95866
40.0,154.96512
419.94,154.96927
114.90000000000002,154.96129
110.32,154.95955
68.0,154.96045
219.99000000000004,154.9631
29.8,154.96153
90.0,154.96407
117.0,154.96568
39.0,154.96584
369.9,154.96754
134.0,154.9604
104.99,154.9585
96.0,154.95966
114.90000000000002,154.96175
76.99,154.9631
104.99999999999999,154.9649
75.0,154.96562
47.9,154.9666
49.9,154.96812
42.54,154.96938
450.00000000000006,154.97038
56.00000000000001,154.96004
119.00000000000001,154.95923
120.0,154.96013
29.989999999999995,154.96132
19.9,154.96475
89.9,154.9683
56.00000000000001,154.9691
90.0,154.96968
1189.0,154.9691
68.9,154.93854
26.4,154.93626
45.0,154.94527
34.99,154.95515
797.0,154.96307
45.5,154.94775
119.00000000000001,154.94899
58.99999999999999,154.95352
109.9,154.95955
169.99,154.9631
93.9,154.9633
288.0,154.96436
95.0,154.96017
169.9,154.96048
146.94,154.9602
129.0,154.96039
366.0,154.96114
165.98,154.9555
169.79,154.95459
122.99,154.95541
79.99,154.95787
20.89,154.96138
79.39,154.96594
416.5,154.96808
99.15,154.95975
17.0,154.95863
50.0,154.96243
149.9,154.96597
199.0,154.96579
1369.9,154.96309
12.88,154.9285
24.99,154.92911
75.0,154.94107
319.8,154.95232
89.49,154.95386
7.09,154.95802
209.0,154.96423
18.49,154.96407
185.9,154.96686
99.0,154.96541
49.9,154.9652
34.9,154.96672
79.99,154.96881
107.99,154.9693
35.0,154.96832
930.0,154.96907
93.9,154.94598
70.0,154.94357
29.989999999999995,154.94942
75.0,154.95753
66.0,154.96313
29.49,154.9667
579.0,154.96968
35.8,154.95683
169.0,154.9567
69.0,154.95724
329.9,154.96056
239.9,154.9569
169.9,154.95427
122.99,154.95462
57.9,154.95712
99.9,154.96147
267.0,154.96414
150.82,154.96107
69.9,154.96002
91.55,154.96208
299.8,154.96405
109.9,154.95982
42.0,154.95976
35.0,154.96295
69.9,154.96654
23.9,154.9684
78.0,154.97041
58.99,154.97049
57.32000000000001,154.97037
600.0,154.97026
48.9,154.9555
59.89999999999999,154.95456
110.32,154.95822
339.6,154.9611
109.13,154.9568
30.900000000000002,154.95747
110.32,154.96178
128.9,154.96405
155.0,154.96452
215.80000000000004,154.9636
139.99,154.96078
134.17,154.96011
155.0,154.9605
250.00000000000003,154.96056
122.99,154.95793
48.9,154.95853
58.99999999999999,154.96205
165.0,154.96536
119.97999999999999,154.96489
79.9,154.96446
64.99,154.96526
12.9,154.96663
150.0,154.96922
120.90000000000002,154.96783
110.0,154.96625
268.9,154.96532
389.9,154.96053
134.9,154.95244
17.0,154.95224
29.9,154.95795
150.82,154.9638
54.9,154.96495
45.5,154.96681
220.64,154.9687
22.32,154.96536
134.9,154.96646
58.99,154.96573
47.33,154.96658
88.5,154.96805
186.0,154.96823
59.989999999999995,154.96527
139.99,154.96545
79.9,154.96448
24.35,154.96497
99.9,154.96733
1688.9999999999998,154.96767
119.85,154.92412
19.9,154.91994
57.88999999999999,154.93282
110.32,154.94698
140.0,154.95653
18.0,154.96135
24.89,154.96664
185.81,154.97054
36.9,154.96854
44.9,154.96904
69.99,154.96999
75.0,154.97008
253.9,154.96968
99.99,154.96437
11.49,154.96294
21.99,154.96553
12.99,154.96852
849.0000000000001,154.97107
39.0,154.95026
249.9,154.94894
149.9,154.94888
69.0,154.95192
51.2,154.95744
127.0,154.96286
360.0,154.96483
17.5,154.95883
70.0,154.96098
158.9,154.96388
209.99999999999997,154.96384
23.9,154.96143
120.0,154.96387
179.5,154.9647
163.9,154.96315
209.0,154.96162
46.4,154.95929
179.9,154.96167
47.9,154.96141
89.9,154.96388
22.0,154.96552
399.0,154.96825
359.0,154.96048
79.99,154.95229
16.88,154.95363
23.9,154.95955
188.0,154.96523
22.99,154.96495
22.32,154.96721
45.9,154.96974
78.0,154.97104
230.0,154.9707
169.9,154.96579
45.97,154.96222
24.0,154.96336
52.9,154.96637
149.9,154.96843
91.55,154.96703
21.9,154.9664
119.00000000000001,154.9681
28.000000000000004,154.96748
55.0,154.9687
569.0,154.96951
119.89999999999999,154.95607
29.989999999999995,154.95349
35.9,154.95772
83.9,154.9629
89.9,154.96582
24.99,154.96707
99.9,154.96918
119.00000000000001,154.96902
34.0,154.9676
429.0,154.96841
13.989999999999998,154.95909
80.38,154.95998
25.99,154.9623
229.9,154.96593
129.99,154.96358
48.9,154.96254
19.2,154.96442
91.55,154.96756
108.90000000000002,154.96837
35.98,154.9677
107.5,154.96867
75.0,154.96802
169.0,154.96783
19.69,154.96532
475.00000000000006,154.96669
110.32,154.95674
118.98,154.95541
55.0,154.95715
269.9,154.96117
108.90000000000002,154.95914
14.9,154.95996
139.98,154.96411
65.9,154.9649
95.8,154.96637
104.99999999999999,154.96686
19.33,154.96663
139.99,154.96852
169.99,154.96735
29.9,154.96463
187.9,154.96588
22.32,154.96387
879.77,154.96574
119.85,154.94527
199.89,154.9432
115.0,154.94577
161.42,154.95149
19.9,154.95558
179.8,154.96191
144.9,154.96306
289.98,154.9631
898.0000000000001,154.95888
260.0,154.9378
151.98,154.93391
329.9,154.93973
199.0,154.94246
79.9,154.94702
17.0,154.95428
79.99,154.96227
430.0,154.96672
129.0,154.95934
229.9,154.95802
149.9,154.95634
45.0,154.95708
163.0,154.96121
183.75,154.96223
65.0,154.96136
325.0,154.96327
35.0,154.9586
48.9,154.96074
53.980000000000004,154.96423
165.98,154.96712
89.9,154.96599
134.99,154.96588
56.89999999999999,154.9649
122.99,154.96596
209.99999999999997,154.96567
64.8,154.9626
25.0,154.96333
139.77,154.96623
49.0,154.96597
199.9,154.9672
169.9,154.96451
29.9,154.96204
28.000000000000004,154.96404
42.9,154.96707
79.9,154.96925
15.0,154.96957
67.0,154.97095
109.9,154.9709
190.0,154.96921
21.9,154.96524
36.2,154.96606
89.0,154.96791
220.64,154.96815
55.8,154.96428
99.9,154.96448
63.99000000000001,154.96483
56.1,154.96608
359.8,154.96754
56.00000000000001,154.96051
24.9,154.96066
135.0,154.96405
84.9,154.96465
178.0,154.96553
199.9,154.96376
22.32,154.961
299.9,154.9634
89.0,154.95943
159.9,154.96004
12.99,154.96016
68.0,154.964
89.9,154.96664
173.98,154.96759
89.9,154.96547
1094.04,154.96512
449.9,154.93828
13.49,154.92705
497.99999999999994,154.93585
224.00000000000003,154.936
72.0,154.94063
104.99999999999999,154.9498
58.99999999999999,154.95724
13.9,154.96341
299.70000000000005,154.96875
49.0,154.96469
319.0,154.96523
295.0,154.95985
29.989999999999995,154.95448
24.99,154.95764
62.49,154.96295
29.989999999999995,154.96654
175.99,154.96951
29.9,154.96754
189.9,154.96835
119.85,154.96556
86.42,154.96414
246.0,154.96443
67.0,154.96094
96.0,154.96187
22.32,154.9633
69.0,154.96649
197.5,154.96819
145.0,154.96548
175.0,154.96344
79.95,154.96132
13.649999999999999,154.9623
220.70000000000002,154.96584
84.0,154.96373
129.0,154.96397
122.99,154.96373
59.8,154.96356
93.0,154.96516
1976.9999999999998,154.96602
329.0,154.91524
229.99,154.90536
45.9,154.91455
229.99,154.93266
135.8,154.94417
119.99,154.95311
117.4,154.9594
538.0,154.9632
12.9,154.95378
67.99,154.95651
119.85,154.96107
119.89999999999999,154.96356
95.0,154.96465
79.99,154.96564
315.0,154.96669
91.8,154.96112
134.0,154.96077
60.0,154.9611
156.0,154.96356
122.0,154.96349
399.8,154.9635
95.0,154.95604
380.0,154.95625
166.0,154.95132
195.9,154.9517
634.4,154.953
118.8,154.94244
38.99,154.94464
78.0,154.95273
125.89999999999999,154.95964
78.0,154.96306
59.89999999999999,154.96573
296.70000000000005,154.96791
159.8,154.96295
103.9,154.96054
59.89999999999999,154.9611
569.7,154.96365
24.9,154.95244
15.489999999999998,154.95425
27.49,154.96022
92.0,154.96568
119.99,154.96782
100.0,154.96753
30.900000000000002,154.96704
99.9,154.96844
39.98,154.96825
364.0,154.96912
153.0,154.9614
44.85,154.95848
79.9,154.96088
56.1,154.96346
129.77,154.96608
19.87,154.96606
10.9,154.96812
24.99,154.9706
64.99,154.97215
38.9,154.97192
69.99,154.97182
258.0,154.97093
9.9,154.96494
27.99,154.96547
108.90000000000002,154.96756
174.99,154.96744
74.9,154.96484
110.32,154.9648
49.9,154.96469
220.64,154.96622
88.0,154.96329
99.9,154.96323
379.9,154.96384
169.99,154.95695
17.9,154.95503
25.0,154.95941
82.0,154.96457
24.99,154.96712
104.99999999999999,154.96967
37.9,154.96939
76.89,154.97005
299.9,154.96977
149.9,154.96321
2221.0,154.96028
209.99,154.90298
89.98,154.89737
175.0,154.91385
5.9,154.9311
78.0,154.94879
139.99,154.96024
40.3,154.96497
65.5,154.96889
139.77,154.9708
119.79999999999998,154.9694
107.90000000000002,154.96771
78.0,154.96661
179.9,154.96672
20.9,154.96442
349.8,154.96614
189.0,154.9599
119.89999999999999,154.95692
59.89999999999999,154.95772
72.0,154.96117
39.9,154.9643
43.5,154.96736
189.0,154.96953
19.99,154.9669
99.9,154.9679
441.28,154.96767
329.0,154.95787
32.9,154.95044
899.0000000000001,154.95377
34.49,154.93642
29.0,154.9401
85.71,154.95007
49.98,154.95805
29.9,154.96426
49.9,154.96884
112.00000000000001,154.97113
14.5,154.97034
149.0,154.97131
60.0,154.96895
99.9,154.9684
724.04,154.96753
394.9,154.94987
64.9,154.94011
119.99,154.94452
43.99,154.95103
159.9,154.95863
339.98,154.96155
158.0,154.95732
134.9,154.95671
99.99,154.95811
1269.1,154.96072
149.0,154.9314
57.9,154.92943
50.0,154.93964
119.89999999999999,154.95145
55.9,154.95885
59.89999999999999,154.96463
23.9,154.96825
35.0,154.97115
120.0,154.97269
89.9,154.97101
59.97999999999999,154.96944
43.9,154.96909
78.9,154.96959
28.899999999999995,154.9693
69.0,154.97012
29.989999999999995,154.97002
95.0,154.97067
11.49,154.96965
24.9,154.97055
69.9,154.97153
49.98,154.97104
27.979999999999997,154.97072
11.49,154.97113
125.00000000000001,154.97212
197.5,154.96997
169.9,154.9654
149.0,154.96193
49.9,154.96033
50.0,154.96246
449.8,154.9653
19.9,154.95686
265.0,154.95848
74.89,154.95648
360.0,154.95891
110.32,154.95453
119.7,154.95576
45.0,154.95836
120.0,154.9627
99.0,154.96452
49.9,154.96556
306.0,154.9674
228.0,154.96211
118.13,154.95787
104.9,154.95808
127.26,154.96007
25.89,154.96152
40.35,154.96513
78.9,154.96819
103.9,154.96916
129.9,154.96854
59.89999999999999,154.9668
69.98,154.96703
79.9,154.96756
80.69999999999999,154.96776
66.99,154.96777
140.5,154.96808
89.9,154.96643
189.9,154.9659
289.99,154.96321
156.49,154.95778
148.0,154.95648
239.00000000000003,154.95715
94.99,154.95586
193.0,154.95816
160.0,154.95847
140.9,154.95892
114.90000000000002,154.95982
16.0,154.96136
94.9,154.9654
60.0,154.96706
189.9,154.9684
49.0,154.9658
944.9999999999999,154.96632
1377.5,154.94353
19.89,154.90704
169.0,154.91252
29.9,154.9266
149.9,154.94366
122.99,154.95415
34.9,154.96051
139.8,154.96623
66.99,154.9674
56.1,154.96861
99.9,154.96974
39.0,154.9693
68.0,154.97
68.26,154.97006
189.08,154.96985
28.99,154.9663
59.8,154.96684
60.0,154.96777
138.9,154.96857
39.9,154.967
274.95,154.96768
68.0,154.96263
110.32,154.96254
64.99,154.96303
122.99,154.96478
49.9,154.96497
34.0,154.96654
199.6,154.96861
349.97,154.96585
115.0,154.95813
104.99999999999999,154.9571
35.0,154.95888
140.9,154.96301
43.0,154.964
34.99,154.96635
69.9,154.96875
258.70000000000005,154.96962
124.9,154.96461
156.0,154.96255
49.0,154.9612
120.90000000000002,154.96327
72.5,154.96404
55.9,154.96547
118.8,154.9672
84.9,154.96687
855.0,154.96687
20.0,154.94617
31.500000000000004,154.9465
149.0,154.95355
118.8,154.95781
1887.2,154.96086
35.0,154.91472
199.98,154.91461
146.94,154.92558
99.0,154.93874
79.0,154.95059
75.37,154.95953
99.8,154.96529
32.89,154.96779
264.0,154.97029
168.75,154.96585
89.9,154.96269
15.99,154.96289
249.8,154.96608
57.88999999999999,154.96309
13.649999999999999,154.96396
69.99,154.96709
138.0,154.96861
109.9,154.96735
151.3,154.96623
35.0,154.96436
54.71999999999999,154.9658
109.99,154.96747
71.0,154.96727
49.9,154.96754
42.0,154.96846
59.989999999999995,154.96957
94.99,154.96997
82.8,154.96907
35.9,154.96829
122.99,154.96901
109.0,154.9677
305.99,154.9664
94.2,154.96017
699.99,154.95961
39.9,154.94476
24.99,154.94687
116.70000000000002,154.95456
14.330000000000002,154.95966
149.0,154.96533
79.98,154.96614
889.9999999999999,154.96696
15.9,154.94568
159.49,154.94617
169.66,154.95
12.88,154.9536
100.0,154.96045
99.9,154.9643
228.80000000000004,154.96613
289.9,154.96332
27.9,154.95804
33.9,154.96034
28.98,154.9644
22.32,154.9681
23.99,154.97086
139.99,154.97253
39.9,154.97028
39.0,154.96992
78.8,154.97034
79.9,154.96979
152.0,154.96901
14.99,154.9664
19.9,154.96756
109.99,154.96953
166.44,154.96883
133.0,154.9659
78.99,154.96391
32.9,154.9642
48.89,154.96645
92.0,154.9683
55.0,154.96841
122.99,154.9689
116.5,154.96756
39.0,154.96614
67.99,154.96713
340.99,154.96791
119.99,154.96101
155.0,154.95934
547.98,154.95894
24.99,154.94846
64.0,154.95146
109.0,154.95724
18.9,154.9612
124.9,154.96597
66.99,154.96693
37.47,154.96794
71.6,154.96947
259.99,154.96982
129.0,154.96458
90.0,154.96234
35.0,154.96275
78.0,154.9654
99.18,154.96693
30.75,154.96713
32.0,154.96867
110.32,154.97023
99.0,154.96927
169.9,154.96799
107.90000000000002,154.96504
220.0,154.96396
119.79999999999998,154.96077
124.9,154.9604
40.0,154.96095
89.0,154.96399
24.97,154.96574
219.0,154.96834
45.0,154.96533
99.99,154.9659
199.0,154.96605
29.989999999999995,154.96333
23.99,154.9649
79.0,154.9677
338.9,154.96864
349.9,154.96173
12.47,154.95369
85.9,154.9565
149.9,154.96024
380.0,154.96158
122.99,154.9556
44.0,154.95567
750.0,154.95993
49.99,154.94539
100.0,154.94728
91.9,154.95291
209.99,154.9585
48.99,154.95946
119.00000000000001,154.96297
89.9,154.96455
56.89999999999999,154.96582
49.9,154.96751
799.6,154.96907
79.99,154.94989
315.6,154.9482
171.8,154.94652
65.8,154.9491
105.4,154.95532
29.790000000000003,154.96013
30.979999999999997,154.96526
299.9,154.96913
99.9,154.96431
38.9,154.9632
99.9,154.96526
23.99,154.96614
49.0,154.9684
139.0,154.96986
27.9,154.96823
50.0,154.96895
89.9,154.96968
122.99,154.96912
70.0,154.96736
17.9,154.96709
27.9,154.96878
28.899999999999995,154.97041
49.99,154.97157
12.9,154.97168
199.0,154.97243
66.99,154.96815
99.9,154.96686
139.98,154.96603
289.9,154.9645
79.9,154.95906
153.4,154.95946
110.32,154.95973
12.9,154.96107
67.0,154.96506
79.0,154.96748
99.8,154.9684
129.0,154.96803
39.49,154.96652
56.989999999999995,154.96742
137.9,154.96843
189.9,154.967
479.98999999999995,154.96371
17.0,154.95285
53.5,154.95477
69.9,154.95955
35.0,154.96356
36.65,154.96724
140.9,154.96982
29.989999999999995,154.96855
58.99,154.9693
79.9,154.96974
27.9,154.96936
100.99,154.97018
124.9,154.96922
349.0,154.96724
265.0,154.9594
226.9,154.9539
117.0,154.95168
80.0,154.95412
184.9,154.95851
122.9,154.95963
119.99,154.96104
180.0,154.9623
89.5,154.96156
84.0,154.96277
294.0,154.96448
74.99,154.96022
139.8,154.96095
21.99,154.96146
80.38,154.96489
169.9,154.96684
53.900000000000006,154.96535
59.97999999999999,154.96623
27.9,154.9675
58.99,154.9694
12.47,154.97018
149.9,154.9716
98.0,154.96916
104.0,154.96744
41.79,154.96625
46.2,154.96721
249.9,154.9685
27.9,154.9641
79.9,154.9649
130.0,154.96588
167.0,154.96529
369.0,154.96335
15.0,154.95602
419.99,154.95836
12.99,154.95244
124.9,154.95627
39.99,154.95941
68.99,154.96379
139.8,154.96666
65.5,154.9664
369.9,154.96713
78.0,154.95981
125.25000000000001,154.95953
119.89999999999999,154.96042
54.0,154.9616
155.0,154.96434
69.9,154.96417
799.99,154.96536
28.000000000000004,154.94699
119.89999999999999,154.94772
150.0,154.95222
69.9,154.956
3.5000000000000004,154.96071
49.0,154.96632
99.0,154.96957
204.5,154.9698
80.0,154.9661
179.9,154.96538
129.9,154.96312
20.89,154.96225
22.9,154.965
110.89,154.96819
55.0,154.9683
35.0,154.96887
259.8,154.96997
44.06,154.9649
78.0,154.96487
294.02,154.96565
65.0,154.96065
330.0,154.96118
94.99,154.95634
24.9,154.95728
39.49,154.96184
14.9,154.96602
119.00000000000001,154.96968
67.7,154.96939
99.0,154.96922
69.9,154.9683
135.8,154.96812
54.98,154.96645
104.99999999999999,154.96686
80.0,154.9665
109.9,154.96667
159.99,154.96616
24.9,154.9642
95.0,154.96591
79.0,154.96652
55.0,154.96704
189.0,154.96805
198.0,154.96533
513.0,154.96184
798.0,154.9505
499.8,154.9318
104.99999999999999,154.92363
209.0,154.93188
79.9,154.94073
27.49,154.951
140.8,154.96059
80.0,154.9644
35.0,154.96692
69.9,154.96951
45.0,154.97047
149.0,154.97122
79.99,154.96884
55.0,154.96783
14.000000000000002,154.96819
190.0,154.96997
67.99,154.967
269.9,154.96648
269.0,154.96149
79.9,154.9563
90.0,154.95753
11.49,154.96034
30.900000000000002,154.96506
498.99999999999994,154.96867
79.9,154.95837
189.9,154.95743
84.9,154.95691
69.9,154.95947
64.0,154.96283
200.0,154.96574
298.5,154.96408
169.8,154.95865
390.0,154.95688
143.75,154.95084
34.9,154.95158
14.9,154.95738
69.9,154.96388
42.0,154.96747
89.9,154.96988
42.89,154.96999
99.9,154.97052
189.99,154.9695
42.97,154.96574
19.9,154.966
34.99,154.96814
99.9,154.96992
298.5,154.96936
74.9,154.96281
48.99,154.96199
48.9,154.96402
120.0,154.96646
99.9,154.9665
314.6,154.96628
816.0,154.96024
204.0,154.94026
4590.0,154.93745
27.0,154.82039
65.9,154.82207
19.0,154.86174
11.9,154.90495
14.399999999999999,154.93855
70.0,154.96036
7.700000000000001,154.97112
226.18000000000004,154.97696
54.0,154.97357
149.8,154.9724
70.0,154.96948
86.4,154.9687
59.89999999999999,154.96826
168.0,154.96867
119.89999999999999,154.9663
204.5,154.96484
9.99,154.96178
99.9,154.9642
65.99,154.9654
29.989999999999995,154.9668
67.99,154.96884
48.9,154.96957
56.89999999999999,154.97015
192.0,154.97032
11.98,154.96664
95.0,154.96748
63.99000000000001,154.96738
199.99,154.96779
79.9,154.96463
89.0,154.96432
49.9,154.96483
175.0,154.9665
168.5,154.9648
59.989999999999995,154.96257
58.9,154.9637
43.0,154.96568
12.5,154.96786
69.9,154.97037
169.0,154.97078
45.9,154.9677
89.9,154.96756
13.3,154.96727
99.75,154.96902
660.0,154.96869
549.72,154.9526
78.0,154.93845
21.9,154.94144
49.9,154.95091
39.9,154.95938
97.9,154.9656
26.0,154.96793
126.5,154.97029
149.9,154.96931
140.0,154.96681
79.9,154.96468
109.9,154.9648
104.99999999999999,154.96483
50.95,154.96492
58.5,154.96648
37.8,154.9679
107.90000000000002,154.96945
39.9,154.96877
113.54,154.96931
29.9,154.96815
179.4,154.96896
14.000000000000002,154.96619
44.99,154.96738
84.9,154.96875
104.99999999999999,154.96875
441.76000000000005,154.96776
471.99999999999994,154.9576
65.5,154.94621
17.0,154.9484
149.99,154.95592
64.99,154.95967
150.0,154.96352
42.0,154.96414
129.0,154.96643
479.0,154.96634
199.6,154.956
109.0,154.95245
49.0,154.95459
24.99,154.95964
99.99,154.96503
74.99,154.96709
13.649999999999999,154.96819
125.00000000000001,154.97032
49.0,154.96922
95.0,154.96933
27.9,154.96857
160.0,154.96948
35.0,154.96713
169.0,154.96768
47.9,154.96542
36.5,154.9661
35.0,154.96785
14.000000000000002,154.96957
35.9,154.97139
99.99,154.97217
27.9,154.97069
149.9,154.97073
55.99,154.96802
189.0,154.96758
155.0,154.96445
67.99,154.96214
479.0,154.96309
12.9,154.95378
134.49,154.95609
135.0,154.95845
24.0,154.96019
119.89999999999999,154.9643
27.299999999999997,154.96556
12.47,154.96805
104.8,154.97069
79.9,154.97017
14.9,154.96939
387.1,154.97044
148.9,154.96179
85.0,154.95856
129.0,154.95972
459.0,154.96086
24.99,154.95279
661.0,154.9555
79.99,154.94398
150.0,154.94641
59.989999999999995,154.95105
99.9,154.95767
27.49,154.96216
27.9,154.96672
199.99,154.97014
119.89999999999999,154.96759
28.99,154.96582
72.9,154.96721
59.89999999999999,154.96808
19.95,154.96884
265.0,154.97043
94.99,154.96526
180.9,154.96375
29.989999999999995,154.96155
394.9,154.96373
59.989999999999995,154.957
24.99,154.95808
279.0,154.96248
349.9,154.95996
40.0,154.95392
103.99,154.95665
19.0,154.95992
79.0,154.96477
36.9,154.96729
197.9,154.96951
149.65,154.96669
129.0,154.9642
330.0,154.96303
320.0,154.95714
14.49,154.95149
59.89999999999999,154.95564
64.0,154.9608
28.000000000000004,154.96483
259.7,154.96841
119.00000000000001,154.96469
253.7,154.96326
67.99,154.95935
92.89,154.9606
35.0,154.9626
46.9,154.96587
11.6,154.96838
379.9,154.97093
49.0,154.96289
242.0,154.96233
80.0,154.9592
13.649999999999999,154.96039
119.00000000000001,154.9645
59.89999999999999,154.96568
1999.7400000000002,154.96718
104.9,154.9157
49.9,154.91154
146.94,154.9259
107.90000000000002,154.94002
197.5,154.9515
330.0,154.95683
86.0,154.95517
12.88,154.95819
122.99,154.96393
55.49999999999999,154.96603
69.94,154.96812
65.8,154.96922
199.99,154.96977
129.9,154.96631
49.9,154.96426
13.9,154.96533
68.0,154.96812
14.9,154.96928
119.00000000000001,154.97101
69.9,154.96965
64.39,154.96895
209.99,154.96877
55.0,154.96487
129.97,154.96494
16.3,154.96428
22.32,154.96661
69.99,154.96921
119.79999999999998,154.96991
32.0,154.96846
35.0,154.96902
83.9,154.97006
89.99,154.96962
13.9,154.96864
119.89999999999999,154.96979
230.0,154.96848
27.9,154.96373
47.9,154.96451
118.89,154.96642
119.89999999999999,154.9663
17.37,154.96548
65.5,154.96745
151.98,154.96854
104.9,154.96672
69.9,154.96567
279.0,154.9661
316.78,154.96126
104.99999999999999,154.95491
148.0,154.95544
149.9,154.95703
158.99,154.9585
38.34,154.95932
159.0,154.963
160.0,154.96344
49.9,154.96263
75.96,154.9646
518.0,154.96628
459.0,154.95546
114.90000000000002,154.94487
16.99,154.94646
169.9,154.95436
103.0,154.95819
58.99999999999999,154.96149
29.989999999999995,154.96497
59.89999999999999,154.96837
19.83,154.97005
60.0,154.97174
14.000000000000002,154.97188
299.0,154.97266
11.9,154.96574
35.9,154.96574
39.99,154.96742
17.99,154.96909
29.989999999999995,154.9709
69.0,154.97195
152.0,154.97145
55.0,154.96829
174.8,154.96768
14.9,154.96484
79.0,154.96632
649.49,154.96713
68.0,154.9521
34.99,154.95143
177.0,154.9567
43.98,154.95872
39.98,154.96275
137.77,154.96657
55.0,154.96666
10.9,154.96773
35.9,154.97002
19.95,154.97142
11.9,154.97256
169.0,154.9735
364.0,154.96986
53.00000000000001,154.96039
117.99999999999999,154.9598
140.8,154.96059
24.12,154.96103
579.9,154.96439
35.0,154.9529
129.9,154.95415
89.9,154.95683
122.99,154.96039
29.0,154.9624
31.9,154.96594
99.8,154.969
24.2,154.96924
21.99,154.97049
78.9,154.9718
27.9,154.97122
35.9,154.9715
210.99,154.97174
29.9,154.9672
44.4,154.96707
24.9,154.9681
115.69999999999999,154.96973
185.03,154.9687
21.99,154.9652
12.9,154.96617
29.7,154.96866
35.0,154.97052
18.99,154.97156
134.9,154.97249
139.98,154.97
65.5,154.96687
219.90000000000003,154.96637
360.93,154.96269
18.9,154.95511
744.0,154.95746
124.9,154.94298
35.8,154.94339
44.99,154.95117
93.5,154.95915
41.99,154.96384
149.0,154.96762
29.9,154.96725
31.9,154.96875
89.7,154.97041
114.90000000000002,154.9701
24.9,154.96846
35.0,154.96922
119.89999999999999,154.97029
119.99,154.96887
55.0,154.96696
89.99,154.96715
300.0,154.96704
265.0,154.96118
259.9,154.95589
599.99,154.95233
130.0,154.94112
598.97,154.94301
109.0,154.9362
112.00000000000001,154.94151
99.9,154.94952
49.9,154.9567
34.99,154.96309
65.5,154.96796
121.0,154.9702
89.0,154.96945
140.0,154.96869
79.0,154.9667
217.55000000000004,154.96642
94.19,154.963
155.0,154.96272
179.0,154.96193
39.9,154.96053
49.99,154.96303
106.00000000000001,154.96593
2110.0,154.96669
44.99,154.91205
127.5,154.90945
58.9,154.92278
159.9,154.93976
289.99,154.9509
64.9,154.95377
39.0,154.95927
45.9,154.9649
209.99999999999997,154.96889
139.0,154.96675
18.0,154.96498
129.0,154.967
35.0,154.96672
67.9,154.96819
149.9,154.96896
159.0,154.96706
73.8,154.9645
109.99,154.96463
78.0,154.96469
90.0,154.96553
55.9,154.96611
98.0,154.96736
103.9,154.96738
79.99,154.96681
222.99999999999997,154.96686
83.9,154.96321
13.9,154.96304
104.99999999999999,154.96597
49.9,154.96672
27.9,154.96802
36.99,154.96977
248.99999999999997,154.97096
25.4,154.96593
27.9,154.96616
24.99,154.968
30.99,154.96999
69.7,154.97131
119.00000000000001,154.97104
129.9,154.96896
44.99,154.96654
34.0,154.9669
135.2,154.9684
24.9,154.96716
247.99999999999997,154.9683
42.97,154.96394
59.89999999999999,154.9644
149.65,154.96593
164.0,154.96498
139.9,154.96307
50.9,154.962
39.99,154.96393
137.99,154.96663
40.0,154.96625
39.0,154.96758
24.9,154.96918
149.0,154.97081
148.0,154.96867
42.97,154.96584
169.0,154.96635
46.0,154.96443
47.9,154.96553
86.5,154.96729
99.99,154.96777
79.9,154.96735
80.38,154.96729
25.0,154.96733
79.99,154.96889
47.9,154.96907
239.79999999999998,154.96959
49.1,154.96492
224.7,154.96486
40.0,154.96165
78.0,154.96318
150.0,154.9649
71.9,154.96431
41.99,154.9652
189.9,154.96718
29.989999999999995,154.96503
145.89,154.96635
129.0,154.96538
100.99,154.96434
37.0,154.9643
59.8,154.96634
599.98,154.96791
516.9,154.95435
35.0,154.9415
586.0,154.94533
89.9,154.93887
35.0,154.94408
127.26,154.95341
99.0,154.95923
120.0,154.96313
43.0,154.96483
94.5,154.9674
149.0,154.96817
59.8,154.96661
209.99999999999997,154.96706
89.0,154.96396
99.99,154.96371
54.0,154.96419
31.9,154.96599
304.84,154.96835
129.16,154.96294
65.5,154.96104
67.9,154.96257
183.7,154.96477
34.99,154.96349
49.9,154.9654
39.9,154.96747
94.0,154.96933
74.69999999999999,154.96916
44.99,154.96887
56.00000000000001,154.9694
229.99,154.96976
99.9,154.96526
149.9,154.9638
122.99,154.96242
155.0,154.96213
101.0,154.96144
122.99,154.96227
16.0,154.96281
116.0,154.96602
79.9,154.96658
14.9,154.96709
19.9,154.9692
49.9,154.97115
120.0,154.97171
103.9,154.96974
59.89,154.96788
359.8,154.9677
15.27,154.96004
110.32,154.96115
65.5,154.9624
106.79999999999998,154.96455
129.0,154.96535
368.0,154.9649
328.0,154.95773
35.0,154.95126
149.9,154.95467
0.0,154.95738
49.9,154.96321
27.9,154.96724
89.9,154.97021
139.0,154.9704
109.99,154.96823
525.0,154.96661
19.9,154.95438
284.8,154.9554
49.98,154.95348
35.0,154.95738
149.0,154.96266
104.9,154.96396
28.899999999999995,154.9648
135.0,154.96732
58.99999999999999,154.96687
298.5,154.96758
349.0,154.962
66.99,154.9544
13.3,154.95573
20.0,154.96115
229.79,154.96634
11.99,154.96445
119.89999999999999,154.96657
282.0,154.96658
34.0,154.96149
29.0,154.96268
84.9,154.96582
270.0,154.96725
950.0000000000001,154.96275
99.99,154.93903
24.2,154.93811
34.19,154.94716
119.79999999999998,154.9569
31.599999999999998,154.96205
89.5,154.96677
319.9,154.96854
35.0,154.96266
113.88999999999999,154.96338
286.8,154.96397
35.99,154.95967
432.0,154.96158
796.0,154.95442
70.9,154.9362
55.0,154.9387
219.99000000000004,154.94798
1500.0,154.95264
34.9,154.91985
428.0,154.92294
799.99,154.92673
149.9,154.91963
330.0,154.92842
49.99,154.93549
104.9,154.94768
38.0,154.95697
118.7,154.96463
84.9,154.96753
249.9,154.9689
184.0,154.96489
101.99,154.96178
699.0,154.96194
27.9,154.94696
29.889999999999997,154.94891
113.79999999999998,154.95601
79.9,154.96066
220.64,154.96422
58.99999999999999,154.9627
27.9,154.96423
65.0,154.96721
178.0,154.96887
248.99999999999997,154.96657
29.6,154.9616
28.000000000000004,154.96295
89.9,154.96608
439.6,154.96732
149.65,154.95815
32.0,154.95572
60.0,154.95938
84.0,154.96336
249.9,154.96576
98.0,154.96255
149.94,154.9624
98.0,154.96193
139.0,154.96286
29.8,154.96289
104.9,154.96558
67.99,154.9664
1335.0,154.96739
189.0,154.93384
78.0,154.92862
360.0,154.9373
47.9,154.94073
22.32,154.95
119.00000000000001,154.95956
199.75,154.96419
379.8,154.96375
499.89000000000004,154.95686
169.99,154.94633
99.9,154.94623
28.05,154.9515
199.9,154.95912
109.9,154.9609
279.9,154.96269
59.89999999999999,154.95946
37.9,154.96127
299.9,154.96489
127.40000000000002,154.96106
167.0,154.96036
55.0,154.95982
119.00000000000001,154.96248
597.0,154.96379
99.9,154.95139
230.0,154.95105
30.0,154.95139
17.0,154.95721
39.9,154.96375
26.9,154.96819
13.649999999999999,154.97113
79.9,154.97314
259.0,154.9725
48.9,154.96626
79.9,154.96541
55.9,154.96574
169.99,154.96698
23.9,154.96512
118.44,154.96664
139.94,154.96638
69.9,154.965
90.0,154.96548
40.9,154.96596
64.9,154.96759
99.0,154.96855
37.49,154.96812
179.8,154.969
179.9,154.96623
89.9,154.96295
9.9,154.96281
2160.0,154.9659
34.0,154.91083
269.9,154.90863
11.04,154.91844
24.5,154.93663
104.9,154.95265
289.0,154.9617
284.9,154.96115
119.85,154.95764
63.72,154.95847
99.9,154.96198
122.99,154.96442
17.99,154.96518
69.0,154.96797
72.49,154.9693
50.0,154.96965
35.9,154.97014
95.9,154.9709
29.9,154.96992
28.000000000000004,154.97034
63.489999999999995,154.97116
339.8,154.97092
66.0,154.96294
67.0,154.9618
72.9,154.96327
179.9,154.96504
250.00000000000003,154.9636
48.99,154.95958
249.8,154.96118
67.99,154.95886
35.0,154.96074
118.7,154.96445
68.9,154.96553
59.89999999999999,154.96681
299.99,154.96808
78.0,154.96251
169.99,154.96208
80.38,154.96103
45.0,154.96242
155.8,154.96524
67.0,154.96481
104.9,154.9658
79.9,154.966
73.0,154.96654
149.0,154.96722
409.0,154.96574
97.74,154.9569
179.9,154.95627
120.0,154.9564
93.8,154.95834
9.0,154.96112
67.99,154.96574
159.99,154.96822
29.9,154.96684
837.8,154.96802
140.9,154.9479
38.9,154.94478
8.9,154.95091
49.98,154.95935
39.97,154.96526
39.9,154.96909
119.00000000000001,154.97124
669.8,154.97012
15.0,154.95328
124.9,154.95323
69.97,154.95589
159.0,154.96017
47.0,154.96152
259.0,154.96457
92.0,154.96169
18.0,154.96207
55.0,154.96544
38.8,154.96791
459.98,154.96986
109.0,154.95975
119.89999999999999,154.9577
82.0,154.95862
25.5,154.96127
49.0,154.96535
119.85,154.96822
29.1,154.96802
140.0,154.9693
67.99,154.96773
23.9,154.96753
113.29999999999998,154.96902
70.0,154.96826
13.0,154.96811
318.4,154.96971
238.00000000000003,154.96326
29.989999999999995,154.95795
66.99,154.96004
12.25,154.96309
50.49,154.96712
12.9,154.96942
27.9,154.97156
24.99,154.97267
198.0,154.97322
110.32,154.96875
139.94,154.96613
79.0,154.96399
119.99,154.9642
189.0,154.96405
184.9,154.96196
35.9,154.9599
78.0,154.96242
20.0,154.9647
169.0,154.96788
149.97,154.9665
163.9,154.9645
124.9,154.96243
350.0,154.96191
117.87,154.956
99.99,154.95607
189.0,154.95865
730.0,154.95898
23.9,154.9439
49.0,154.94669
39.9,154.95412
47.9,154.9614
35.0,154.9665
75.0,154.96992
79.9,154.97081
89.9,154.97044
102.5,154.96944
18.99,154.96811
99.8,154.96922
149.9,154.96866
104.99999999999999,154.96631
155.98,154.96518
184.9,154.96338
64.99,154.96104
114.90000000000002,154.96237
54.400000000000006,154.96326
122.99,154.9654
99.0,154.96558
39.99,154.96568
49.9,154.96735
84.9,154.96881
24.12,154.96889
27.9,154.97011
24.9,154.97127
49.0,154.97217
85.9,154.97209
39.98,154.97069
55.0,154.97044
149.0,154.97023
42.97,154.96754
79.9,154.96759
12.9,154.96754
199.99,154.96928
35.9,154.96614
99.9,154.9666
139.0,154.96645
279.0,154.96507
17.0,154.95988
66.0,154.96184
48.0,154.9644
178.0,154.96695
249.9,154.96536
49.9,154.96088
34.89,154.96199
462.0,154.96509
394.8,154.95653
192.9,154.9481
153.0,154.94743
329.0,154.95062
79.98,154.94957
15.9,154.95409
169.78,154.96109
120.0,154.96295
219.0,154.96393
25.98,154.9617
99.99,154.96414
84.5,154.96552
114.90000000000002,154.96654
169.99,154.96634
59.97999999999999,154.96428
178.0,154.96507
59.89999999999999,154.96344
15.9,154.96457
110.32,154.96751
34.9,154.96776
220.64,154.96904
361.9,154.96533
82.9,154.9571
32.79,154.95705
654.99,154.96109
154.0,154.94867
379.7000000000001,154.94753
35.0,154.94444
34.5,154.95082
99.8,154.95877
53.43999999999999,154.96341
298.9,154.967
76.9,154.96269
110.32,154.96283
230.0,154.9635
548.9,154.9609
119.4,154.94925
104.71,154.94922
14.49,154.9535
78.0,154.96053
249.9,154.96495
230.0,154.96272
78.0,154.9594
75.66,154.96066
137.9,154.96318
63.3,154.96376
18.99,154.96553
41.8,154.96841
49.4,154.9703
545.69,154.97113
83.98,154.95798
79.9,154.95601
23.99,154.95847
117.99999999999999,154.96321
53.58,154.96498
29.9,154.96703
25.0,154.9693
299.99,154.97116
60.0,154.96498
300.0,154.96417
59.89999999999999,154.95891
21.99,154.95996
79.9,154.96393
149.0,154.96623
34.0,154.96555
89.9,154.96715
99.9,154.96759
165.0,154.96725
42.9,154.96498
89.9,154.96591
179.2,154.96645
189.9,154.96425
164.9,154.96144
41.8,154.95985
24.99,154.9624
1618.0,154.96614
10.0,154.9261
124.9,154.92557
12.3,154.9354
95.0,154.9491
118.44,154.95839
139.9,154.9632
35.0,154.9647
119.99,154.96754
49.9,154.96774
294.0,154.96881
209.97,154.96329
69.5,154.9592
89.9,154.96043
19.8,154.96254
139.8,154.96628
35.0,154.96635
68.9,154.96797
25.0,154.96881
199.9,154.9703
146.94,154.96692
43.2,154.96417
531.9,154.96515
99.9,154.95395
122.99,154.95323
124.9,154.95564
196.8,154.95844
198.99,154.9587
40.0,154.95801
82.64,154.9615
255.0,154.96436
260.0,154.96158
241.0,154.9575
57.99,154.95459
159.8,154.95773
149.0,154.95937
399.0,154.96033
27.99,154.95412
48.9,154.9571
139.0,154.96187
34.99,154.96352
154.0,154.9665
149.65,154.96596
34.0,154.96445
79.99,154.96613
139.0,154.96716
119.00000000000001,154.96611
0.0,154.96515
169.9,154.96768
58.99999999999999,154.96611
58.65999999999999,154.96657
35.0,154.96759
29.9,154.96916
99.0,154.97063
197.9,154.96982
89.5,154.96579
163.0,154.96463
139.79,154.96277
30.0,154.96178
43.9,154.96431
90.0,154.967
231.3,154.96779
369.0,154.96394
125.99,154.95586
49.0,154.95502
49.9,154.95892
139.97,154.96336
29.989999999999995,154.96442
179.4,154.96703
599.9399999999999,154.96548
24.99,154.95157
249.9,154.95268
122.99,154.9525
633.7,154.95532
34.9,154.94466
119.00000000000001,154.94847
169.0,154.95393
49.8,154.95715
149.9,154.962
84.0,154.96347
124.9,154.96518
104.9,154.9654
49.0,154.96555
129.98,154.96713
39.99,154.96657
163.99,154.96782
99.99,154.96599
70.0,154.96532
107.49,154.966
102.0,154.96594
150.0,154.96579
119.95999999999998,154.96434
289.9,154.96365
42.97,154.95883
119.79999999999998,154.96053
29.989999999999995,154.96191
56.989999999999995,154.96526
28.899999999999995,154.96768
68.9,154.9699
93.98,154.9704
139.9,154.96951
59.89,154.96712
6019.860000000001,154.967
44.9,154.80276
24.99,154.7932
69.9,154.83768
449.99,154.88727
95.2,154.91573
49.9,154.93964
149.0,154.95723
265.0,154.9654
99.0,154.965
24.5,154.96613
13.9,154.96925
139.0,154.97232
63.99000000000001,154.97102
27.9,154.97049
24.99,154.9712
89.99,154.97215
55.0,154.97112
78.0,154.97057
89.9,154.96968
27.49,154.96857
265.0,154.96931
89.9,154.96411
60.0,154.96295
31.890000000000004,154.9643
197.0,154.96689
58.99999999999999,154.96477
34.9,154.96535
83.8,154.96736
27.49,154.968
108.0,154.96954
69.95,154.9688
169.0,154.9685
44.99,154.96576
64.99,154.96625
149.0,154.96716
209.99,154.9657
149.97,154.96219
120.37999999999998,154.96054
49.0,154.96075
299.4,154.96347
58.99999999999999,154.95958
699.99,154.96098
149.0,154.94652
66.99,154.9454
35.8,154.95132
27.9,154.95891
99.9,154.96529
134.9,154.9677
32.0,154.9672
135.9,154.9686
255.0,154.96747
47.9,154.96251
37.9,154.96312
279.8,154.96571
27.9,154.96173
79.9,154.96338
230.0,154.9651
37.47,154.96233
91.9,154.96399
44.9,154.96523
60.0,154.96725
77.9,154.96861
402.35,154.9689
120.0,154.96
155.0,154.95795
331.9,154.95782
69.0,154.95357
124.9,154.95616
149.97,154.95892
25.0,154.96033
74.9,154.9643
27.9,154.96678
148.29000000000002,154.96936
154.98,154.96805
40.0,154.96555
116.25,154.96642
73.0,154.9661
230.0,154.9666
250.00000000000003,154.96301
68.9,154.95845
64.99,154.95966
110.32,154.96257
169.9,154.9641
44.5,154.96317
173.0,154.96503
149.9,154.9639
140.0,154.96268
29.9,154.962
77.5,154.96466
349.9,154.96645
13.0,154.96013
59.89999999999999,154.96184
50.0,154.96452
113.29999999999998,154.9671
187.94,154.96725
16.75,154.96454
56.6,154.96619
56.89999999999999,154.96779
269.0,154.96893
114.0,154.96388
69.9,154.96227
45.9,154.96342
49.0,154.96584
129.9,154.96796
159.0,154.96725
429.0,154.965
119.89999999999999,154.95554
99.9,154.95448
44.06,154.95708
360.0,154.96172
124.9,154.95734
44.0,154.95744
69.99,154.96124
24.98,154.96457
549.0,154.9681
122.99,154.95662
119.4,154.9546
99.9,154.9564
639.0,154.95952
122.99,154.9477
158.0,154.94792
89.9,154.95125
9.0,154.95654
49.0,154.96333
18.9,154.96777
40.0,154.97108
41.0,154.97255
49.9,154.97296
119.00000000000001,154.97261
60.0,154.9702
78.0,154.96927
83.94,154.96857
49.89,154.96794
45.9,154.96841
40.0,154.96922
22.9,154.97011
58.99999999999999,154.97125
110.32,154.97118
49.9,154.96936
249.99,154.96904
36.99,154.96393
139.9,154.96426
119.00000000000001,154.9636
239.00000000000003,154.96332
47.9,154.96004
73.0,154.96178
79.9,154.9641
49.9,154.96582
226.77,154.96771
29.9,154.96442
199.99,154.96553
115.0,154.96326
399.0,154.96272
169.9,154.95526
66.99,154.95361
134.9,154.95714
149.0,154.95966
330.0,154.96082
425.99,154.95636
79.9,154.94861
110.32,154.95116
75.9,154.95567
122.99,154.96059
159.99,154.9631
85.0,154.96317
22.32,154.96442
44.0,154.96739
60.9,154.96957
309.8,154.97041
58.99,154.96387
25.9,154.96327
359.70000000000005,154.96573
160.0,154.95953
119.99,154.95743
74.0,154.95836
25.0,154.96132
70.0,154.9655
46.47,154.96779
63.8,154.96951
109.9,154.9701
65.9,154.96889
79.9,154.96858
0.0,154.96825
79.99,154.97012
49.9,154.97008
750.0,154.9702
169.0,154.95145
390.0,154.94696
68.9,154.94254
169.9,154.94794
64.9,154.95258
74.9,154.9586
215.0,154.9633
159.9,154.9626
34.9,154.96173
119.00000000000001,154.9644
45.0,154.96526
89.0,154.96725
75.0,154.96791
289.0,154.96826
149.99,154.96268
34.0,154.96025
150.0,154.96268
30.0,154.96292
69.9,154.96562
144.9,154.96736
300.0,154.96631
139.0,154.96042
129.97,154.95879
44.99,154.95926
59.7,154.9626
55.0,154.96562
198.0,154.96791
45.0,154.96547
27.9,154.96623
34.99,154.96832
78.0,154.97008
1660.0,154.97011
99.99,154.9266
31.990000000000002,154.92233
129.99,154.93419
472.99999999999994,154.94568
29.989999999999995,154.94487
79.0,154.95221
238.9,154.95912
99.56,154.95975
208.59,154.96185
89.99,154.96095
83.8,154.96242
24.9,154.96442
379.2,154.96762
24.9,154.9608
336.0,154.96193
28.56,154.95703
122.99,154.95964
189.9,154.96156
149.97,154.96094
75.0,154.9607
57.9,154.96268
74.8,154.96533
107.5,154.96707
275.49,154.96715
39.9,154.96211
59.989999999999995,154.96301
199.9,154.96512
198.9,154.9633
28.000000000000004,154.96066
218.98999999999998,154.96304
228.0,154.96136
29.9,154.9585
199.0,154.96135
89.9,154.9608
375.0,154.96222
187.5,154.95625
98.9,154.9544
99.18,154.95686
129.9,154.9601
26.9,154.96193
110.32,154.9656
99.8,154.96667
23.9,154.96687
27.9,154.96875
43.0,154.97058
39.49,154.97147
76.5,154.97188
78.5,154.97102
169.4,154.96985
99.99,154.96645
29.889999999999997,154.96503
132.2,154.96654
390.0,154.96588
225.88,154.9577
207.0,154.95361
359.6,154.9525
30.99,154.94856
9.99,154.95363
119.99,154.96098
209.99999999999997,154.96425
169.9,154.96288
66.0,154.96141
66.99,154.96309
149.9,154.96533
89.9,154.9649
56.00000000000001,154.96532
149.9,154.9668
219.0,154.9657
138.89,154.96214
99.99,154.96086
72.9,154.9617
35.9,154.96378
25.99,154.96672
35.9,154.96944
119.89999999999999,154.97112
94.3,154.96973
20.0,154.96835
139.0,154.96931
129.9,154.9676
330.0,154.96567
169.0,154.95877
55.0,154.95634
165.0,154.95917
25.8,154.96004
150.82,154.9638
55.0,154.96422
129.9,154.96599
619.9,154.96574
46.99,154.95166
349.0,154.95207
89.9,154.94914
843.9999999999999,154.9528
18.79,154.9374
104.99999999999999,154.94197
129.97,154.9498
129.0,154.956
69.9,154.96007
18.95,154.96399
79.9,154.96819
49.9,154.96971
159.9,154.9707
17.19,154.96825
129.9,154.96907
21.0,154.9677
74.0,154.96886
148.7,154.9691
189.9,154.96693
104.5,154.96342
32.9,154.96268
99.9,154.96498
63.5,154.9659
109.9,154.9671
35.9,154.96684
39.9,154.96815
59.989999999999995,154.96954
45.0,154.97005
78.8,154.9705
249.99,154.96992
264.0,154.96452
75.0,154.95853
69.99,154.959
16.0,154.96169
49.0,154.96584
59.7,154.96855
189.9,154.96979
19.99,154.96672
38.0,154.96756
74.9,154.96902
35.9,154.96928
139.9,154.97011
39.78,154.96811
89.0,154.96837
178.69,154.96799
75.0,154.96506
240.95999999999998,154.96484
49.9,154.96115
70.0,154.96239
209.9,154.96443
15.0,154.96246
24.99,154.9649
34.49,154.96796
144.5,154.97014
179.89,154.9685
99.9,154.96504
314.9,154.96405
104.99999999999999,154.95833
287.0,154.95816
12.88,154.95503
129.0,154.95912
57.9,154.96146
175.59,154.96452
390.0,154.96388
124.88,154.95639
47.8,154.95572
119.00000000000001,154.9596
16.9,154.96205
3759.9999999999995,154.96613
27.0,154.8672
32.9,154.86241
189.0,154.89009
49.9,154.91707
199.0,154.94072
36.0,154.95328
169.99,154.9633
50.9,154.96626
122.99,154.96916
165.0,154.96922
69.9,154.96704
125.00000000000001,154.9671
129.9,154.96632
42.2,154.96526
70.0,154.96667
1399.9,154.96777
303.6,154.93242
399.99,154.92386
1190.0,154.924
135.98,154.90555
119.79999999999998,154.91441
130.0,154.93071
28.000000000000004,154.94499
99.9,154.9577
129.99,154.96468
109.9,154.96706
124.9,154.96776
39.99,154.96721
69.98,154.96858
39.9,154.96931
245.0,154.97041
349.9,154.96573
129.9,154.95746
19.0,154.95607
29.989999999999995,154.96034
69.9,154.96507
58.9,154.96765
49.0,154.96916
59.89999999999999,154.97015
160.0,154.97043
99.9,154.96767
38.0,154.96622
99.9,154.96722
12.88,154.96713
119.00000000000001,154.96901
89.7,154.9682
13.9,154.9675
18.9,154.96906
40.6,154.97083
699.0,154.9716
165.0,154.95407
109.0,154.94942
89.9,154.95187
159.9,154.95654
35.0,154.95891
591.07,154.96327
45.0,154.95221
34.9,154.95363
238.00000000000003,154.95915
169.0,154.95912
46.0,154.95908
46.9,154.9624
212.4,154.96593
39.0,154.96414
61.9,154.96568
45.0,154.96733
83.8,154.969
60.9,154.96916
137.8,154.96938
149.9,154.96748
29.9,154.965
91.99,154.96622
59.89999999999999,154.96666
149.0,154.96759
49.0,154.96603
200.0,154.96677
44.9,154.964
119.00000000000001,154.96495
24.99,154.96492
120.0,154.9671
39.99,154.96689
17.9,154.9681
97.9,154.97006
49.99,154.96959
70.0,154.96971
59.989999999999995,154.96947
49.99,154.9694
49.0,154.9697
37.49,154.97003
111.9,154.97063
110.65,154.9691
24.0,154.96733
22.0,154.96826
19.49,154.96991
46.0,154.97144
19.9,154.9718
46.99,154.97238
33.9,154.97215
439.0,154.97208
27.9,154.9611
159.0,154.96045
429.9,154.95995
35.98,154.95227
100.0,154.95488
124.88,154.95859
15.0,154.96103
145.8,154.9654
689.99,154.96579
80.0,154.95003
43.8,154.94946
49.9,154.95515
225.9,154.96126
99.9,154.96117
129.0,154.96245
42.0,154.96309
78.9,154.96567
31.86,154.96721
49.9,154.96924
79.0,154.97041
14.9,154.97017
69.9,154.9712
19.9,154.97092
104.99999999999999,154.97156
101.4,154.97006
42.0,154.96829
80.98,154.96849
29.1,154.96825
64.9,154.96931
358.34,154.96957
219.90000000000003,154.9616
21.99,154.95668
40.0,154.95943
269.98,154.96356
219.90000000000003,154.96088
160.0,154.95801
320.0,154.95746
144.9,154.95355
39.99,154.95425
127.0,154.9592
18.0,154.96191
69.9,154.96611
104.99,154.96834
54.49000000000001,154.96835
91.8,154.96896
78.9,154.9686
419.9,154.9683
25.99,154.9589
30.99,154.9595
11.97,154.96318
396.9,154.96742
35.9,154.96039
99.0,154.96114
68.9,154.96265
27.49,154.9648
369.9,154.96773
58.99999999999999,154.96094
49.9,154.96101
24.9,154.96365
259.9,154.96712
29.6,154.96361
43.0,154.96489
258.1,154.96709
310.01,154.96321
320.0,154.9569
12.9,154.95117
28.95,154.95543
169.9,154.9615
367.9,154.9628
137.9,154.95683
30.900000000000002,154.95624
119.99,154.96048
258.99,154.96283
259.99,154.96017
139.0,154.95651
89.9,154.95676
38.75,154.95955
17.99,154.96384
39.98,154.96806
49.99,154.97057
124.88,154.97156
75.0,154.96974
14.9,154.96877
58.99,154.96992
24.0,154.97028
89.99,154.97119
169.0,154.97026
84.9,154.96681
27.9,154.9657
59.989999999999995,154.96718
34.9,154.96828
104.99999999999999,154.96965
69.99,154.96886
299.99,154.9685
86.57,154.96219
110.89,154.96129
173.94,154.96178
19.9,154.96094
33.49,154.964
69.9,154.96727
69.9,154.96873
49.9,154.96925
59.989999999999995,154.96985
100.0,154.97002
15.9,154.9689
109.99,154.96992
74.9,154.96881
94.5,154.96825
64.99,154.96745
46.0,154.96759
29.989999999999995,154.96852
174.9,154.9699
44.99,154.96716
27.19,154.96727
119.89999999999999,154.96878
76.9,154.96786
1260.0,154.96754
249.9,154.93547
35.0,154.92856
155.0,154.93779
139.98,154.94675
89.99,154.95377
14.000000000000002,154.95972
89.0,154.96587
279.9,154.96846
54.9,154.96399
73.0,154.96436
55.9,154.96573
129.97,154.96748
49.9,154.96686
1199.95,154.96776
94.9,154.93776
123.99999999999999,154.93523
43.5,154.94182
120.0,154.95187
80.0,154.95847
219.0,154.9633
209.0,154.96259
59.89,154.96045
161.9,154.9624
85.71,154.96242
110.0,154.9638
55.0,154.96463
24.99,154.96648
139.0,154.969
39.9,154.96797
104.99999999999999,154.96869
256.0,154.96803
49.99,154.96298
29.989999999999995,154.96333
83.0,154.96594
69.0,154.96716
88.9,154.968
27.99,154.96796
78.0,154.96925
25.98,154.96933
39.9,154.97034
139.0,154.97104
89.9,154.96875
57.31,154.96739
34.9,154.96756
76.8,154.96881
21.99,154.96895
270.0,154.97015
259.0,154.96474
80.0,154.9588
138.0,154.95909
80.0,154.95985
148.0,154.96213
159.0,154.96252
340.99,154.9619
49.0,154.9562
25.0,154.9582
69.99,154.9629
89.99,154.96608
39.9,154.96735
199.0,154.96902
60.0,154.9661
219.99000000000004,154.96611
127.27,154.9628
35.9,154.9617
24.98,154.96411
99.9,154.96735
124.88,154.96799
46.0,154.96693
26.9,154.9677
59.97999999999999,154.96939
44.0,154.97005
23.8,154.9706
25.0,154.9715
29.9,154.97223
119.89999999999999,154.97258
71.2,154.97028
83.99,154.96898
105.99000000000001,154.96802
69.5,154.9668
248.99999999999997,154.96683
139.2,154.96242
48.9,154.96066
51.98,154.96269
250.89000000000001,154.9654
47.9,154.96228
139.0,154.96352
179.0,154.96344
129.99,154.96188
44.0,154.96156
67.9,154.96405
295.0,154.9662
77.0,154.96156
129.9,154.96172
36.2,154.96205
16.0,154.96484
134.9,154.96829
44.99,154.96785
125.28,154.96863
219.99000000000004,154.96745
950.0000000000001,154.96336
74.9,154.93959
59.89999999999999,154.93915
113.29999999999998,154.9471
101.0,154.95432
129.9,154.95981
119.4,154.96254
137.9,154.96397
107.90000000000002,154.96408
229.99,154.9645
189.9,154.96158
30.999999999999996,154.95937
28.000000000000004,154.96223
154.0,154.96613
159.98,154.96591
15.0,154.96422
23.99,154.96638
34.9,154.96902
42.97,154.9708
75.98,154.9716
75.0,154.97095
164.99,154.97
129.9,154.96675
119.00000000000001,154.96451
13.649999999999999,154.96349
137.0,154.96597
560.0,154.96568
70.0,154.95311
70.0,154.95297
35.0,154.95708
139.0,154.96246
99.9,154.9641
114.90000000000002,154.96512
109.9,154.96529
55.0,154.96526
79.9,154.96663
138.23,154.96742
733.3,154.96623
94.0,154.9486
33.0,154.94734
459.0,154.95358
19.5,154.9492
132.9,154.9543
49.99,154.95824
199.0,154.96301
79.9,154.96281
39.99,154.9642
35.98,154.96683
79.9,154.96925
138.0,154.96977
99.9,154.96791
26.500000000000004,154.96675
43.44,154.96806
149.9,154.9694
138.0,154.9675
165.0,154.96533
29.98,154.9629
35.0,154.96466
55.0,154.96722
99.99,154.96886
130.0,154.96854
720.99,154.96684
197.8,154.94917
25.0,154.94492
349.9,154.95097
9.99,154.95013
130.0,154.9564
148.69,154.96027
55.0,154.9618
9.99,154.9647
99.0,154.96854
99.8,154.96922
9.99,154.96864
27.9,154.97017
39.9,154.9715
15.0,154.97203
34.5,154.97282
499.8,154.97293
379.9,154.96022
39.89,154.94975
122.99,154.952
56.989999999999995,154.95566
39.0,154.96065
6.5,154.96532
109.9,154.96954
269.0,154.96976
79.0,154.96428
926.0,154.96342
32.9,154.94144
84.9,154.94226
59.97999999999999,154.94917
299.0,154.95695
1660.0,154.9566
16.0,154.91669
69.9,154.91872
43.0,154.93286
117.99999999999999,154.94801
119.89999999999999,154.9576
34.0,154.96281
52.0,154.96756
45.9,154.97035
44.99,154.97186
9.9,154.97249
588.5,154.97353
40.35,154.95874
129.97,154.95724
49.9,154.95822
97.0,154.96184
19.69,154.96414
182.72,154.96751
48.9,154.96597
106.00000000000001,154.9668
69.9,154.96664
49.0,154.96718
145.0,154.96834
44.99,154.96681
30.5,154.96747
26.9,154.96907
13.649999999999999,154.97064
109.0,154.97215
250.00000000000003,154.97067
196.8,154.96477
209.99999999999997,154.96034
650.0,154.95723
29.9,154.94348
220.0,154.94655
29.989999999999995,154.9494
89.0,154.95654
59.989999999999995,154.96176
12.88,154.96574
69.9,154.96959
198.0,154.97083
79.9,154.96736
46.99,154.9664
24.9,154.96736
99.9,154.9693
45.0,154.969
132.9,154.96948
176.0,154.96774
50.0,154.96452
89.9,154.96504
135.0,154.9656
40.99,154.96483
45.0,154.96634
55.38,154.96811
99.0,154.96924
25.8,154.96867
139.0,154.96967
45.9,154.96786
73.02,154.9681
203.0,154.9682
318.0,154.96475
69.8,154.95789
248.99999999999997,154.95839
269.9,154.95642
45.9,154.95358
11.97,154.95728
119.79999999999998,154.96313
203.4,154.96529
43.98,154.96341
234.0,154.96497
42.99,154.96216
79.9,154.96373
58.99999999999999,154.96536
20.0,154.96713
6.9,154.96954
429.98999999999995,154.97186
69.9,154.96213
96.0,154.96059
42.97,154.96153
15.0,154.96443
135.0,154.96802
49.9,154.96765
59.89999999999999,154.96835
148.0,154.96898
104.99999999999999,154.96701
55.0,154.96585
39.0,154.96658
40.49,154.96822
107.80000000000001,154.96965
89.0,154.96883
89.0,154.96797
72.78999999999999,154.96735
169.9,154.96736
119.89999999999999,154.96498
14.350000000000001,154.96378
127.0,154.96613
49.0,154.96602
1190.0,154.96722
560.0,154.93768
179.9,154.9227
1999.0000000000002,154.92686
106.00000000000001,154.88689
65.5,154.89427
193.9,154.91685
225.00000000000003,154.93517
28.95,154.94656
35.9,154.95805
188.99,154.96638
45.08,154.96729
27.19,154.96924
26.4,154.97139
45.9,154.97296
319.0,154.97328
117.9,154.96565
97.6,154.9627
209.99,154.96262
855.0,154.96043
139.0,154.94067
34.9,154.93958
229.0,154.94789
159.0,154.95195
89.99,154.95546
399.9,154.95978
468.99999999999994,154.95493
299.0,154.94638
159.04,154.94344
329.9,154.94693
19.9,154.94704
50.0,154.95436
89.19,154.96141
37.9,154.96545
112.00000000000001,154.9688
52.88000000000001,154.96902
104.99999999999999,154.96967
248.99999999999997,154.96886
49.9,154.96382
265.8,154.964
58.99999999999999,154.96008
34.9,154.96133
124.9,154.96466
19.9,154.9654
179.9,154.96786
69.99,154.966
56.1,154.96611
74.9,154.96722
72.4,154.96786
39.9,154.96825
89.0,154.9693
256.99,154.96896
11.04,154.96373
16.5,154.96484
124.88,154.96764
9.99,154.96735
37.5,154.96918
119.00000000000001,154.97054
89.9,154.96916
289.9,154.968
35.9,154.96184
13.9,154.96245
55.0,154.96576
27.9,154.96802
42.0,154.97006
129.0,154.97112
117.99999999999999,154.96924
120.0,154.96715
90.0,154.96547
399.9,154.96518
87.99,154.95706
55.0,154.95686
23.9,154.96031
120.0,154.9649
153.99,154.96611
92.89,154.96498
11.49,154.965
87.98,154.9676
104.99999999999999,154.96832
61.99999999999999,154.96774
34.9,154.96803
109.99,154.96924
599.98,154.96843
69.99,154.9539
25.9,154.9529
114.90000000000002,154.9579
150.0,154.96121
119.00000000000001,154.96214
97.5,154.96292
65.0,154.96405
24.99,154.96587
64.9,154.9685
32.99,154.96965
26.9,154.97083
139.8,154.97186
158.9,154.96951
127.26,154.9661
349.0,154.96407
29.9,154.95703
24.9,154.95879
109.9,154.96317
13.649999999999999,154.965
417.0,154.96811
66.39,154.95999
69.0,154.95969
199.0,154.96202
300.0,154.96112
94.9,154.95663
296.5,154.95769
53.99000000000001,154.9549
28.000000000000004,154.95808
15.0,154.96317
132.2,154.96791
499.8,154.96814
129.9,154.95688
60.0,154.95468
66.55,154.958
34.9,154.96207
14.749999999999998,154.9662
163.52,154.96982
149.9,154.9683
137.88,154.96582
119.00000000000001,154.96399
99.99,154.96332
49.9,154.96373
598.0,154.96573
10.0,154.95293
32.0,154.95442
32.9,154.95975
109.0,154.96492
120.0,154.96666
45.0,154.9665
52.36,154.96779
39.49,154.96902
258.0,154.9702
61.99999999999999,154.96518
61.99999999999999,154.96463
1050.0,154.96574
59.89999999999999,154.94037
76.7,154.93958
29.989999999999995,154.94685
255.0,154.95615
49.9,154.95769
249.9,154.9618
39.8,154.96039
67.42,154.9631
48.9,154.96574
74.9,154.96814
122.99,154.96909
514.9,154.96799
29.9,154.95589
104.99999999999999,154.95633
56.989999999999995,154.95885
12.25,154.96265
56.00000000000001,154.96713
99.9,154.96948
136.75,154.96933
49.9,154.96738
149.0,154.96765
18.9,154.96591
149.0,154.96744
122.99,154.96614
79.9,154.96494
89.9,154.96524
22.32,154.96568
129.97,154.96791
69.99,154.96722
129.99,154.96738
66.99,154.96614
149.99,154.96646
119.85,154.96498
135.9,154.9641
29.0,154.96323
238.00000000000003,154.96545
119.00000000000001,154.96252
34.9,154.96184
180.4,154.96436
129.49,154.9634
49.8,154.96288
249.49999999999997,154.9648
15.0,154.96167
9.99,154.96397
84.9,154.96764
161.42,154.96878
129.9,154.9667
139.0,154.96494
69.9,154.9635
66.99,154.96439
69.0,154.9659
169.0,154.96716
70.0,154.96533
69.9,154.9656
124.89,154.9665
119.00000000000001,154.96591
39.0,154.96512
62.89999999999999,154.96663
599.0,154.96786
270.0,154.95421
19.99,154.94804
19.0,154.95277
29.989999999999995,154.95995
109.0,154.96577
175.99,154.96754
179.9,154.9657
249.9,154.96301
64.0,154.95885
338.89,154.96028
89.9,154.95578
179.0,154.95718
139.0,154.95782
78.9,154.95912
130.0,154.96191
122.9,154.96315
370.0,154.9637
763.5,154.95721
299.8,154.9394
60.0,154.93506
59.89999999999999,154.94284
184.0,154.95267
159.8,154.95732
58.99999999999999,154.95969
58.99,154.96344
120.0,154.96664
219.0,154.96716
76.0,154.96393
39.0,154.9641
79.9,154.96632
49.9,154.96751
66.99,154.96883
249.9,154.96936
89.8,154.96457
499.8,154.96352
34.9,154.95293
59.89999999999999,154.95447
50.0,154.95901
29.9,154.96365
159.9,154.96767
50.89,154.96693
39.9,154.96776
139.99,154.96916
99.99,154.96767
15.489999999999998,154.96666
51.8,154.96834
159.49,154.96948
29.59,154.96722
135.0,154.96793
79.9,154.96658
66.99,154.96638
49.0,154.96698
122.99,154.96815
169.9,154.96722
95.0,154.96458
72.0,154.96408
219.98,154.96504
199.0,154.96227
78.0,154.95952
108.99,154.9608
17.9,154.96227
29.9,154.96587
449.9,154.96893
169.89,154.95969
29.969999999999995,154.9563
239.79999999999998,154.95955
736.0,154.95851
69.99,154.94289
19.9,154.9445
169.9,154.95288
109.9,154.95728
689.99,154.96085
159.0,154.94757
129.98,154.94647
71.8,154.95056
152.0,154.95686
35.9,154.9601
119.00000000000001,154.96458
109.9,154.9661
125.79999999999998,154.96642
82.9,154.9658
49.9,154.96616
34.99,154.96759
187.85,154.96938
48.9,154.96667
69.8,154.9669
181.0,154.96748
16.75,154.965
39.0,154.96657
199.9,154.96846
109.9,154.96565
65.1,154.96442
97.5,154.96524
51.0,154.96568
57.9,154.9671
329.9,154.96832
389.0,154.9618
87.9,154.95282
32.0,154.95349
140.9,154.95876
3.0,154.96124
44.99,154.9659
34.0,154.96895
56.989999999999995,154.97098
29.989999999999995,154.97147
117.99999999999999,154.97205
109.9,154.9701
139.9,154.96799
209.99999999999997,154.96556
160.76,154.96176
27.9,154.95981
227.16999999999996,154.96259
134.99,154.96086
109.0,154.96059
18.9,154.96158
39.9,154.9652
19.99,154.96819
36.99,154.9707
117.6,154.97195
97.5,154.97028
66.99,154.96855
14.000000000000002,154.9681
63.980000000000004,154.96957
24.9,154.96996
124.9,154.9709
49.9,154.96912
492.0,154.96889
110.89,154.95732
103.99,154.95525
158.61,154.95714
48.9,154.95837
46.99,154.96207
39.9,154.9657
39.99,154.96858
128.0,154.97044
149.8,154.96912
161.99,154.96645
36.9,154.9637
95.2,154.96498
144.88,154.9657
39.9,154.9647
79.69,154.96622
28.899999999999995,154.96712
109.9,154.96893
48.0,154.9684
119.00000000000001,154.96889
91.55,154.96767
82.49,154.96692
17.9,154.96678
80.38,154.9686
119.00000000000001,154.96892
300.0,154.9676
37.99,154.96121
161.99,154.96185
45.0,154.96136
829.0,154.96378
35.9,154.94536
79.9,154.94624
185.8,154.95226
108.12,154.95554
349.0,154.95917
69.9,154.95554
32.9,154.95795
169.9,154.96277
27.9,154.96344
38.0,154.96632
91.55,154.96893
39.0,154.9693
78.6,154.97018
209.0,154.96992
150.0,154.96582
117.99999999999999,154.96304
66.99,154.96231
340.0,154.96379
50.9,154.9583
175.99,154.95969
38.0,154.95969
13.47,154.96295
69.99,154.96712
14.5,154.96898
70.0,154.97108
13.989999999999998,154.9712
130.0,154.97212
79.9,154.96992
779.9,154.96858
124.89,154.94894
70.0,154.94603
119.00000000000001,154.95099
119.00000000000001,154.956
35.9,154.95972
100.99,154.96434
159.0,154.96634
35.0,154.96536
71.8,154.96698
165.0,154.96805
319.9,154.96608
53.99000000000001,154.95943
124.16999999999999,154.9601
99.0,154.96117
119.89999999999999,154.96275
44.9,154.96352
24.99,154.96588
29.9,154.96867
25.0,154.97075
109.9,154.97215
220.64,154.97066
159.0,154.96559
139.0,154.96228
1089.98,154.96098
34.49,154.93494
55.0,154.93602
12.9,154.94545
364.0,154.95631
197.78,154.95543
954.0000000000001,154.95538
99.9,154.93523
16.4,154.9367
29.989999999999995,154.94736
514.9,154.95787
65.99,154.95253
79.0,154.95541
186.0,154.95998
79.0,154.96097
390.0,154.96336
24.99,154.95718
27.9,154.95955
129.9,154.96408
79.99,154.96535
29.9,154.96652
364.0,154.96869
103.9,154.9616
69.9,154.96024
14.9,154.96208
150.0,154.96596
29.0,154.96588
84.99,154.96773
18.9,154.96825
46.4,154.96994
180.9,154.97084
122.99,154.9676
84.89,154.96535
19.9,154.96506
230.0,154.96722
24.12,154.964
49.9,154.96535
49.0,154.96721
89.98,154.96877
164.9,154.96872
84.4,154.96613
114.90000000000002,154.96552
45.0,154.96492
51.0,154.96637
69.9,154.96794
249.49,154.96866
119.97999999999999,154.96405
69.9,154.96236
34.99,154.96344
747.0,154.96611
74.0,154.94939
9.9,154.94875
229.99,154.95544
279.0,154.95691
40.4,154.95494
20.25,154.9588
76.0,154.9642
37.9,154.96718
49.6,154.96957
69.8,154.97083
179.0,154.9708
64.99,154.96736
99.9,154.96674
19.9,154.96625
69.9,154.96806
122.99,154.96881
35.9,154.96759
25.0,154.96835
220.64,154.96988
19.99,154.96599
579.99,154.9667
59.89999999999999,154.95367
49.9,154.95348
29.989999999999995,154.95795
80.0,154.96333
394.9,154.96631
1199.9,154.95924
26.19,154.92882
35.0,154.9304
55.9,154.9421
125.89999999999999,154.95352
79.9,154.96004
59.989999999999995,154.96452
79.9,154.9677
34.9,154.96906
150.0,154.9706
17.75,154.96866
142.9,154.96954
149.9,154.96774
75.0,154.96527
149.9,154.96524
53.99000000000001,154.96397
23.98,154.96521
124.9,154.96777
109.0,154.96739
99.99,154.96655
9.0,154.96602
129.0,154.96819
87.0,154.96744
89.49,154.96704
124.89,154.9668
39.99,154.96571
199.0,154.96692
54.0,154.96428
69.9,154.96497
139.99,154.96616
38.8,154.96533
19.49,154.96675
64.9,154.9691
810.0,154.96991
95.2,154.94986
78.0,154.94739
124.85,154.95198
64.8,154.95644
79.0,154.96135
210.8,154.96478
52.0,154.9633
189.0,154.96484
96.8,154.9633
128.0,154.96358
13.989999999999998,154.96353
153.9,154.96646
49.0,154.96582
99.99,154.96698
79.0,154.96706
149.0,154.9673
59.989999999999995,154.96564
199.0,154.96616
580.0,154.96353
58.99999999999999,154.95023
20.0,154.95091
85.9,154.9572
171.15,154.96193
39.9,154.96265
117.0,154.96538
490.90000000000003,154.96602
63.99000000000001,154.95569
1999.9899999999998,154.95589
169.0,154.90697
39.0,154.9043
54.9,154.92139
89.8,154.94019
229.0,154.95378
79.8,154.95847
44.0,154.963
62.989999999999995,154.96724
245.0,154.96968
69.99,154.9659
189.9,154.96565
189.98,154.96336
60.0,154.9609
64.9,154.96251
70.0,154.9649
159.9,154.96677
15.9,154.96555
22.32,154.96748
50.9,154.96979
79.9,154.97081
69.5,154.97034
78.9,154.96977
86.34,154.96904
44.9,154.96823
175.99,154.9687
79.0,154.96596
79.99,154.96545
56.1,154.96582
379.9,154.96701
29.9,154.95947
123.98999999999998,154.96039
86.25,154.96143
119.99,154.96324
35.0,154.96393
29.9,154.96638
98.6,154.96893
219.0,154.969
220.64,154.96494
289.9,154.96053
27.9,154.95528
124.85,154.95818
96.54,154.96045
79.99,154.96269
52.9,154.96481
319.0,154.96707
45.0,154.96162
86.9,154.96239
75.5,154.96391
27.99,154.96558
209.99999999999997,154.96812
39.9,154.9654
235.99999999999997,154.9662
60.0,154.96268
115.34999999999998,154.96336
59.97999999999999,154.96379
189.0,154.9655
251.70999999999998,154.96373
56.89999999999999,154.95955
97.0,154.96094
49.9,154.96275
79.9,154.96548
110.0,154.96701
27.9,154.96693
25.0,154.96855
35.9,154.97038
245.3,154.97148
99.0,154.9664
45.8,154.9645
120.0,154.9656
429.9,154.9654
330.0,154.95645
6.9,154.94963
110.32,154.95406
189.9,154.95833
299.45,154.9593
384.9,154.956
29.9,154.94984
135.0,154.95395
36.0,154.9576
179.9,154.9628
219.90000000000003,154.9633
225.00000000000003,154.96101
169.9,154.95824
29.989999999999995,154.95752
119.00000000000001,154.96143
268.38,154.96344
530.0,154.96025
40.0,154.9491
220.64,154.95143
209.9,154.95282
39.9,154.95381
99.99,154.959
106.00000000000001,154.96266
315.79999999999995,154.96468
270.0,154.95996
119.99,154.95544
24.9,154.9562
238.59999999999997,154.96109
79.99,154.96031
145.0,154.9621
79.9,154.96254
79.9,154.96416
37.0,154.96574
107.90000000000002,154.96803
189.0,154.96805
75.9,154.96507
90.0,154.9649
78.0,154.96535
199.9,154.96617
136.0,154.96362
49.99,154.96233
112.9,154.96413
48.5,154.96477
110.32,154.96661
51.67,154.96672
29.0,154.96777
35.0,154.9695
23.99,154.97081
89.99,154.97192
79.99,154.9709
289.9,154.96967
899.9,154.96303
76.0,154.93979
132.2,154.93939
348.0,154.9453
29.989999999999995,154.94594
320.0,154.9533
49.9,154.95328
108.0,154.95805
45.0,154.9617
69.0,154.96567
17.75,154.96805
398.7000000000001,154.97063
39.9,154.96228
33.49,154.9621
57.88999999999999,154.96486
209.0,154.96718
109.99,154.96465
39.5,154.96382
199.9,154.96568
767.3,154.96364
124.9,154.94545
149.9,154.94402
392.9,154.94794
119.89999999999999,154.94606
51.99,154.95015
74.8,154.95708
106.00000000000001,154.96254
58.32,154.96524
299.08,154.9676
22.99,154.96272
188.99,154.96408
119.7,154.9627
55.0,154.96257
89.6,154.96463
99.9,154.96593
598.99,154.96635
60.79999999999999,154.95288
27.9,154.95282
680.0,154.95818
112.99000000000001,154.9463
39.9,154.94714
58.0,154.95404
43.99,154.96066
78.0,154.96587
149.0,154.96832
1199.0,154.96732
29.0,154.93694
334.9,154.93636
1800.0000000000002,154.93768
39.28,154.89941
416.0,154.9059
78.0,154.91562
39.99,154.933
79.99,154.94958
32.9,154.96053
26.500000000000004,154.968
109.0,154.9725
76.9,154.97252
109.9,154.97176
920.0,154.96996
58.5,154.94624
70.25,154.94466
69.9,154.95056
160.76,154.9574
39.99,154.96033
62.209999999999994,154.96448
56.00000000000001,154.96736
89.0,154.96922
109.8,154.96936
524.98,154.96826
28.899999999999995,154.95581
106.99,154.95618
197.13,154.95865
199.99,154.95871
120.0,154.9579
219.0,154.9592
36.9,154.9582
25.9,154.96162
298.0,154.96591
298.0,154.96205
124.9,154.95645
259.8,154.9564
299.0,154.9546
55.8,154.95161
58.019999999999996,154.9556
70.0,154.96082
116.25,154.96478
229.0,154.96603
99.0,154.96303
149.0,154.96286
335.0,154.96233
49.9,154.95676
45.0,154.95865
34.9,154.96268
35.0,154.96663
15.0,154.96951
187.9,154.97183
159.49,154.96867
37.9,154.96526
21.99,154.9659
123.9,154.96814
199.08,154.96758
89.0,154.96417
69.86,154.9637
69.9,154.96484
219.0,154.96622
237.99,154.9633
99.9,154.9592
27.9,154.95953
44.99,154.9632
139.77,154.96657
110.32,154.9664
79.9,154.9659
74.5,154.96625
122.99,154.96692
122.99,154.9662
64.99,154.9652
69.81,154.96593
89.9,154.9669
31.990000000000002,154.96716
109.9,154.96867
79.0,154.96811
114.90000000000002,154.9678
34.9,154.96672
50.0,154.96779
34.5,154.96889
19.9,154.97014
204.9,154.97148
169.0,154.96753
49.8,154.96379
70.0,154.96432
29.9,154.9656
128.9,154.96786
49.9,154.96722
153.75,154.96791
30.0,154.96606
29.989999999999995,154.9672
45.0,154.96902
59.989999999999995,154.9702
199.8,154.97043
39.9,154.96652
260.0,154.96655
28.799999999999997,154.96196
49.9,154.96324
209.0,154.9656
151.98,154.96344
49.9,154.96185
33.89,154.96367
399.0,154.96658
93.99,154.95926
166.9,154.95863
135.0,154.9585
197.5,154.95941
144.9,154.95879
59.89999999999999,154.9592
385.0,154.9622
299.99,154.95651
119.00000000000001,154.95169
125.00000000000001,154.95334
39.99,154.95656
128.9,154.96176
27.9,154.96388
84.99,154.96713
44.99,154.96838
12.47,154.96968
119.89999999999999,154.97151
86.25,154.97011
39.99,154.96886
23.99,154.96922
199.9,154.97041
219.0,154.96684
95.2,154.96205
104.99999999999999,154.96149
17.99,154.96219
27.9,154.96552
101.0,154.96857
220.0,154.9688
79.0,154.9648
29.7,154.96425
334.0,154.96631
89.0,154.96051
138.9,154.96019
138.9,154.96046
95.2,154.96088
89.9,154.9624
29.989999999999995,154.96408
15.9,154.96698
69.9,154.96992
79.99,154.97063
69.0,154.97014
215.22,154.96964
49.9,154.9653
69.9,154.96526
119.00000000000001,154.96613
69.99,154.96574
26.9,154.96634
84.9,154.9683
79.11,154.96864
58.0,154.96849
149.9,154.96881
269.9,154.9667
27.99,154.96109
299.4,154.96231
197.43,154.95819
39.9,154.9561
66.39,154.95953
43.0,154.96321
39.0,154.96664
66.99,154.96924
65.0,154.97011
449.9,154.97021
99.8,154.95966
289.0,154.95769
20.0,154.95404
1399.99,154.95801
760.0,154.92615
39.9,154.90804
119.00000000000001,154.91891
13.649999999999999,154.93454
44.9,154.95056
491.99,154.96179
70.0,154.95648
949.9,154.9584
55.0,154.93845
85.5,154.94049
107.90000000000002,154.94855
149.9,154.95586
130.0,154.95982
89.99,154.96222
69.99,154.96451
167.8,154.96666
199.9,154.96553
89.0,154.96268
159.8,154.96294
55.0,154.96223
539.0,154.9642
164.9,154.95346
79.99,154.95137
78.0,154.95505
95.0,154.95973
67.9,154.96309
379.99,154.96587
159.99,154.95932
89.0,154.95729
165.0,154.95921
65.0,154.9599
129.0,154.96268
118.8,154.9637
69.9,154.96414
120.0,154.96559
69.9,154.96564
45.9,154.96652
89.99,154.96811
139.0,154.9683
199.9,154.96664
99.0,154.96313
169.9,154.96265
129.9,154.96138
159.49,154.96126
99.9,154.96077
3089.0,154.96191
103.0,154.88165
24.9,154.87704
149.0,154.90108
48.9,154.92499
104.99999999999999,154.94548
146.0,154.95816
123.9,154.96387
40.0,154.96632
89.9,154.96922
49.0,154.97006
24.99,154.97095
21.6,154.97215
129.9,154.97316
130.0,154.97084
38.9,154.96796
42.79,154.96805
491.99,154.96896
57.0,154.9578
122.99,154.95721
598.0,154.9586
55.0,154.94743
63.8,154.94969
69.0,154.95569
127.0,154.96121
209.0,154.96362
78.9,154.96217
295.9,154.9633
65.9,154.95917
29.289999999999996,154.96051
634.4,154.96432
78.0,154.9516
99.9,154.9517
1060.0,154.95552
249.89000000000001,154.93358
27.99,154.93074
79.9,154.9411
45.0,154.95178
149.0,154.96074
539.0,154.96405
24.9,154.95404
49.9,154.95607
75.0,154.96092
200.0,154.96469
112.9,154.9637
265.9,154.96371
93.8,154.95992
78.0,154.96043
284.0,154.96268
39.9,154.95935
149.0,154.96158
119.89999999999999,154.96217
122.99,154.96281
138.5,154.96324
14.5,154.96306
31.990000000000002,154.96603
37.9,154.96884
199.8,154.97066
85.39,154.9673
238.00000000000003,154.96616
81.9,154.96193
54.9,154.96196
92.49,154.96414
119.89999999999999,154.96547
1260.0,154.96541
35.8,154.93405
123.9,154.93361
129.99,154.94133
95.0,154.94958
119.89999999999999,154.95685
78.0,154.96129
110.32,154.96478
89.0,154.96617
166.9,154.96704
25.9,154.96536
149.0,154.96701
27.9,154.96602
148.0,154.96759
69.9,154.96637
64.99,154.96661
56.989999999999995,154.9674
75.99,154.96837
78.0,154.96861
90.0,154.96849
95.2,154.96796
139.98,154.96727
478.00000000000006,154.9655
21.5,154.9547
99.0,154.95602
97.98,154.95903
69.99,154.9618
35.0,154.96457
84.99,154.96759
142.39,154.96855
99.9,154.96703
27.49,154.96619
54.99,154.96776
399.0,154.96895
79.9,154.9604
24.33,154.95944
119.79999999999998,154.9628
14.000000000000002,154.96413
149.97,154.96729
269.94,154.96658
159.49,154.96153
52.14,154.95934
110.32,154.96158
6.5,154.96313
60.9,154.96686
139.9,154.96887
88.9,154.96767
36.4,154.96706
23.95,154.96822
169.99,154.96999
79.9,154.96753
795.0,154.96674
69.99,154.94737
38.98,154.94646
179.9,154.95287
69.9,154.9562
29.0,154.96068
64.99,154.96552
15.0,154.96825
34.9,154.9709
24.99,154.97227
53.980000000000004,154.9731
592.0,154.9727
38.62,154.95746
279.9,154.95612
58.99,154.95331
19.99,154.95668
64.99,154.96233
107.90000000000002,154.96605
43.89,154.96706
438.0,154.9686
49.0,154.9593
115.0,154.95927
17.9,154.96059
122.99,154.9646
49.9,154.96564
48.6,154.96738
41.9,154.96895
16.5,154.9702
27.49,154.9717
13.989999999999998,154.97256
65.8,154.97334
75.0,154.97246
79.9,154.971
29.9,154.96956
79.97,154.96985
89.0,154.96928
49.9,154.96832
78.0,154.96855
28.99,154.96837
149.0,154.9694
110.65,154.96736
89.9,154.96587
67.47,154.9655
22.32,154.96623
189.7,154.96835
28.99,154.96588
275.49,154.96686
32.9,154.96211
248.99999999999997,154.96321
36.98,154.96017
165.0,154.96227
54.9,154.96211
60.0,154.9642
169.9,154.96637
99.9,154.96506
70.9,154.9648
37.5,154.96574
35.0,154.96774
15.99,154.96964
62.89999999999999,154.97147
29.989999999999995,154.97156
92.22,154.9719
19.9,154.97055
49.8,154.9709
105.99000000000001,154.97093
34.99,154.9693
56.00000000000001,154.96947
144.9,154.9696
18.0,154.96732
389.9,154.96822
14.5,154.95996
122.99,154.96088
198.0,154.96178
21.0,154.9604
129.99,154.96341
12.25,154.96422
599.98,154.96722
29.9,154.95436
189.99,154.95491
99.99,154.95557
390.0,154.95847
54.79999999999999,154.95357
78.0,154.9564
58.9,154.9605
199.98,154.96445
56.89999999999999,154.96352
69.9,154.96506
38.9,154.96666
69.99,154.96867
309.99,154.96944
79.99,154.96309
114.90000000000002,154.96219
205.52,154.96243
232.75,154.96053
59.8,154.95766
17.9,154.9599
19.9,154.9644
118.44,154.96844
33.0,154.96861
12.9,154.96974
49.9,154.97145
160.0,154.97186
27.9,154.96873
23.9,154.9688
7.99,154.97
79.99,154.97166
85.39,154.97112
159.9,154.96982
134.9,154.9666
38.9,154.96425
85.5,154.9654
169.0,154.96616
66.99,154.96436
28.899999999999995,154.96492
1399.0,154.96718
159.9,154.93231
12.2,154.92778
399.99,154.93864
45.0,154.94136
79.0,154.95027
69.99,154.95813
78.71,154.96385
110.32,154.96713
39.49,154.96786
99.0,154.96942
80.97,154.96916
159.0,154.96881
12.9,154.96637
99.0,154.96777
169.99,154.96773
24.9,154.96529
66.99,154.96657
437.0,154.96764
14.89,154.95836
138.0,154.95943
374.9,154.9604
65.0,154.95468
149.9,154.9566
57.88999999999999,154.95833
23.9,154.96202
109.9,154.96634
33.81,154.96744
122.99,154.96921
23.99,154.96832
424.8,154.96944
119.97999999999999,154.96008
78.0,154.95787
122.99,154.95978
119.89999999999999,154.96135
59.89999999999999,154.96248
539.8,154.9648
39.9,154.95398
20.0,154.9551
269.99,154.96046
149.9,154.95912
55.8,154.9591
27.5,154.96213
73.9,154.96611
16.5,154.96812
85.39,154.97049
23.5,154.97049
58.5,154.97131
514.0,154.97125
76.0,154.95859
79.0,154.95682
28.899999999999995,154.95909
99.99,154.96346
14.99,154.96548
72.0,154.96852
96.9,154.96956
104.99999999999999,154.969
44.99,154.96782
122.99,154.96832
9.0,154.96716
70.0,154.9688
99.9,154.9693
159.8,154.96846
225.00000000000003,154.96579
76.0,154.96143
199.99,154.96169
78.0,154.96007
109.9,154.96156
179.99,154.96286
29.9,154.96187
42.72,154.96445
29.9,154.96721
27.99,154.96965
14.89,154.97139
32.76,154.97278
258.0,154.97318
78.9,154.96707
42.9,154.96516
466.0,154.96614
68.9,154.9564
149.0,154.95633
178.98,154.95741
45.0,154.9578
59.89999999999999,154.96147
135.0,154.96492
140.0,154.9654
119.89999999999999,154.96461
22.9,154.96416
46.99,154.96652
795.0,154.96857
139.77,154.94974
19.99,154.94656
380.0,154.95273
193.0,154.9507
97.0,154.95149
59.89999999999999,154.9557
55.49999999999999,154.96098
48.59,154.96535
97.0,154.96846
86.0,154.96902
17.99,154.96884
159.49,154.97026
90.1,154.96799
29.8,154.96692
209.99,154.96811
98.0,154.9649
58.99,154.96405
51.89,154.96526
31.98,154.96704
79.9,154.96909
179.0,154.96938
40.0,154.96635
149.9,154.96674
98.0,154.96521
28.000000000000004,154.96484
194.9,154.96683
59.989999999999995,154.9646
50.9,154.96516
69.98,154.9668
134.8,154.96783
299.8,154.96664
156.8,154.96059
90.0,154.95833
199.8,154.95976
184.0,154.95909
75.0,154.95834
49.9,154.96071
99.99,154.96422
269.9,154.96582
18.95,154.9618
44.99,154.96373
34.9,154.96642
539.8,154.96892
369.0,154.95708
188.0,154.94812
86.0,154.94742
194.91,154.95238
29.989999999999995,154.95505
45.0,154.96072
109.9,154.96555
134.9,154.96709
149.98,154.96645
99.0,154.96481
179.9,154.96463
699.9,154.96275
47.9,154.94673
89.9,154.94778
49.9,154.95319
57.9,154.95969
140.0,154.96468
194.91,154.96568
99.18,154.9636
33.9,154.9636
66.49,154.96603
69.99,154.96774
30.900000000000002,154.96864
39.0,154.97006
48.99,154.97105
127.26,154.97136
124.88,154.96921
91.8,154.96686
69.0,154.96593
99.95,154.96631
99.9,154.96622
59.989999999999995,154.96597
184.0,154.96684
72.0,154.96451
49.9,154.96475
265.0,154.96638
99.9,154.96227
49.0,154.96176
389.8,154.96397
45.0,154.95734
49.99,154.95879
129.9,154.96245
510.0,154.96373
31.990000000000002,154.95366
369.49,154.9553
173.9,154.9514
399.9,154.9519
118.7,154.94771
99.4,154.95062
199.9,154.95575
225.99,154.95755
27.9,154.95708
169.9,154.96133
119.89999999999999,154.96222
55.0,154.96306
150.82,154.9654
117.0,154.96504
70.25,154.96474
194.0,154.96577
29.9,154.96364
109.0,154.9654
55.0,154.96585
58.0,154.9672
199.9,154.9684
55.0,154.9654
68.0,154.96568
188.16,154.96663
11.9,154.9643
154.0,154.96623
232.75,154.96526
56.00000000000001,154.96144
122.99,154.96245
295.0,154.963
49.0,154.95863
1129.99,154.96039
79.8,154.93452
89.99,154.93462
64.99,154.94319
12.25,154.95303
34.95,154.96219
99.9,154.96817
79.9,154.96979
179.9,154.97002
79.0,154.96701
55.0,154.96635
189.88,154.96725
159.0,154.96477
49.0,154.9626
48.49,154.96407
49.99,154.96637
120.0,154.9683
86.0,154.96771
122.99,154.96736
98.0,154.96617
45.0,154.96568
219.0,154.96696
18.5,154.96382
120.0,154.96541
19.99,154.96547
59.89999999999999,154.96765
74.67,154.96893
28.899999999999995,154.96916
18.49,154.9702
27.9,154.97153
139.0,154.97234
29.889999999999997,154.96974
66.99,154.96964
29.989999999999995,154.96936
155.8,154.9701
319.96,154.96759
41.79,154.96022
162.0,154.96066
0.0,154.96039
33.99,154.96431
399.0,154.96773
33.6,154.96025
69.0,154.96095
45.0,154.96329
37.0,154.96619
109.99,154.96873
149.0,154.96854
14.85,154.96642
44.64,154.9678
29.989999999999995,154.96921
35.9,154.9706
86.99,154.97147
189.0,154.97055
149.95,154.9665
29.989999999999995,154.96352
119.97999999999999,154.9649
42.0,154.96497
64.9,154.96666
670.0,154.96788
12.9,154.95227
73.0,154.95287
21.99,154.95718
184.9,154.96295
29.289999999999996,154.96335
159.9,154.96605
49.9,154.96533
24.99,154.96658
149.9,154.96886
49.9,154.96748
274.95,154.96791
86.0,154.96275
44.92,154.96216
219.0,154.96436
173.9,154.96222
51.31,154.9604
89.9,154.9625
11.0,154.96431
119.99,154.9677
55.0,154.96777
99.92,154.96849
64.99,154.968
17.49,154.96819
599.0,154.96979
119.85,154.95575
130.0,154.95308
19.99,154.95468
14.9,154.96024
122.99,154.96584
99.99,154.9671
99.18,154.96721
113.08000000000001,154.96693
28.899999999999995,154.96622
98.9,154.96777
166.0,154.96779
14.5,154.96547
129.0,154.96703
349.99,154.9664
170.3,154.95923
179.89,154.9566
69.99,154.95593
23.99,154.95908
119.00000000000001,154.96393
145.0,154.96553
119.97999999999999,154.96497
1350.0,154.96448
199.99,154.93083
99.0,154.92607
30.800000000000004,154.93504
150.0,154.94807
51.9,154.95592
199.0,154.96268
70.5,154.96338
169.9,154.96533
16.99,154.96448
34.9,154.96696
41.89,154.96939
69.5,154.97092
254.7,154.97098
594.9,154.96547
28.99,154.95035
104.99999999999999,154.9512
299.99,154.95518
48.9,154.95389
0.0,154.95796
17.9,154.96414
76.35,154.96895
62.89999999999999,154.97044
29.989999999999995,154.9708
675.0,154.97154
449.9,154.95477
160.0,154.94258
90.0,154.94296
234.88999999999996,154.94937
330.0,154.95221
69.0,154.9506
463.79999999999995,154.95503
1670.0,154.94972
161.42,154.9097
559.99,154.90964
12.0,154.91226
267.98,154.92987
129.99,154.94112
149.89,154.95107
311.9,154.95752
24.9,154.95673
189.9,154.9614
259.99,154.96217
63.99000000000001,154.95943
24.9,154.96146
69.9,154.96555
86.0,154.96799
199.9,154.96873
25.89,154.96564
69.99,154.9667
239.9,154.96767
90.0,154.96373
22.9,154.96321
24.89,154.96576
39.96,154.96861
95.0,154.97041
69.9,154.9699
26.19,154.9694
28.99,154.97023
59.989999999999995,154.97118
130.0,154.97107
169.99,154.96873
199.9,154.9652
66.99,154.96136
27.9,154.962
133.9,154.96506
535.9,154.96529
32.0,154.95364
97.0,154.95473
169.0,154.95807
770.0,154.95934
78.0,154.94337
39.0,154.94455
166.9,154.95227
149.9,154.9567
53.00000000000001,154.95937
399.8,154.96338
39.9,154.95746
189.0,154.95941
211.98000000000002,154.95952
149.7,154.9583
49.95,154.95862
9.0,154.96205
89.0,154.96674
39.0,154.96843
99.99,154.97002
28.99,154.9695
18.95,154.97028
79.9,154.97154
14.000000000000002,154.97096
89.0,154.97166
69.9,154.97057
39.45,154.96967
221.99999999999997,154.96985
129.89,154.96545
166.9,154.96313
149.0,154.96114
49.99,154.96025
75.9,154.96268
169.97,154.96489
133.8,154.96393
23.9,154.96317
71.8,154.9656
99.0,154.96722
94.95,154.9674
539.0,154.96713
49.0,154.95482
26.0,154.95491
134.9,154.95978
160.0,154.96204
56.989999999999995,154.96214
9.0,154.96432
399.0,154.96793
64.99,154.96054
61.2,154.9604
979.0,154.96284
24.9,154.94067
181.0,154.94188
317.98,154.94646
179.76,154.94725
20.0,154.95035
37.8,154.9578
14.9,154.96426
179.96,154.96935
64.99,154.96815
119.89999999999999,154.96825
49.9,154.96722
84.9,154.96793
14.8,154.96805
48.98,154.96979
33.9,154.97067
539.0,154.97142
399.9,154.9583
110.0,154.9477
86.0,154.94856
89.9,154.95372
779.0,154.95886
27.9,154.94409
259.99,154.94687
79.9,154.94861
27.9,154.95436
60.0,154.96141
17.5,154.96619
140.0,154.9701
53.99000000000001,154.96936
42.99,154.96956
139.0,154.97026
293.9,154.9683
151.9,154.96178
216.0,154.9592
209.99,154.95691
149.0,154.95547
430.3,154.95634
337.18,154.95021
53.00000000000001,154.94588
122.99,154.95099
73.99,154.95607
58.99,154.96115
65.0,154.96532
390.0,154.96794
114.90000000000002,154.96059
150.0,154.9592
69.9,154.95921
791.95,154.96182
66.99,154.9451
173.0,154.94586
195.5,154.9495
438.0,154.9525
165.0,154.948
44.99,154.94958
79.99,154.95605
59.89999999999999,154.9615
399.0,154.96574
73.3,154.95932
46.9,154.95975
75.0,154.96307
99.99,154.96568
2199.99,154.96667
179.0,154.90974
39.0,154.90341
399.8,154.91953
49.0,154.92914
122.99,154.94362
99.0,154.95412
51.89,154.96121
30.0,154.96661
119.89999999999999,154.97055
119.89999999999999,154.97049
1534.9,154.96898
49.9,154.92896
27.9,154.92674
799.9,154.93839
330.0,154.93068
119.89999999999999,154.93129
149.0,154.94034
189.0,154.9491
199.9,154.9544
0.0,154.9569
58.99999999999999,154.96317
22.9,154.96744
34.9,154.97083
95.9,154.97264
135.0,154.97174
260.0,154.96906
99.8,154.96303
79.9,154.96176
139.99,154.9629
189.0,154.96294
139.0,154.96126
131.0,154.9608
25.0,154.96112
140.5,154.96446
20.0,154.96484
24.99,154.96738
127.27,154.96983
49.9,154.96887
12.99,154.96906
2299.95,154.97058
149.0,154.90993
4599.9,154.90302
2299.95,154.7933
0.0,154.7422
22.0,154.78738
64.99,154.85231
28.99,154.90598
549.0,154.94325
239.7,154.95148
67.9,154.95613
173.9,154.96281
116.0,154.96527
38.9,154.96692
39.99,154.96968
68.9,154.97186
99.99,154.97229
104.99999999999999,154.97105
69.59,154.96935
133.9,154.96877
99.99,154.96693
119.96999999999998,154.96602
173.9,154.96509
58.99999999999999,154.96294
56.1,154.964
45.0,154.96597
19.8,154.96802
122.99,154.97023
169.0,154.96916
119.99,154.966
49.98,154.96428
128.89,154.9654
47.9,154.96503
32.9,154.96643
220.0,154.96848
185.0,154.96516
43.0,154.96187
1596.0,154.96327
699.99,154.92378
169.9,154.90533
50.0,154.91324
34.84,154.93115
24.9,154.94823
119.2,154.96094
119.89999999999999,154.96642
89.98,154.96802
29.9,154.96866
76.05,154.97034
365.93,154.9706
34.9,154.9624
14.99,154.96239
45.0,154.96562
177.8,154.96825
139.0,154.96637
108.0,154.96454
139.0,154.964
94.0,154.96324
199.9,154.96378
0.0,154.96176
129.0,154.9648
1398.0,154.96529
99.99,154.93037
139.0,154.928
28.28,154.93617
59.89999999999999,154.94868
104.99999999999999,154.95859
276.99,154.9639
129.9,154.96169
105.95,154.96149
66.99,154.96262
66.99,154.9649
43.0,154.96693
154.91,154.96895
122.99,154.9674
517.65,154.96588
95.0,154.9541
115.89,154.95334
154.91,154.95595
429.9,154.95792
64.9,154.95177
109.9,154.95439
169.79,154.95808
509.0,154.95955
35.0,154.95076
154.91,154.95363
154.91,154.95644
28.5,154.95848
166.0,154.96313
154.91,154.96376
69.9,154.96313
99.0,154.96455
154.91,154.96547
119.99,154.96445
71.0,154.96396
14.9,154.96509
119.89999999999999,154.96796
159.0,154.96782
154.91,154.96564
29.300000000000004,154.96344
154.91,154.9652
99.99,154.96443
139.9,154.9645
44.9,154.96373
36.9,154.96547
0.0,154.9678
134.99,154.97072
42.9,154.96942
119.00000000000001,154.96951
325.54,154.96802
130.0,154.96078
299.0,154.95879
58.0,154.95451
1050.0,154.9571
19.9,154.93452
118.8,154.93732
35.9,154.94534
19.99,154.9552
58.5,154.96361
249.9,154.96832
509.0,154.96542
49.0,154.9537
129.8,154.95448
249.9,154.95706
121.99,154.95627
44.0,154.95801
35.9,154.96225
14.9,154.96645
69.99,154.97006
315.0,154.97105
55.9,154.96428
24.9,154.96361
139.9,154.966
23.99,154.96565
1514.3,154.96758
299.0,154.92938
27.99,154.92078
155.97,154.93173
36.9,154.9429
99.0,154.9545
198.67,154.96164
89.9,154.96277
29.289999999999996,154.96452
24.9,154.96764
18.9,154.97044
27.749999999999996,154.9725
38.9,154.9735
15.97,154.9735
364.5,154.97375
143.99,154.96457
10.0,154.96056
109.0,154.96292
95.9,154.96414
179.9,154.96498
480.65,154.96327
795.0,154.95303
37.8,154.93411
59.89999999999999,154.93777
149.9,154.9475
329.0,154.95428
95.9,154.95355
69.5,154.95683
370.47,154.96133
139.9,154.95695
74.89,154.95691
79.0,154.9601
24.9,154.96338
93.0,154.96729
294.9,154.96849
84.99,154.96303
1699.0000000000002,154.9624
190.54,154.91974
139.9,154.91518
203.89,154.926
38.99,154.9374
99.99,154.95053
65.0,154.95929
215.98,154.96527
166.9,154.9647
336.49,154.96335
99.82,154.95746
66.99,154.9579
516.9,154.9612
38.9,154.95238
219.90000000000003,154.95471
139.8,154.95529
349.9,154.95728
110.0,154.95355
31.500000000000004,154.95537
132.2,154.96071
205.09,154.9631
155.97,154.9619
139.0,154.96114
22.0,154.96115
309.99,154.96457
99.0,154.96045
114.38000000000001,154.96054
39.9,154.96164
129.9,154.96475
99.99,154.9653
219.90000000000003,154.96564
310.0,154.9626
149.9,154.95676
49.9,154.95586
66.99,154.95952
145.98,154.9633
89.99,154.964
47.49,154.96501
55.0,154.96703
116.97,154.96861
1099.0,154.96797
178.2,154.94016
58.99999999999999,154.93544
199.9,154.94301
12.88,154.94885
19.3,154.95769
49.99,154.96512
499.9,154.96933
139.0,154.95923
37.99,154.95668
129.9,154.96004
200.0,154.96199
69.9,154.96101
60.5,154.96281
90.0,154.96535
440.0,154.96664
149.9,154.95773
417.0,154.95555
75.0,154.94899
58.99,154.9519
49.9,154.95769
38.89,154.96317
79.99,154.96744
90.0,154.96909
209.0,154.96913
147.8,154.96541
1729.8000000000002,154.96301
19.9,154.91872
19.9,154.91844
138.0,154.93307
120.0,154.94562
389.0,154.95477
109.0,154.95325
311.94,154.95613
40.35,154.95428
159.0,154.9586
49.49,154.96065
54.9,154.96428
56.00000000000001,154.96732
288.0,154.9693
151.9,154.96411
86.0,154.9615
104.6,154.96219
23.9,154.96329
62.89999999999999,154.96637
53.980000000000004,154.96825
49.99,154.9695
72.99,154.97028
29.7,154.97006
179.9,154.97073
188.99,154.96744
155.97,154.96344
44.9,154.96112
109.9,154.96297
119.00000000000001,154.96399
55.0,154.96422
29.989999999999995,154.96588
155.97,154.96825
1280.0,154.96686
31.500000000000004,154.93411
139.0,154.9333
229.99,154.94057
34.9,154.94614
39.8,154.95502
139.9,154.96265
155.97,154.9652
485.8999999999999,154.96492
199.8,154.95486
889.9999999999999,154.95184
135.0,154.93329
350.0,154.93478
47.98,154.93686
122.99,154.94673
42.9,154.95467
155.97,154.96208
49.0,154.96436
79.99,154.96716
86.0,154.96854
155.97,154.96887
48.9,154.9668
139.9,154.96732
259.99,154.96606
119.89999999999999,154.96127
52.57999999999999,154.96031
105.99000000000001,154.96268
56.989999999999995,154.96413
104.99999999999999,154.96617
209.99999999999997,154.96663
209.99,154.9636
23.99,154.96017
126.00000000000001,154.96254
228.0,154.96347
503.3399999999999,154.96092
75.0,154.95045
46.99,154.95164
125.00000000000001,154.95723
69.9,154.96071
99.9,154.96408
230.0,154.96574
39.9,154.96289
122.99,154.9644
116.0,154.9647
50.4,154.9647
139.0,154.96634
122.0,154.96571
139.5,154.96492
42.97,154.9638
43.98,154.96547
489.0,154.9676
514.9,154.95732
53.55,154.94485
28.899999999999995,154.94742
159.0,154.95505
139.9,154.95885
599.0,154.96094
1460.0,154.94957
120.0,154.91322
119.85,154.91454
79.98,154.92813
78.0,154.94334
29.9,154.95526
47.9,154.96434
295.0,154.96962
798.9,154.96555
139.0,154.94571
69.9,154.94357
72.9,154.94974
100.0,154.95694
118.8,154.96184
155.97,154.96422
249.9,154.96413
249.9,154.96066
99.9,154.95695
131.6,154.95816
149.0,154.95981
699.0,154.96068
43.89,154.94623
12.19,154.9481
199.0,154.95586
59.89999999999999,154.9585
150.0,154.9625
279.9,154.96352
27.6,154.95973
79.8,154.96213
108.90000000000002,154.96457
25.8,154.96553
66.99,154.96799
30.99,154.96918
22.9,154.97057
217.80000000000004,154.97186
32.9,154.9675
147.9,154.96735
9.9,154.96555
18.9,154.96735
49.0,154.96965
229.9,154.97069
169.99,154.96617
27.9,154.96259
9.5,154.96408
109.9,154.96739
149.0,154.96773
31.500000000000004,154.96594
267.96,154.96707
139.0,154.96254
79.9,154.96075
99.99,154.96198
110.32,154.96333
119.99,154.96411
59.89999999999999,154.96425
24.9,154.96576
516.9,154.96829
128.0,154.95721
66.99,154.95497
66.39,154.95795
79.9,154.96191
56.00000000000001,154.9648
159.58,154.96722
55.0,154.9661
120.0,154.96687
21.2,154.96634
35.0,154.96812
28.000000000000004,154.96985
24.9,154.97127
390.0,154.97227
155.97,154.96303
65.0,154.95906
119.85,154.96039
29.9,154.96162
179.9,154.96495
119.85,154.9641
65.85,154.96368
139.0,154.96501
52.0,154.9646
25.9,154.96603
167.49,154.96844
69.99,154.96672
478.00000000000006,154.96666
1359.9,154.95619
155.97,154.92099
145.0,154.91948
43.9,154.93
27.9,154.9445
319.99,154.9571
199.99,154.958
37.0,154.95798
27.9,154.9621
46.9,154.96669
139.9,154.96968
19.99,154.96878
122.99,154.97
85.39,154.96878
1099.0,154.96803
102.53,154.94017
16.9,154.93748
199.98,154.9463
98.9,154.95169
40.0,154.9573
43.0,154.96317
35.0,154.96754
86.0,154.97047
138.98,154.97076
85.95,154.9686
219.90000000000003,154.96759
124.9,154.96358
34.5,154.96213
52.9,154.96434
155.97,154.96669
26.2,154.9657
159.99,154.96735
13.989999999999998,154.96584
120.0,154.9676
149.0,154.96713
32.9,154.96526
23.9,154.9665
24.9,154.96873
69.9,154.97069
59.89999999999999,154.97078
26.4,154.97052
49.99,154.9711
229.99,154.97115
99.9,154.96616
99.9,154.96428
60.0,154.96393
108.90000000000002,154.96527
155.97,154.96552
65.49,154.96408
142.9,154.9649
49.9,154.9642
39.0,154.96568
134.8,154.96779
27.9,154.967
59.989999999999995,154.9683
7159.999999999999,154.96912
79.98,154.77217
155.97,154.75928
19.9,154.80809
59.89999999999999,154.86829
69.9,154.91594
155.97,154.94714
155.97,154.96259
1359.9,154.96869
199.0,154.93729
109.9,154.93275
155.97,154.94064
269.9,154.94911
169.0,154.95238
58.99999999999999,154.95572
79.99,154.9611
399.0,154.96513
369.0,154.95898
230.0,154.95175
155.97,154.94978
13.649999999999999,154.95203
83.99,154.95891
24.99,154.96362
59.89999999999999,154.96797
149.0,154.9701
84.9,154.9685
99.8,154.96776
149.99,154.96706
155.97,154.96516
89.9,154.96317
66.39,154.96344
89.9,154.96501
28.89,154.96599
650.0,154.96814
155.97,154.95337
27.97,154.95013
59.989999999999995,154.9551
159.98,154.96065
100.99,154.96227
180.0,154.96375
480.65,154.96269
18.9,154.95296
675.99,154.95529
59.989999999999995,154.94337
699.98,154.94638
30.0,154.9364
334.0,154.94276
84.9,154.94485
34.9,154.95166
169.9,154.95967
104.99999999999999,154.96236
229.0,154.9643
458.0,154.96213
113.97999999999999,154.95291
550.0,154.953
135.0,154.9444
265.0,154.9463
106.99,154.94777
139.0,154.95296
59.89999999999999,154.95721
59.97999999999999,154.96219
59.89,154.9661
505.44,154.9686
119.85,154.95795
219.99000000000004,154.95601
86.0,154.95482
32.0,154.95775
123.0,154.96275
149.65,154.96469
89.9,154.96436
155.97,154.96498
136.0,154.96396
19.0,154.96317
31.9,154.96582
49.9,154.96854
155.97,154.97008
199.6,154.96796
38.89,154.96396
1129.8,154.96472
69.0,154.93733
99.99,154.93643
259.9,154.94388
49.49,154.94783
17.9,154.95532
83.0,154.96297
258.0,154.96693
39.9,154.96391
155.97,154.9652
99.9,154.96443
47.99,154.96463
220.64,154.96648
155.97,154.96371
179.9,154.96184
239.79999999999998,154.96011
27.99,154.95726
50.0,154.96048
110.0,154.96432
36.9,154.96574
219.97000000000003,154.96796
19.9,154.96492
39.9,154.96631
36.2,154.96825
29.0,154.96997
109.9,154.97131
336.0,154.97002
29.98,154.96205
129.49,154.96217
79.99,154.96231
34.0,154.96373
169.9,154.96645
73.0,154.96526
699.4,154.96568
191.4,154.94965
559.9,154.946
139.9,154.93758
799.0,154.94109
209.97,154.92995
58.5,154.9328
99.99,154.94377
104.9,154.9535
156.0,154.96019
509.0,154.96275
179.9,154.95372
516.9,154.95201
110.32,154.94408
209.0,154.94708
170.0,154.95029
53.2,154.95375
14.9,154.95956
64.99,154.96568
18.9,154.96893
13.989999999999998,154.97157
419.99999999999994,154.9734
38.9,154.96352
31.990000000000002,154.96248
80.0,154.96486
36.0,154.96643
39.9,154.96848
69.9,154.97005
205.9,154.97023
149.9,154.96623
189.9,154.96336
69.99,154.96056
56.989999999999995,154.96173
44.99,154.96428
58.99999999999999,154.96696
49.9,154.96861
51.45,154.96974
55.0,154.97037
364.0,154.97055
105.3,154.96219
24.9,154.9601
84.99,154.96286
190.0,154.96489
377.9,154.9633
59.89999999999999,154.95589
219.99000000000004,154.95705
159.9,154.9565
139.9,154.95714
139.0,154.95857
110.0,154.95995
15.9,154.96172
144.98,154.96573
89.9,154.96594
89.0,154.96631
949.9899999999999,154.96664
34.75,154.94357
24.0,154.94345
96.8,154.9514
149.9,154.95795
20.0,154.96094
66.99,154.96548
120.0,154.96811
35.9,154.96797
144.5,154.96918
229.9,154.96756
35.19,154.96309
429.9,154.96404
114.0,154.95592
14.9,154.95537
99.9,154.9602
169.9,154.9633
134.9,154.9631
99.99,154.96284
44.9,154.96358
30.5,154.96591
61.99999999999999,154.96857
35.0,154.96976
49.0,154.97087
6.1,154.97125
40.8,154.97244
94.9,154.97264
99.0,154.97096
89.99,154.96895
77.9,154.96762
34.49,154.96715
99.9,154.96828
28.99,154.96788
49.9,154.969
45.0,154.96977
56.1,154.97035
41.0,154.97043
153.17,154.97072
107.90000000000002,154.96797
99.0,154.96616
91.55,154.96536
179.9,154.96533
19.9,154.96317
75.33,154.9652
48.9,154.96661
149.0,154.96819
49.0,154.96669
140.0,154.96727
249.9,154.96594
485.8999999999999,154.96136
182.0,154.9505
99.9,154.94861
100.0,154.95248
17.9,154.95726
79.9,154.96335
290.0,154.96664
184.9,154.96251
104.99999999999999,154.95978
24.99,154.96039
69.9,154.9641
59.8,154.96664
112.99000000000001,154.96838
127.0,154.96797
66.99,154.96655
227.77999999999997,154.96677
66.39,154.9631
183.1,154.96346
129.98,154.96191
219.0,154.96156
47.9,154.95932
152.49,154.96164
29.0,154.9621
84.9,154.96512
389.7000000000001,154.96672
196.8,154.95921
179.7,154.95583
293.9,154.95517
24.7,154.95251
69.9,154.95718
29.989999999999995,154.96185
209.99,154.96642
119.99,154.9649
200.0,154.96416
91.8,154.96172
129.9,154.96223
259.0,154.96257
59.89,154.95927
41.47,154.96095
122.99,154.96442
32.99,154.96533
116.36000000000001,154.96758
65.0,154.96744
40.0,154.96791
79.0,154.96913
89.9,154.9692
97.6,154.96855
405.0,154.96762
119.89999999999999,154.95854
136.9,154.95679
230.0,154.95752
129.99,154.95638
110.32,154.95763
96.0,154.95992
250.00000000000003,154.96236
27.99,154.96008
100.0,154.96281
69.9,154.96457
795.0,154.96634
29.9,154.94806
338.9,154.9485
120.0,154.94682
99.0,154.95074
79.9,154.95613
49.9,154.96114
199.9,154.96553
69.9,154.96455
149.9,154.96548
69.99,154.96468
19.9,154.96558
118.99000000000001,154.96815
104.99999999999999,154.96791
18.9,154.96715
45.9,154.96872
85.71,154.96991
39.0,154.96957
149.9,154.97005
66.9,154.96768
320.0,154.9672
78.0,154.96066
32.99,154.96031
485.8999999999999,154.96336
78.71,154.95453
69.9,154.95505
37.6,154.95885
79.99,154.96362
137.0,154.96635
117.9,154.96616
149.0,154.96556
158.9,154.96414
19.99,154.96252
149.94,154.96498
110.32,154.96469
130.0,154.96457
226.59999999999997,154.96404
24.99,154.96089
169.0,154.96312
179.39999999999998,154.9627
197.5,154.96121
49.9,154.95927
149.9,154.9617
29.9,154.96225
49.9,154.96526
99.99,154.96777
485.8999999999999,154.96811
49.0,154.95721
41.99,154.95718
249.99,154.96101
79.9,154.95949
131.8,154.96117
59.8,154.96213
65.95,154.96451
139.99,154.9666
52.9,154.96603
122.99,154.96707
69.99,154.96648
17.0,154.9669
23.99,154.96896
98.9,154.97084
219.0,154.97014
114.90000000000002,154.96548
122.99,154.96353
120.0,154.96278
109.0,154.9627
76.5,154.96317
300.0,154.96458
33.33,154.95995
259.25,154.96169
29.989999999999995,154.95905
129.9,154.96178
19.0,154.96295
149.0,154.96628
95.0,154.96596
199.9,154.96596
36.0,154.96323
138.0,154.9647
96.0,154.96445
66.99,154.9648
65.69999999999999,154.96605
49.9,154.9673
22.5,154.96864
139.9,154.9704
59.989999999999995,154.96867
59.8,154.96835
22.0,154.9686
55.0,154.96997
125.00000000000001,154.97046
73.8,154.96863
59.989999999999995,154.96788
139.99,154.96805
69.5,154.96634
48.9,154.96634
41.52,154.96747
58.99999999999999,154.96889
7.99,154.96956
24.99,154.97118
189.9,154.97224
978.9,154.9684
119.50000000000001,154.94254
139.9,154.93936
259.9,154.94412
49.9,154.94705
50.0,154.95432
37.0,154.96123
293.2,154.9666
114.90000000000002,154.96317
18.49,154.96245
289.0,154.96544
38.9,154.96155
39.99,154.96306
79.9,154.96596
19.9,154.96747
169.99,154.96971
139.9,154.96756
119.50000000000001,154.96529
124.9,154.96411
25.0,154.96346
23.1,154.96582
199.0,154.96863
24.99,154.96611
27.9,154.96715
2198.0,154.96906
110.32,154.91171
22.700000000000003,154.90648
97.8,154.92249
59.989999999999995,154.93935
228.0,154.95322
33.99,154.95807
49.9,154.96391
84.99,154.96814
28.99,154.96971
49.99,154.9714
35.0,154.97206
149.9,154.97252
110.32,154.96965
179.9,154.96739
39.0,154.96405
179.39999999999998,154.96497
141.0,154.9633
90.0,154.9622
229.98,154.963
110.32,154.96045
1787.9999999999998,154.96066
364.0,154.91624
49.49,154.90729
122.99,154.92116
129.99,154.93704
27.49,154.94936
39.9,154.96013
130.0,154.9673
86.0,154.96895
430.0,154.96944
44.97,154.96005
45.0,154.96011
159.9,154.96329
17.99,154.96349
16.3,154.96645
33.9,154.96957
52.9,154.97145
1084.9,154.97188
17.9,154.94379
237.9,154.94234
179.9,154.94432
39.0,154.94846
88.0,154.95607
18.9,154.96162
110.32,154.96692
33.89,154.96828
54.99,154.97002
9.18,154.97083
149.97,154.97229
25.0,154.96977
219.8,154.96988
220.64,154.96558
110.32,154.96088
159.0,154.96024
220.64,154.95982
174.99,154.95793
78.99,154.95729
649.0,154.95987
56.89999999999999,154.94746
29.989999999999995,154.94931
65.9,154.9562
109.9,154.96204
119.00000000000001,154.96481
76.0,154.9656
26.9,154.96667
25.0,154.96889
39.9,154.97089
84.9,154.97188
29.989999999999995,154.97102
35.2,154.97122
59.97999999999999,154.97154
139.99,154.97115
14.9,154.96843
119.6,154.96901
44.9,154.96771
24.9,154.96812
64.99,154.96956
17.0,154.96988
67.8,154.97104
199.99,154.9708
52.9,154.96658
72.99,154.96613
183.0,154.9665
45.8,154.96408
159.8,154.96507
58.9,154.96388
38.99,154.96501
139.9,154.96718
33.49,154.9664
189.99,154.96771
58.99999999999999,154.96518
298.0,154.96553
139.98,154.96033
669.99,154.95888
70.0,154.94478
64.99,154.94633
254.0,154.95294
78.0,154.9544
50.0,154.95857
50.49,154.96332
45.97,154.96706
57.88,154.96956
32.9,154.97066
49.0,154.97163
326.0,154.97185
289.0,154.96423
248.99999999999997,154.95697
122.99,154.95279
78.0,154.95412
439.6,154.9582
119.89999999999999,154.95238
95.0,154.95345
110.32,154.95724
49.9,154.96059
139.0,154.96451
67.99,154.96523
449.70000000000005,154.96657
119.99,154.95747
99.99,154.95613
70.0,154.95828
50.4,154.96182
149.98,154.96542
102.62,154.96544
40.0,154.96552
119.99,154.96727
434.91,154.96696
60.0,154.95752
168.9,154.9576
168.9,154.95793
99.9,154.95822
481.0,154.96033
274.95,154.95222
13.47,154.94838
259.0,154.95407
119.00000000000001,154.95486
485.8999999999999,154.95758
39.0,154.95036
42.9,154.95377
118.13,154.95978
19.0,154.96303
260.0,154.96716
219.8,154.96402
33.99,154.96031
66.99,154.96239
23.92,154.96494
199.0,154.96811
99.9,154.96593
151.99,154.9652
119.00000000000001,154.9637
405.98,154.96324
746.0,154.95549
265.0,154.93811
259.0,154.9351
75.0,154.93794
237.98000000000002,154.94695
99.99,154.95135
55.0,154.95683
126.00000000000001,154.96251
189.9,154.96484
19.99,154.96368
17.0,154.96623
175.0,154.96936
37.99,154.96758
199.8,154.96825
29.0,154.9652
82.9,154.96623
19.0,154.96693
204.0,154.96901
138.0,154.96602
80.8,154.96388
39.99,154.96414
25.9,154.96622
95.0,154.96873
170.0,154.96889
128.0,154.96619
185.9,154.96437
45.0,154.96176
189.9,154.96336
22.32,154.96205
10.0,154.96463
390.0,154.96819
13.0,154.9609
1880.9999999999998,154.96205
16.99,154.91504
20.0,154.9149
249.99,154.93051
117.98999999999998,154.94106
47.9,154.9508
49.9,154.95976
254.0,154.9661
86.0,154.96436
0.0,154.96487
795.0,154.96825
70.0,154.95018
0.0,154.94917
79.9,154.95604
39.99,154.96153
49.9,154.9662
170.0,154.96913
197.5,154.96745
64.99,154.96391
95.0,154.96422
99.9,154.9649
239.98,154.96538
77.9,154.96185
49.9,154.96228
35.8,154.9647
49.9,154.9675
24.99,154.96933
270.0,154.97101
119.49000000000001,154.9656
110.32,154.96327
19.9,154.96283
77.9,154.96555
20.0,154.96707
67.7,154.96935
12.99,154.97
103.9,154.97139
12.0,154.97023
107.99,154.97098
14.89,154.96957
43.0,154.97028
129.99,154.97076
49.91,154.9687
149.0,154.96846
69.99,154.96625
129.0,154.96606
120.0,154.96504
117.6,154.96425
129.0,154.9638
69.99,154.96332
117.99999999999999,154.96454
185.0,154.96474
49.9,154.96274
49.9,154.96417
46.9,154.9664
115.0,154.9684
14.9,154.96793
149.9,154.96948
59.97999999999999,154.96764
69.99,154.96756
44.99,154.96783
29.989999999999995,154.96878
149.9,154.97014
19.9,154.96802
49.99,154.9688
150.0,154.96951
89.99,154.96735
30.399999999999995,154.96637
44.0,154.96768
75.8,154.96902
149.97,154.96918
169.9,154.9669
74.67,154.96387
1079.94,154.96394
499.9,154.93787
10.5,154.92557
122.99,154.93445
55.0,154.94508
58.669999999999995,154.95538
122.99,154.96289
110.0,154.96582
159.8,154.9668
109.9,154.96547
695.7,154.96504
199.99,154.94914
59.989999999999995,154.94557
99.0,154.95087
110.32,154.95667
77.9,154.96082
689.9,154.96425
38.0,154.95001
58.5,154.95119
169.9,154.9567
155.32,154.95917
159.0,154.96036
330.0,154.96072
29.0,154.95613
79.0,154.95914
128.0,154.96259
14.000000000000002,154.96393
132.0,154.96727
141.38,154.96721
137.8,154.96576
29.9,154.96431
89.99,154.96611
83.0,154.9669
92.0,154.96732
57.79999999999999,154.96724
1389.9,154.96794
56.1,154.93262
31.9,154.93066
110.32,154.94112
179.91,154.95084
95.9,154.95598
60.59,154.96057
362.0,154.96477
84.0,154.95961
209.0,154.96014
50.0,154.95905
92.0,154.96191
118.99000000000001,154.96423
22.0,154.965
169.99,154.96764
21.2,154.96623
17.89,154.96779
158.0,154.97003
72.0,154.9681
429.98,154.96756
19.0,154.958
65.99,154.95895
58.9,154.96196
131.0,154.96503
236.99,154.9654
58.0,154.96191
35.0,154.96289
99.0,154.96573
480.65,154.96672
22.0,154.95653
199.0,154.95763
64.99,154.95749
25.0,154.96056
124.99000000000001,154.96498
96.0,154.96605
110.32,154.96648
110.32,154.9662
12.99,154.96574
79.9,154.96794
21.9,154.96866
57.98,154.9702
79.98,154.97067
634.0,154.97003
138.0,154.95422
69.99,154.95085
38.0,154.9544
248.99999999999997,154.9602
99.98,154.95958
389.0,154.96101
448.7,154.95502
25.9,154.94647
89.9,154.95076
227.16999999999996,154.95651
77.9,154.95755
62.7,154.96077
149.0,154.96432
54.99,154.96472
21.99,154.96646
57.0,154.96909
28.899999999999995,154.97032
209.0,154.9715
125.89999999999999,154.96747
18.89,154.96495
148.8,154.96648
59.8,154.96544
75.0,154.96619
29.989999999999995,154.96695
230.0,154.96872
68.0,154.96498
194.0,154.96474
51.67,154.96234
69.9,154.96367
11.0,154.96544
69.8,154.96846
209.0,154.96954
46.9,154.96596
66.55,154.96608
49.0,154.9669
84.9,154.9682
2998.0,154.96834
36.9,154.88853
95.0,154.88397
90.0,154.90424
19.94,154.92755
552.0,154.94786
190.0,154.9477
24.99,154.95056
94.95,154.95819
68.5,154.96344
195.0,154.96715
32.9,154.96588
769.9,154.96756
22.13,154.94981
249.99,154.95033
150.0,154.95068
194.9,154.95352
24.0,154.95526
179.99,154.9608
749.0,154.96198
131.6,154.94597
1099.0,154.94513
61.7,154.92339
21.99,154.92844
336.0,154.94228
63.900000000000006,154.94699
100.4,154.95477
31.990000000000002,154.96066
23.9,154.96617
89.0,154.97032
33.8,154.9711
53.900000000000006,154.97197
359.0,154.97203
218.96999999999997,154.96352
17.9,154.95808
24.49,154.9605
69.99,154.9647
108.99,154.96718
66.0,154.96738
179.9,154.96793
84.0,154.9654
719.4000000000001,154.96504
17.99,154.94836
59.989999999999995,154.94951
73.8,154.95526
119.00000000000001,154.96065
94.9,154.96332
299.9,154.96507
137.99,154.96054
48.9,154.95946
79.9,154.96219
119.99,154.96466
70.0,154.96527
1429.9,154.96646
99.99,154.93068
179.9,154.92796
51.8,154.93495
128.0,154.94675
134.99,154.95512
134.99,154.96002
509.99000000000007,154.96254
219.0,154.95346
125.2,154.9507
99.9,154.9533
52.9,154.95766
29.969999999999995,154.96269
16.99,154.96725
516.9,154.9708
69.98,154.95956
62.89999999999999,154.95834
139.99,154.96098
49.9,154.9621
180.0,154.96481
164.9,154.96387
69.0,154.96233
38.9,154.9636
78.0,154.96626
19.9,154.96764
149.99,154.96977
93.8,154.9681
124.9,154.96707
36.99,154.96568
66.99,154.9669
72.99,154.96783
159.0,154.96828
634.4,154.96613
249.9,154.9508
64.0,154.94551
27.9,154.95
30.0,154.95758
229.7,154.96417
140.0,154.96338
137.39999999999998,154.96275
49.9,154.96245
27.9,154.96465
319.96,154.9677
84.99,154.96233
519.9,154.96187
180.0,154.95145
21.9,154.94955
40.0,154.95534
129.9,154.96167
25.9,154.96413
79.9,154.96747
364.0,154.96878
124.9,154.9614
104.99999999999999,154.95946
429.98,154.96037
31.8,154.95322
48.99,154.95596
69.0,154.96088
27.9,154.9647
95.9,154.96825
1389.9,154.96898
795.0,154.93349
19.9,154.91132
157.9,154.92049
461.84,154.93402
110.98999999999998,154.93732
549.0,154.9459
289.9,154.94232
79.9,154.9426
330.0,154.9498
208.69,154.95064
89.9,154.95238
304.9,154.95717
798.0,154.95586
219.0,154.93948
55.0,154.938
269.9,154.9463
18.0,154.9499
59.89999999999999,154.95775
473.24,154.96388
71.95,154.95667
19.9,154.95766
179.99,154.96254
79.0,154.96306
43.0,154.96468
36.0,154.96718
79.9,154.96948
139.9,154.9699
101.0,154.96793
86.0,154.96669
302.8,154.9664
19.9,154.96065
59.989999999999995,154.96217
317.9,154.96468
90.0,154.95988
41.0,154.96005
119.50000000000001,154.9632
77.9,154.9644
9.99,154.96574
340.0,154.96864
19.99,154.9624
91.99,154.96333
58.0,154.96451
69.0,154.96634
26.679999999999996,154.96762
19.99,154.96951
145.0,154.9713
19.9,154.96921
79.9,154.9697
179.8,154.96931
676.0,154.96602
98.0,154.94922
49.9,154.94789
29.7,154.95346
179.0,154.9604
417.0,154.96202
120.0,154.95505
29.969999999999995,154.95508
229.80000000000004,154.95988
18.49,154.95963
65.0,154.96344
966.9000000000001,154.96637
120.0,154.94385
17.9,154.94159
1260.0,154.94954
34.99,154.92514
99.9,154.92952
29.989999999999995,154.94078
69.9,154.95325
106.79999999999998,154.96184
143.89,154.96593
195.9,154.96643
159.9,154.96416
419.99999999999994,154.96246
18.9,154.95432
59.89999999999999,154.9569
68.5,154.9613
189.9,154.96489
36.9,154.96399
299.9,154.96593
189.9,154.96123
269.9,154.95848
178.0,154.95494
59.50000000000001,154.95453
86.9,154.95848
159.9,154.96213
336.0,154.96275
259.9,154.95747
99.8,154.95364
141.61,154.95564
188.0,154.95795
136.99,154.95847
110.32,154.95967
69.9,154.9615
230.0,154.96414
68.5,154.96205
59.989999999999995,154.96326
144.0,154.96548
180.0,154.96518
248.99999999999997,154.9631
78.45,154.95912
72.0,154.96014
80.9,154.96274
99.77,154.96492
56.1,154.96591
119.85,154.9674
36.89,154.96696
110.81,154.9682
13.47,154.96768
158.26,154.9693
239.9,154.96733
153.0,154.96242
339.98,154.96017
21.5,154.95438
669.99,154.95747
89.9,154.94528
58.99999999999999,154.94684
44.0,154.9535
309.0,154.96054
132.2,154.95876
210.9,154.95927
159.9,154.95831
79.9,154.95848
178.99,154.96112
189.9,154.96121
277.45,154.96013
692.0,154.95656
319.8,154.94188
250.00000000000003,154.9374
258.5,154.93942
28.99,154.9429
129.9,154.95216
107.90000000000002,154.95828
29.78,154.96236
100.99,154.9668
358.34,154.96825
129.99,154.96133
139.0,154.95953
149.65,154.95966
98.0,154.96004
75.0,154.96179
299.0,154.96417
186.9,154.96008
359.0,154.95792
32.0,154.95233
58.0,154.95586
76.0,154.96086
139.2,154.96452
125.4,154.96512
159.9,154.96487
19.9,154.9635
69.9,154.96585
39.12,154.96747
299.9,154.96922
140.0,154.96352
25.99,154.9611
76.0,154.96352
110.0,154.96553
77.9,154.96597
139.9,154.96664
61.99999999999999,154.96555
119.99,154.96623
40.99,154.96579
25.0,154.96718
364.0,154.96927
14.9,154.96188
135.0,154.96268
159.9,154.96277
69.99,154.96193
139.99,154.96342
99.9,154.96344
19.9,154.96404
59.989999999999995,154.96684
104.99999999999999,154.96858
89.0,154.96826
77.5,154.96779
32.0,154.96768
96.23,154.96893
299.96,154.96857
70.0,154.96227
125.00000000000001,154.9618
99.0,154.96198
39.9,154.96298
169.9,154.96562
38.9,154.96463
25.49,154.96622
91.55,154.96861
58.99999999999999,154.96889
162.5,154.96922
149.0,154.96672
1099.0,154.96425
298.8,154.93674
279.8,154.92973
48.99,154.93202
97.8,154.94304
69.9,154.9529
70.0,154.96059
25.89,154.9656
20.0,154.9696
69.9,154.97237
27.49,154.97256
14.000000000000002,154.97293
374.4,154.97357
55.0,154.96436
56.00000000000001,154.96281
65.0,154.96422
149.7,154.96596
64.9,154.96509
169.9,154.96587
72.2,154.96417
98.0,154.96472
58.99999999999999,154.9652
90.0,154.96658
120.0,154.96706
163.99,154.96631
19.99,154.96414
197.5,154.96596
28.899999999999995,154.96387
49.9,154.96552
78.0,154.96745
45.05,154.96822
49.99,154.96927
228.80000000000004,154.97
49.9,154.9656
199.0,154.96547
17.42,154.96277
24.99,154.9648
179.99,154.9677
19.0,154.96594
35.0,154.96742
109.78999999999999,154.96921
59.89999999999999,154.96858
46.89,154.96866
99.9,154.9693
17.9,154.96852
139.0,154.96965
119.99,154.9679
105.9,154.96611
59.8,154.96518
179.98,154.96602
549.9,154.96399
134.99,154.95155
48.9,154.9501
32.0,154.9551
58.99999999999999,154.96138
52.0,154.96576
323.97,154.96858
12.9,154.96281
78.0,154.96407
54.99,154.96558
29.64,154.96736
84.99,154.96944
84.99,154.96957
78.0,154.96902
49.0,154.96854
145.9,154.96896
123.99999999999999,154.96698
122.9,154.96526
48.0,154.96414
109.9,154.96552
38.6,154.9657
89.9,154.96736
98.9,154.96771
126.89999999999999,154.9673
299.9,154.96597
99.1,154.96004
49.8,154.95952
232.75,154.9623
139.77,154.96053
49.9,154.96019
49.9,154.96289
25.11,154.96591
1450.0,154.96892
549.9,154.93253
35.0,154.91693
549.9,154.92639
299.0,154.92787
169.0,154.9331
59.89999999999999,154.94191
29.9,154.95259
25.0,154.96198
269.70000000000005,154.96858
228.0,154.9659
32.9,154.96187
26.9,154.96364
32.0,154.96698
98.9,154.96974
52.0,154.96976
156.0,154.97006
79.99,154.96758
150.0,154.9668
47.57,154.9649
99.0,154.96585
79.0,154.96613
19.99,154.96663
169.85000000000002,154.96867
24.99,154.96666
27.9,154.96771
215.0,154.96944
70.0,154.9659
152.35000000000002,154.96541
72.0,154.96387
295.0,154.96454
50.0,154.95976
219.0,154.96101
127.0,154.95946
119.89999999999999,154.95982
138.0,154.96097
44.99,154.9616
49.99,154.9644
179.99,154.96707
213.79999999999998,154.9655
24.0,154.96199
90.0,154.96387
127.90000000000002,154.96529
98.9,154.96512
119.79999999999998,154.96526
180.9,154.9649
29.300000000000004,154.96281
119.79999999999998,154.96477
24.8,154.96515
288.0,154.96744
123.99999999999999,154.96268
254.0,154.96121
89.9,154.95776
54.849999999999994,154.95895
119.85,154.96236
35.0,154.96387
36.9,154.96663
129.49,154.96906
1502.93,154.96823
154.98,154.92929
549.0,154.92436
43.9,154.92155
118.89,154.93379
69.9,154.94597
57.98,154.95634
21.99,154.96378
71.6,154.96928
45.0,154.97133
23.5,154.97234
60.0,154.97324
139.9,154.9728
109.0,154.96979
16.9,154.9675
74.9,154.96849
109.8,154.96873
27.89,154.96768
14.99,154.96869
30.09,154.97047
28.899999999999995,154.97162
49.0,154.97229
198.9,154.97209
156.0,154.96758
19.9,154.96397
19.0,154.96527
123.99999999999999,154.96791
96.35,154.96747
55.0,154.96687
150.0,154.96751
147.0,154.96585
156.0,154.96393
49.99,154.96219
681.2,154.96382
19.9,154.94913
17.0,154.95068
191.0,154.95741
70.0,154.95941
72.99,154.9626
179.9,154.96532
43.8,154.96428
339.9,154.9659
129.0,154.96002
0.0,154.9588
129.9,154.96297
47.7,154.96432
230.0,154.96658
99.9,154.96365
27.0,154.96324
79.99,154.96576
24.9,154.96715
69.9,154.96927
125.89999999999999,154.96985
79.9,154.96826
79.99,154.96758
79.9,154.96736
22.32,154.96735
1079.9,154.96895
24.99,154.94208
14.769999999999998,154.94124
55.65,154.94972
19.99,154.95795
149.7,154.96495
104.0,154.96628
29.0,154.9666
65.0,154.96854
35.0,154.96948
139.98,154.97063
459.0,154.96869
419.99999999999994,154.95758
49.9,154.94734
99.9,154.95007
139.9,154.95511
38.0,154.95853
34.9,154.96329
999.9,154.96739
49.99,154.94409
179.99,154.94344
289.0,154.94707
26.9,154.9482
43.0,154.95528
99.99,154.96213
27.9,154.96559
104.99999999999999,154.96893
66.0,154.96927
980.0,154.96951
145.9,154.94492
28.000000000000004,154.94098
59.89999999999999,154.9482
249.99,154.95634
42.9,154.9576
22.32,154.96184
18.9,154.96655
119.96999999999998,154.97028
24.99,154.96992
214.0,154.97084
129.89,154.96681
129.99,154.9644
58.0,154.96313
29.989999999999995,154.9645
21.9,154.96713
88.9,154.96973
197.9,154.96982
107.64999999999999,154.9661
599.65,154.96452
28.899999999999995,154.95078
119.99,154.95195
26.9,154.95543
99.0,154.96124
70.0,154.96443
91.09,154.9667
44.9,154.96753
119.89999999999999,154.96889
34.0,154.96803
129.9,154.96893
42.9,154.9676
163.9,154.96819
39.9,154.96597
139.9,154.96674
29.989999999999995,154.9656
56.1,154.96709
114.90000000000002,154.96837
128.9,154.96764
71.98,154.96606
22.0,154.96616
63.00000000000001,154.96811
134.99,154.96909
40.0,154.96753
32.0,154.9681
64.0,154.96944
79.9,154.96982
315.9,154.96933
166.94,154.96233
203.9,154.95898
145.0,154.95677
149.0,154.9571
18.45,154.95813
40.99,154.96265
104.99999999999999,154.96658
88.9,154.96758
229.9,154.96777
239.9,154.96384
31.500000000000004,154.95926
29.0,154.96129
29.750000000000004,154.96504
100.0,154.96838
298.0,154.96881
647.0,154.96281
125.99,154.9468
31.9,154.9457
219.98,154.95245
63.99000000000001,154.955
219.0,154.9597
24.99,154.95978
36.9,154.96352
61.97,154.96721
59.89999999999999,154.96921
205.47,154.97014
76.0,154.96654
95.0,154.9658
90.0,154.96568
168.0,154.96593
69.5,154.9641
29.1,154.9647
54.71999999999999,154.96707
120.0,154.96869
149.0,154.9679
1490.6999999999998,154.9657
60.0,154.92723
220.64,154.92555
738.0,154.93234
69.99,154.92618
13.989999999999998,154.93549
289.9,154.94917
95.0,154.95334
549.0,154.95853
109.9,154.95047
59.8,154.95189
64.99,154.95746
15.9,154.96275
35.98,154.96783
28.899999999999995,154.97096
119.89999999999999,154.97275
327.9,154.97112
89.9,154.9631
13.49,154.96143
169.99,154.96436
27.9,154.96379
31.78,154.96602
99.99,154.96854
45.0,154.96861
135.0,154.96936
90.5,154.9677
280.0,154.96684
149.99,154.96136
339.2,154.95927
29.989999999999995,154.95377
85.0,154.95691
78.0,154.96068
24.0,154.96387
69.99,154.9675
59.89999999999999,154.96912
59.85,154.9699
54.9,154.97018
23.98,154.97034
25.99,154.9712
297.0,154.97202
129.49,154.96526
125.79999999999998,154.96225
38.0,154.96138
45.49,154.96382
969.0,154.96654
19.9,154.94368
21.99,154.94394
128.8,154.9519
178.99,154.95746
499.65,154.95941
63.900000000000006,154.95108
19.9,154.95326
299.9,154.9596
179.9,154.95808
29.989999999999995,154.9576
185.0,154.96161
32.9,154.9619
119.99,154.96494
24.99,154.96574
199.75,154.96814
55.0,154.9657
40.0,154.96616
29.8,154.96785
79.99,154.96976
49.9,154.96988
29.9,154.97015
143.28,154.97093
149.65,154.96861
122.9,154.96568
64.6,154.964
99.99,154.96477
173.68,154.96521
49.99,154.96344
119.50000000000001,154.96474
242.5,154.96486
9.8,154.96126
129.9,154.96362
23.99,154.96414
40.0,154.96677
59.89999999999999,154.96898
14.99,154.96994
129.9,154.97144
102.89,154.9696
69.99,154.96785
426.8,154.96745
90.0,154.958
45.0,154.95703
99.9,154.96043
49.5,154.9629
79.9,154.96582
22.59,154.96732
207.0,154.9695
29.9,154.96637
278.5,154.96703
199.98,154.9621
118.7,154.95866
79.0,154.95885
50.2,154.96126
49.9,154.96457
45.97,154.96735
34.9,154.96931
35.9,154.97081
70.0,154.97171
42.44,154.97125
89.77,154.97116
90.0,154.96992
127.0,154.9686
109.9,154.96658
99.8,154.96533
69.0,154.9649
39.99,154.96574
239.9,154.96754
228.99,154.96384
56.00000000000001,154.95955
179.99,154.96088
19.9,154.9604
189.96,154.96378
188.16,154.96298
153.9,154.96107
99.9,154.96022
44.99,154.96141
98.7,154.96445
58.9,154.96587
21.9,154.96744
97.5,154.96965
53.00000000000001,154.96944
26.9,154.96967
59.8,154.97066
59.540000000000006,154.97075
89.69999999999999,154.97049
168.9,154.96936
80.69999999999999,154.9661
104.99999999999999,154.96533
48.0,154.96497
104.99999999999999,154.96634
139.9,154.96645
17.9,154.96513
110.0,154.967
54.9,154.96698
199.9,154.9678
129.9,154.9648
119.79999999999998,154.96317
19.99,154.96272
168.0,154.96547
78.0,154.9646
174.9,154.96515
62.989999999999995,154.96346
99.0,154.96446
96.0,154.96515
129.49,154.9656
112.00000000000001,154.965
154.9,154.96465
96.0,154.96332
67.9,154.9636
110.0,154.9651
35.0,154.96548
24.89,154.96742
110.32,154.96964
126.1,154.96906
97.5,154.96727
7.99,154.9663
123.99999999999999,154.96825
110.0,154.96756
182.0,154.9665
170.0,154.96368
349.0,154.96133
49.9,154.95493
78.0,154.95692
45.97,154.96048
99.0,154.9645
47.9,154.96623
209.99,154.96811
110.0,154.9652
219.0,154.96411
228.0,154.961
39.9,154.95773
49.98,154.96037
99.99,154.964
169.85000000000002,154.9657
100.9,154.96442
113.1,154.96434
79.99,154.96436
45.9,154.96527
39.0,154.96716
84.0,154.96907
33.9,154.96925
14.5,154.97015
998.9,154.97157
150.0,154.94617
150.0,154.94139
23.9,154.94484
49.9,154.9535
200.0,154.96101
161.0,154.96217
159.9,154.96199
24.9,154.96147
219.0,154.96457
528.85,154.96283
199.9,154.95154
29.9,154.94885
25.9,154.95438
32.5,154.96129
139.9,154.96669
79.9,154.96729
69.9,154.96774
59.8,154.96828
172.0,154.96895
144.9,154.96643
6.19,154.9642
165.0,154.96637
79.9,154.96516
189.49,154.96541
19.99,154.96315
45.05,154.9652
10.0,154.96747
19.9,154.97017
43.9,154.97205
43.7,154.97249
14.9,154.97234
120.0,154.97278
89.9,154.97046
150.0,154.9686
44.95,154.96577
121.03,154.96617
254.0,154.96552
219.0,154.96109
66.9,154.95752
148.9,154.95932
20.09,154.96024
69.0,154.96411
269.0,154.96667
28.899999999999995,154.96275
98.0,154.96414
74.8,154.96512
18.9,154.9663
169.99,154.96873
34.98,154.96687
179.9,154.9677
58.0,154.96529
119.00000000000001,154.96568
37.8,154.9653
49.99,154.96692
14.9,154.96846
54.99,154.97049
119.79999999999998,154.97112
297.0,154.96931
18.79,154.9624
189.0,154.96307
68.5,154.96155
129.9,154.96289
99.9,154.96324
38.9,154.96397
27.99,154.96631
65.9,154.96887
129.9,154.9698
52.39,154.96823
679.0,154.9683
24.53,154.95198
137.8,154.9521
49.9,154.9547
79.9,154.95978
28.899999999999995,154.96361
12.0,154.9674
149.0,154.97069
45.0,154.96922
1389.99,154.96935
159.0,154.9335
118.8,154.92839
79.9,154.93607
148.0,154.947
53.8,154.95442
13.47,154.96135
130.0,154.96742
13.9,154.96848
55.0,154.97067
61.99999999999999,154.97153
69.89,154.97144
228.0,154.9708
247.99000000000004,154.96584
100.0,154.96014
69.99,154.95967
43.0,154.96187
21.9,154.96512
169.99,154.96844
49.9,154.96695
179.0,154.96748
29.989999999999995,154.96506
36.0,154.9663
139.9,154.96825
179.8,154.96713
138.18,154.96422
39.9,154.96255
117.99999999999999,154.96442
379.95,154.96486
79.99,154.95766
49.99,154.95787
149.0,154.96136
77.9,154.96234
118.7,154.96417
44.99,154.96472
50.0,154.96669
329.9,154.96848
178.99,154.96219
116.85000000000001,154.95888
676.0,154.95912
26.2,154.94539
69.0,154.94812
15.9,154.95456
75.0,154.96199
14.9,154.96623
120.0,154.96994
183.38,154.96968
89.98,154.96642
19.9,154.96547
149.99,154.96742
14.9,154.96631
159.9,154.96805
15.0,154.9664
129.9,154.96791
159.8,154.96703
109.0,154.96472
184.9,154.96393
168.9,154.9618
22.32,154.96022
23.0,154.9632
129.9,154.96692
38.9,154.96703
149.0,154.96837
123.99999999999999,154.9668
89.99,154.96533
97.5,154.9652
85.9,154.96533
198.67,154.96582
104.99999999999999,154.96327
72.99,154.96289
39.9,154.96422
99.0,154.96664
399.99,154.96722
127.26,154.95892
24.9,154.95718
79.9,154.96086
109.9,154.96391
572.64,154.96515
100.99,154.95297
79.8,154.95224
165.0,154.95615
178.99,154.95827
49.99,154.95888
49.0,154.96233
102.0,154.96585
62.89999999999999,154.96706
28.799999999999997,154.96819
9.99,154.96992
250.00000000000003,154.97188
114.99,154.96689
170.0,154.9645
29.0,154.96211
88.3,154.96413
29.4,154.9655
818.0,154.96788
49.99,154.94868
99.9,154.94804
12.99,154.95251
29.989999999999995,154.95982
78.0,154.96576
1795.0000000000002,154.96843
55.0,154.9227
247.88,154.92006
39.6,154.92738
150.0,154.94168
99.0,154.95168
54.99,154.95909
49.99,154.9649
21.52,154.96881
160.0,154.97177
56.989999999999995,154.96985
46.0,154.96947
0.0,154.96996
99.9,154.97177
44.49,154.97083
127.26,154.97064
49.0,154.96852
98.7,154.9684
220.64,154.9676
58.57999999999999,154.96352
104.99999999999999,154.96375
69.9,154.96414
12.88,154.96542
19.8,154.96823
93.0,154.97063
107.90000000000002,154.97028
110.9,154.96872
45.2,154.96707
329.0,154.96756
99.9,154.96101
219.99000000000004,154.95998
125.88999999999999,154.95786
72.0,154.95845
44.9,154.96129
61.98,154.96489
529.9,154.96735
159.0,154.95619
98.9,154.95338
79.9,154.95578
58.99,154.95975
95.0,154.96382
69.8,154.96588
39.9,154.96742
183.8,154.9692
13.9,154.96667
299.0,154.96793
39.9,154.96243
100.0,154.96304
79.0,154.96396
59.89999999999999,154.96526
114.99,154.96689
194.99,154.9667
34.9,154.9638
25.97,154.96509
110.0,154.96765
39.9,154.96771
19.9,154.96881
263.9,154.97049
128.0,154.96535
8.7,154.96292
240.0,154.96526
72.99,154.96233
14.49,154.9629
45.0,154.96611
131.8,154.96854
49.99,154.96773
195.0,154.96825
69.0,154.9652
88.9,154.9651
209.99999999999997,154.9655
250.00000000000003,154.96268
349.99,154.95845
49.9,154.95216
99.9,154.95496
17.9,154.95872
24.99,154.96408
318.0,154.96837
141.12,154.9633
171.9,154.96121
74.9,154.95982
110.32,154.96162
58.99999999999999,154.96307
99.0,154.9654
149.99,154.96631
39.99,154.96516
48.89,154.96657
99.0,154.96822
31.78,154.96814
129.97,154.9693
1760.0,154.96794
66.0,154.9218
12.88,154.91882
10.0,154.93257
328.0,154.94836
255.0,154.95222
195.78,154.95316
75.2,154.95453
49.9,154.95895
26.249999999999996,154.96387
383.5,154.96828
140.0,154.96169
29.9,154.95964
93.99,154.96262
0.0,154.9647
19.9,154.96846
69.0,154.97124
79.0,154.9716
728.9,154.97078
237.9,154.9522
65.9,154.94577
118.99000000000001,154.94978
260.0,154.95479
80.0,154.95505
108.90000000000002,154.95856
49.9,154.9615
104.99999999999999,154.96507
40.9,154.96645
43.98,154.96843
6.37,154.97
120.0,154.97198
188.7,154.9705
190.0,154.96637
48.9,154.96236
45.95,154.96324
1699.9900000000002,154.9656
46.9,154.92296
65.9,154.92134
99.0,154.93349
45.0,154.9461
19.9,154.95715
42.0,154.96555
64.9,154.9703
46.6,154.97195
34.84,154.97258
135.48,154.97295
139.99,154.97034
107.5,154.96722
42.9,154.9656
74.99,154.9666
52.57999999999999,154.96733
214.0,154.96838
127.80000000000001,154.9649
139.8,154.96315
59.89999999999999,154.96213
610.0,154.96375
69.99,154.95102
89.9,154.95139
180.0,154.95558
32.9,154.9575
69.0,154.96217
58.9,154.96559
62.50000000000001,154.96797
357.13,154.9693
49.9,154.96194
74.99,154.96187
299.0,154.96358
44.85,154.95935
349.3,154.9611
49.0,154.9562
232.75,154.95845
189.9,154.9576
79.9,154.95705
139.0,154.95975
12.99,154.96127
22.32,154.96536
99.8,154.96902
24.9,154.96945
169.9,154.9707
45.99,154.96797
75.0,154.96793
69.9,154.968
99.9,154.9682
138.0,154.96756
24.9,154.96579
24.9,154.96713
65.0,154.96918
25.0,154.96985
14.99,154.97093
110.32,154.97215
39.0,154.97052
330.0,154.97028
148.8,154.9627
876.0,154.95955
19.9,154.93904
61.99999999999999,154.94125
133.0,154.94945
78.0,154.9556
89.0,154.96098
129.49,154.9645
110.0,154.96536
138.0,154.96564
514.9,154.96487
62.50000000000001,154.95375
14.9,154.95425
35.9,154.95982
38.0,154.96501
119.85,154.96867
37.99,154.96867
172.0,154.96965
27.99,154.96706
85.99,154.96779
52.9,154.96788
178.99,154.96858
169.99,154.9659
65.0,154.96303
329.9,154.96365
155.0,154.95818
74.9,154.95679
411.0,154.95934
40.9,154.95348
349.9,154.95633
67.15,154.95306
99.99,154.95625
250.00000000000003,154.9599
55.0,154.95871
93.99,154.96149
26.19,154.96382
199.9,154.96721
57.99,154.96536
24.9,154.96605
58.9,154.96828
39.9,154.96951
254.0,154.97055
429.9,154.96548
248.99999999999997,154.95493
319.97,154.95018
45.49,154.94672
14.99,154.95201
69.9,154.9597
169.89,154.96477
129.99,154.96492
128.0,154.96451
120.0,154.96407
24.5,154.9639
22.32,154.96643
118.13,154.96922
70.0,154.9688
682.98,154.96867
196.8,154.9521
59.45,154.9475
132.0,154.95186
43.0,154.9561
169.98,154.96161
99.0,154.96274
429.9,154.96402
29.289999999999996,154.95613
99.99,154.95801
120.0,154.96077
59.89,154.96254
189.0,154.96512
39.9,154.96384
49.9,154.96559
17.9,154.96762
29.9,154.97006
219.90000000000003,154.97166
1190.0,154.9674
349.0,154.936
69.9,154.92656
49.9,154.93454
79.99,154.9468
664.0,154.95653
175.0,154.94719
74.99,154.94717
39.99,154.95303
78.0,154.96024
78.0,154.96497
127.27,154.9676
69.99,154.96748
29.989999999999995,154.96799
21.99,154.96959
15.99,154.97131
27.99,154.97273
45.0,154.97333
44.85,154.97299
99.9,154.9724
19.0,154.97038
44.0,154.97055
61.9,154.97075
140.0,154.9704
99.0,154.96785
41.8,154.96634
29.0,154.96713
27.99,154.96881
89.0,154.97041
158.9,154.96991
204.75,154.96696
52.9,154.96275
289.0,154.96329
195.0,154.95894
220.0,154.95662
29.989999999999995,154.95496
69.9,154.95909
69.0,154.96304
134.9,154.96594
250.00000000000003,154.96596
265.0,154.96191
45.9,154.95717
154.9,154.95932
158.36,154.96028
88.0,154.9605
132.2,154.96231
428.0,154.96301
39.0,154.95515
77.4,154.957
189.9,154.9606
15.99,154.9608
78.0,154.96448
135.0,154.96672
78.0,154.96634
24.9,154.9667
78.0,154.96864
229.9,154.96915
49.0,154.9649
22.32,154.96507
7.99,154.96736
85.71,154.97015
48.99,154.97028
186.97,154.97043
55.0,154.96686
50.49,154.9665
147.69,154.96747
50.0,154.96596
209.9,154.96666
49.0,154.96362
79.99,154.96446
87.75,154.96556
30.999999999999996,154.96625
30.999999999999996,154.96815
168.9,154.96999
175.0,154.96758
40.99,154.96422
245.0,154.96504
70.0,154.96153
279.9,154.9622
59.89999999999999,154.95848
12.5,154.96017
151.72,154.96455
104.99999999999999,154.96494
70.0,154.96515
220.64,154.9662
27.45,154.9632
119.97999999999999,154.96481
15.0,154.96507
199.9,154.9676
39.5,154.96527
22.0,154.96623
364.0,154.9685
0.0,154.9614
48.9,154.96281
59.89999999999999,154.96541
39.99,154.96742
404.97,154.96922
399.0,154.96068
110.32,154.95105
49.49,154.95139
100.0,154.95662
51.98,154.96078
32.0,154.96481
195.0,154.96832
19.9,154.96634
113.88999999999999,154.96774
93.9,154.96736
25.9,154.967
129.97,154.96854
196.8,154.9675
104.99999999999999,154.96407
54.9,154.96317
155.0,154.96472
95.9,154.96399
138.0,154.96428
849.0000000000001,154.9637
151.3,154.94377
89.99,154.94147
150.0,154.94739
169.9,154.95288
134.0,154.95631
24.0,154.95918
14.9,154.96408
113.97999999999999,154.96864
69.9,154.96921
99.9,154.96942
80.0,154.96863
177.9,154.9682
34.9,154.96533
45.0,154.96623
149.0,154.96785
130.0,154.96649
38.0,154.96498
27.9,154.96631
44.99,154.96849
79.0,154.96994
393.6,154.96983
314.9,154.96075
152.9,154.95316
29.6,154.95244
149.98,154.95757
13.600000000000001,154.96005
140.0,154.96472
132.91,154.96553
23.9,154.96504
77.9,154.96716
79.9,154.96814
189.9,154.9684
104.99999999999999,154.9654
69.10000000000001,154.96432
24.9,154.96515
144.9,154.96758
43.0,154.96666
28.28,154.96762
19.8,154.96935
49.9,154.9711
300.0,154.97157
79.2,154.96475
13.989999999999998,154.96321
54.9,154.9656
859.8999999999999,154.96759
109.0,154.94714
120.0,154.94489
95.0,154.94907
84.9,154.95499
93.97,154.96024
270.79,154.96371
209.99,154.96094
84.0,154.95844
178.98,154.96008
92.99,154.9601
225.00000000000003,154.96187
39.9,154.9602
320.0,154.9628
119.89999999999999,154.95859
74.99,154.95859
109.9,154.96121
259.8,154.96309
170.0,154.96017
89.9,154.95883
19.9,154.96053
1090.0,154.9647
169.9,154.93964
79.9,154.93628
10.5,154.94357
70.0,154.95435
219.0,154.96191
199.0,154.96246
79.0,154.96106
46.95,154.96262
69.9,154.96558
134.99,154.96756
67.0,154.96693
49.9,154.96738
49.9,154.9685
59.89999999999999,154.96953
23.97,154.96997
137.77,154.97104
79.9,154.96895
30.0,154.9679
28.899999999999995,154.9688
89.0,154.97014
85.99,154.96964
127.90000000000002,154.96873
39.0,154.9668
34.89,154.96742
89.9,154.96886
18.9,154.96869
189.0,154.96996
150.0,154.9668
14.87,154.96402
479.98999999999995,154.96574
110.32,154.956
78.0,154.95493
24.0,154.95796
104.99999999999999,154.96304
110.32,154.96532
45.8,154.96594
99.9,154.96759
49.91,154.9677
64.0,154.96858
59.8,154.9691
188.9,154.96947
38.4,154.96619
480.0,154.96658
79.9,154.95619
199.8,154.95569
319.99,154.95544
179.9,154.95209
68.9,154.95241
104.99999999999999,154.9569
69.99,154.96066
29.9,154.96416
549.9,154.96776
127.0,154.9564
440.0,154.9544
46.89,154.94765
364.0,154.95163
154.9,154.94966
74.0,154.95184
65.0,154.95708
143.7,154.96222
123.88,154.96387
158.0,154.96443
49.9,154.96358
24.99,154.96533
199.9,154.96815
49.9,154.96585
277.9,154.96645
1322.64,154.9617
129.49,154.92804
89.9,154.9259
79.9,154.93602
63.99000000000001,154.94785
23.9,154.95766
114.90000000000002,154.96538
195.9,154.96797
139.9,154.96596
29.989999999999995,154.9644
74.5,154.96631
29.9,154.96762
132.91,154.96954
78.73,154.96835
29.9,154.96786
80.0,154.96902
101.0,154.96909
889.9999999999999,154.96815
34.98,154.9458
97.5,154.94525
49.9,154.95052
775.0,154.9576
51.9,154.94392
130.0,154.94646
364.0,154.95174
189.9,154.95021
298.0,154.95154
170.0,154.9506
21.7,154.9526
198.9,154.95908
549.9,154.96056
161.99,154.95049
92.99,154.94966
169.9,154.95401
18.99,154.95685
3109.99,154.9625
70.0,154.88322
118.7,154.87958
411.0,154.9009
159.98,154.91698
24.9,154.93404
254.0,154.95079
259.9,154.95697
209.0,154.9578
198.0,154.95793
22.32,154.95801
28.899999999999995,154.96265
539.9,154.96735
109.9,154.95694
104.99999999999999,154.95575
799.9,154.95807
22.0,154.94211
85.8,154.9452
369.0,154.95222
70.0,154.95102
16.22,154.95547
119.85,154.96216
140.0,154.96503
119.79999999999998,154.9653
129.99,154.96516
19.99,154.96461
253.59999999999997,154.967
26.4,154.96341
48.9,154.96484
57.98,154.96698
24.99,154.96852
47.92,154.97032
58.60000000000001,154.97112
30.0,154.97107
104.99999999999999,154.9715
1899.0000000000002,154.96992
295.7,154.91936
24.0,154.9093
29.9,154.92285
69.99,154.94058
48.9,154.95409
67.9,154.96336
541.0,154.96832
172.0,154.95781
118.7,154.95474
229.0,154.9564
40.6,154.95615
202.0,154.96036
89.0,154.9606
36.5,154.96248
149.0,154.96582
369.0,154.96573
159.9,154.95854
69.99,154.95648
439.6,154.95912
247.88,154.95264
24.99,154.94997
119.85,154.95532
199.0,154.95943
38.5,154.9599
18.0,154.96338
29.9,154.9675
129.9,154.97043
29.9,154.96948
59.89999999999999,154.97014
279.96,154.97032
127.2,154.96432
29.9,154.96193
29.9,154.96399
104.99999999999999,154.96698
118.13,154.96747
35.0,154.96664
199.9,154.96785
56.1,154.96498
79.9,154.96535
47.99,154.9661
78.0,154.96759
65.9,154.96815
49.99,154.96858
129.9,154.96928
30.999999999999996,154.96773
112.99000000000001,154.96848
88.0,154.9676
126.99,154.96707
150.0,154.96574
68.5,154.96387
146.99,154.96451
199.99,154.96373
64.0,154.96123
238.1,154.96251
99.8,154.96004
119.89999999999999,154.96068
1037.85,154.9617
19.8,154.93773
189.0,154.93924
55.0,154.94443
59.8,154.95303
99.99,154.9605
111.6,154.96457
89.9,154.96616
150.0,154.96707
122.9,154.96584
199.9,154.96492
186.0,154.96223
149.9,154.95999
349.9,154.95944
50.0,154.95421
86.0,154.95686
19.9,154.96051
399.0,154.96532
95.0,154.95906
159.0,154.95891
44.5,154.95915
55.959999999999994,154.96254
494.99999999999994,154.96576
149.98,154.95624
179.0,154.95425
151.24,154.95456
64.0,154.95627
168.0,154.96039
24.97,154.96143
96.8,154.96503
19.99,154.96661
89.0,154.96916
28.5,154.9695
109.0,154.97058
150.0,154.96947
49.9,154.96675
47.9,154.96689
89.9,154.968
30.56,154.96799
40.0,154.9692
137.77,154.97025
94.6,154.96832
29.670000000000005,154.96707
209.9,154.96811
280.0,154.9648
39.8,154.959
120.0,154.96037
177.0,154.96164
319.9,154.96101
30.99,154.9561
80.56,154.95883
235.9,154.96213
139.98,154.96053
9.99,154.96033
58.32,154.96416
31.98,154.96704
109.0,154.96954
64.8,154.96918
169.9,154.96913
49.9,154.96635
99.9,154.96658
25.99,154.96642
99.0,154.96812
52.8,154.96805
49.95,154.96863
47.9,154.96936
39.98,154.97
69.99,154.97064
70.0,154.9703
88.99,154.96971
90.0,154.96867
265.0,154.96773
69.2,154.96234
55.0,154.96216
179.9,154.96416
39.9,154.96303
125.89999999999999,154.9649
33.49,154.96503
134.99,154.967
287.98,154.96637
798.0,154.9609
119.00000000000001,154.94144
106.00000000000001,154.9408
118.99000000000001,154.947
89.99,154.95354
39.67,154.95929
269.9,154.9647
288.0,154.9624
74.9,154.95761
12.88,154.95898
77.89,154.96371
712.3,154.96652
72.9,154.95084
139.9,154.95029
269.45,154.9532
239.99,154.953
17.9,154.95258
29.0,154.95825
33.9,154.96419
79.0,154.9685
39.75,154.96994
144.98,154.97107
113.00000000000001,154.96893
55.0,154.96707
80.0,154.96733
199.08,154.96753
89.0,154.96442
235.9,154.96397
17.9,154.96059
89.9,154.96295
173.67,154.96474
229.99,154.96358
24.89,154.96024
139.0,154.96259
265.9,154.96315
64.99,154.95955
220.64,154.96092
225.00000000000003,154.95941
190.0,154.95723
89.0,154.95634
209.9,154.95885
55.0,154.9586
252.9,154.96167
25.56,154.95973
49.9,154.96275
29.9,154.96597
170.0,154.96895
229.9,154.96729
95.0,154.96288
135.0,154.96231
19.9,154.9621
78.0,154.96512
79.99,154.9669
6729.0,154.96773
56.00000000000001,154.78351
62.89999999999999,154.77237
49.9,154.82086
95.0,154.87682
28.5,154.91985
90.0,154.94951
186.6,154.96548
280.0,154.9701
108.90000000000002,154.96698
38.99,154.96645
119.00000000000001,154.96857
49.0,154.96863
369.0,154.9697
16.9,154.96207
14.99,154.9629
132.2,154.96637
89.9,154.96658
151.8,154.96677
59.89999999999999,154.9652
59.989999999999995,154.96591
79.99,154.9672
549.9,154.96777
119.89999999999999,154.95528
58.99999999999999,154.95328
19.0,154.95697
54.49000000000001,154.96269
49.99,154.96664
539.7,154.96912
32.9,154.95724
40.0,154.95735
114.99,154.96126
209.99,154.96338
48.99,154.96176
24.99,154.96367
18.5,154.96693
252.9,154.96994
49.0,154.96574
12.5,154.96574
199.9,154.9681
49.0,154.96556
319.8,154.9661
38.6,154.96024
54.99,154.96132
23.99,154.96404
129.15,154.96742
348.9,154.9673
229.98,154.96013
76.0,154.95569
34.49,154.95749
33.9,154.96202
30.399999999999995,154.96631
179.0,154.9695
44.6,154.96748
185.49,154.96786
9.9,154.96516
32.0,154.96681
19.99,154.9689
64.99,154.9709
69.9,154.97112
12.9,154.97054
594.99,154.97136
176.42,154.95673
474.00000000000006,154.95204
59.8,154.94391
44.9,154.94794
146.99,154.95544
10.19,154.95944
219.90000000000003,154.96494
79.9,154.9639
18.9,154.9647
12.88,154.96756
119.89999999999999,154.97047
69.9,154.96973
83.96,154.96928
19.9,154.96864
479.0,154.9698
89.99,154.95886
24.99,154.95721
44.99,154.96088
170.0,154.96483
199.8,154.96446
110.32,154.96199
42.0,154.96187
150.0,154.96442
31.990000000000002,154.96428
249.9,154.96646
185.0,154.96297
45.0,154.96024
27.9,154.96227
45.0,154.9658
125.99,154.96846
32.0,154.96793
360.0,154.96902
45.0,154.9615
94.0,154.96156
129.0,154.96281
199.9,154.9632
39.9,154.96127
215.0,154.96341
64.89,154.96164
95.0,154.96307
108.90000000000002,154.9644
69.9,154.96498
79.0,154.96619
55.0,154.96706
58.99999999999999,154.96822
323.97,154.96906
55.8,154.96242
140.98,154.96222
155.0,154.96196
22.0,154.96135
64.9,154.96436
43.0,154.96666
49.9,154.96873
71.6,154.96999
49.3,154.97005
342.78,154.97028
1330.0,154.96259
74.9,154.92743
243.0,154.92639
58.9,154.93256
269.9,154.94447
285.8,154.94963
162.5,154.95082
378.0,154.95377
95.0,154.95074
59.989999999999995,154.95412
83.0,154.95969
70.0,154.96387
139.99,154.96683
71.8,154.96667
175.9,154.96732
44.9,154.96521
52.9,154.96622
49.9,154.96777
19.99,154.96913
107.99,154.97086
29.9,154.96986
230.0,154.9703
109.9,154.96571
52.3,154.96385
167.97,154.96494
109.0,154.96361
29.989999999999995,154.96341
19.49,154.96579
110.0,154.9687
148.9,154.9686
129.9,154.96645
49.9,154.9647
270.0,154.9657
399.0,154.96143
119.99,154.953
31.500000000000004,154.95294
154.75,154.95813
410.0,154.96039
114.0,154.95424
53.43999999999999,154.95488
177.67000000000002,154.95929
119.89999999999999,154.96046
98.8,154.9618
139.99,154.96344
139.0,154.96361
110.32,154.96327
93.5,154.9636
158.0,154.96451
37.5,154.96362
79.99,154.9656
28.799999999999997,154.96686
36.48,154.96893
879.0,154.97049
239.98,154.94872
919.7999999999998,154.9421
109.49,154.92393
479.4,154.92859
22.0,154.9298
28.899999999999995,154.9419
125.4,154.95442
15.0,154.96127
54.99,154.9674
74.0,154.97063
69.5,154.97145
299.99,154.9713
159.6,154.96457
44.0,154.96112
47.9,154.96275
159.9,154.96552
95.0,154.96489
78.0,154.96504
36.0,154.96588
78.0,154.96783
54.99,154.96854
148.5,154.96922
49.0,154.96721
37.69,154.96748
499.9,154.96875
59.49,154.95753
330.0,154.95697
650.0,154.95285
55.0,154.93994
12.99,154.9436
299.0,154.95306
119.00000000000001,154.9543
199.0,154.95734
93.0,154.95808
159.9,154.96072
120.0,154.96152
89.9,154.96252
119.99,154.96413
90.0,154.96469
78.0,154.96552
36.75,154.96652
120.0,154.96843
139.0,154.96785
580.27,154.96608
95.0,154.95244
25.7,154.95146
50.19,154.95691
26.4,154.9624
12.5,154.96712
399.9,154.97076
1150.0,154.96263
28.99,154.93234
79.99,154.93295
17.0,154.94241
7.5,154.95403
98.0,154.96362
139.9,154.96768
170.0,154.9677
78.0,154.96552
55.0,154.96562
59.97,154.96703
39.99,154.96832
58.99999999999999,154.96973
94.9,154.97028
48.9,154.9694
289.0,154.96951
35.0,154.96341
29.989999999999995,154.96367
293.97,154.96613
77.9,154.96156
57.83,154.96165
245.0,154.96387
184.0,154.96115
82.99,154.95917
33.9,154.96068
58.99999999999999,154.9643
19.9,154.96701
75.0,154.96976
140.0,154.97032
399.9,154.96825
10.0,154.95879
78.0,154.95984
15.99,154.96233
18.9,154.96628
209.0,154.96962
71.49,154.96678
288.0,154.96631
149.0,154.96094
49.9,154.95905
219.90000000000003,154.9615
139.0,154.96017
39.24,154.96013
69.9,154.96324
149.0,154.96577
127.96000000000001,154.96532
42.09,154.96455
209.99999999999997,154.96619
540.0,154.96367
139.9,154.95149
240.0,154.95007
570.0,154.94998
199.0,154.94142
39.15,154.94234
77.9,154.95056
25.0,154.95808
27.9,154.96483
196.8,154.9695
25.73,154.96768
125.89999999999999,154.96873
55.16,154.96777
34.5,154.96819
199.9,154.96951
78.0,154.96628
65.0,154.96562
95.0,154.96637
230.0,154.96654
49.9,154.96283
80.0,154.96365
529.65,154.96498
120.0,154.954
139.8,154.95282
58.99999999999999,154.95476
179.9,154.95941
549.9,154.96051
59.89999999999999,154.95016
109.99,154.95195
179.9,154.95604
112.99000000000001,154.9579
119.99,154.96036
65.9,154.96219
110.0,154.9648
2199.0,154.96577
29.9,154.90912
28.99,154.90709
369.0,154.92397
101.0,154.9335
51.89,154.94542
119.00000000000001,154.95648
780.0,154.96262
159.0,154.9476
58.99999999999999,154.94618
215.9,154.95238
39.9,154.95518
15.89,154.9608
119.7,154.96655
190.0,154.96799
71.0,154.96568
18.0,154.96588
19.9,154.96825
169.9,154.97063
329.9,154.9683
29.989999999999995,154.96066
99.99,154.96132
39.0,154.96269
127.90000000000002,154.96556
60.0,154.96582
585.0,154.96693
32.0,154.9539
39.0,154.95447
35.0,154.95927
27.9,154.96436
170.0,154.96837
56.1,154.9672
56.1,154.96764
22.0,154.96852
139.9,154.9702
110.0,154.9685
299.0,154.96692
549.9,154.96066
49.99,154.94771
27.9,154.9494
39.9,154.9562
19.9,154.9626
179.0,154.96777
15.450000000000001,154.96692
56.989999999999995,154.96867
117.99999999999999,154.96974
110.0,154.9686
34.5,154.96721
110.32,154.96811
149.9,154.96748
735.0,154.96542
199.0,154.94762
35.19,154.94368
79.8,154.9499
19.99,154.9567
49.9,154.96355
56.00000000000001,154.96786
139.9,154.97006
118.8,154.96872
69.99,154.96707
21.96,154.96703
104.9,154.96881
119.89999999999999,154.96846
100.9,154.96707
159.9,154.96619
49.9,154.96413
73.98,154.96515
338.0,154.96631
150.0,154.96007
65.9,154.95808
29.989999999999995,154.96031
78.99,154.96436
105.9,154.96663
119.50000000000001,154.967
54.9,154.9663
1189.0,154.96713
73.99,154.93758
129.98,154.93578
135.0,154.94229
89.9,154.94972
27.9,154.95682
148.0,154.96365
290.0,154.96542
34.99,154.9612
48.9,154.96292
39.99,154.96579
329.9,154.96846
855.0,154.96254
69.9,154.94104
74.9,154.94121
25.9,154.94847
59.89999999999999,154.9575
199.99,154.9639
55.0,154.96399
679.0,154.96588
27.19,154.951
104.99999999999999,154.95198
375.0,154.95593
69.99,154.95251
200.0,154.95576
226.2,154.95692
19.93,154.95636
21.52,154.96094
549.9,154.96602
204.4,154.95564
59.91,154.95212
39.9,154.95573
56.89999999999999,154.9613
79.99,154.9656
49.91,154.96773
59.50000000000001,154.96938
52.88000000000001,154.97015
54.9,154.97058
144.99,154.97069
95.0,154.96822
125.00000000000001,154.96684
189.0,154.96536
189.0,154.96251
72.0,154.95993
249.99,154.96129
2258.0,154.95883
36.99,154.90105
35.06,154.90051
190.0,154.9194
63.900000000000006,154.93564
79.9,154.95026
27.9,154.96024
49.9,154.96748
114.90000000000002,154.97133
99.8,154.97118
1240.0,154.97006
119.89999999999999,154.93794
112.99000000000001,154.93411
39.0,154.94098
279.9,154.95154
59.89,154.95412
199.0,154.95934
749.9,154.96037
78.9,154.94482
199.0,154.9459
49.0,154.94907
56.1,154.95607
131.8,154.96237
399.99,154.96474
129.98,154.95793
49.9,154.95708
28.899999999999995,154.9606
139.0,154.9652
51.9,154.96594
439.96,154.96754
84.9,154.95853
39.9,154.95787
21.52,154.9614
369.0,154.96588
44.0,154.96011
113.1,154.96121
104.0,154.96248
45.0,154.96368
74.5,154.96614
118.24999999999999,154.96759
21.5,154.96712
1200.0,154.96873
86.0,154.93872
228.0,154.93614
58.99999999999999,154.93967
57.70000000000001,154.94882
35.9,154.9576
444.99999999999994,154.96457
29.49,154.95815
119.89999999999999,154.9601
250.00000000000003,154.96191
219.0,154.95966
59.989999999999995,154.95744
30.09,154.96008
21.9,154.96445
21.5,154.96846
98.0,154.97128
80.0,154.9709
614.9,154.97
157.9,154.9547
98.0,154.9509
99.9,154.95357
64.9,154.95766
199.9,154.9621
69.9,154.96191
118.8,154.96373
55.0,154.96445
199.99,154.96631
69.0,154.96416
289.9,154.96472
67.0,154.9601
60.0,154.96094
121.0,154.9636
34.9,154.96448
110.32,154.96687
79.9,154.96713
119.89999999999999,154.9674
29.9,154.96652
229.9,154.96791
199.0,154.96428
119.7,154.96074
13.689999999999998,154.96031
40.0,154.96388
174.9,154.96716
170.0,154.96585
129.98,154.96349
72.9,154.96248
55.8,154.96373
93.89,154.96585
58.32,154.96669
29.989999999999995,154.96783
38.99,154.96954
27.9,154.97075
179.9,154.97174
39.99,154.9683
39.8,154.96803
158.0,154.96889
162.9,154.9667
162.9,154.96393
74.5,154.9617
10.9,154.96262
14.000000000000002,154.9661
59.89999999999999,154.96942
29.0,154.97061
209.99999999999997,154.9716
95.8,154.96739
99.98,154.9656
27.9,154.96498
185.9,154.96684
269.0,154.96478
179.0,154.95972
129.0,154.95743
399.0,154.95801
79.9,154.95215
175.0,154.95428
109.0,154.95604
22.32,154.95898
22.0,154.96391
3300.0,154.96825
28.899999999999995,154.88167
29.989999999999995,154.87708
59.89999999999999,154.90102
112.00000000000001,154.92734
415.17,154.94633
53.900000000000006,154.94992
99.0,154.95723
22.0,154.96266
26.849999999999998,154.968
214.99,154.9717
49.9,154.96869
119.99,154.96857
129.9,154.96747
105.99000000000001,154.96597
48.9,154.96533
49.9,154.96664
27.9,154.9682
755.98,154.97002
49.95,154.95177
265.0,154.95064
19.99,154.9498
39.99,154.95584
149.0,154.96211
234.99999999999997,154.96391
43.9,154.96146
64.86,154.96338
49.9,154.96568
159.99,154.96791
118.98,154.9665
59.89999999999999,154.96538
30.99,154.9662
219.8,154.96822
99.94,154.965
319.79999999999995,154.9641
682.98,154.95828
230.39999999999998,154.9425
9.99,154.9398
229.0,154.94817
72.0,154.95216
139.5,154.95793
139.0,154.96101
30.0,154.96243
24.9,154.96587
29.989999999999995,154.96916
330.0,154.9714
598.9,154.96457
44.75,154.94917
119.00000000000001,154.9499
47.9,154.95384
56.1,154.95972
79.99,154.96451
179.9,154.96707
12.9,154.96553
178.9,154.9675
129.9,154.96567
140.7,154.9643
99.8,154.96315
179.9,154.96346
340.0,154.962
319.5,154.95602
58.5,154.95065
44.9,154.95395
34.9,154.95969
97.2,154.965
363.56,154.96713
77.9,154.96046
45.0,154.9603
138.0,154.96324
170.0,154.96391
55.0,154.96277
190.0,154.96442
26.4,154.96294
30.99,154.9652
24.99,154.96797
110.32,154.97035
135.9,154.96967
33.8,154.96742
129.99,154.96799
119.89999999999999,154.96675
69.99,154.96547
170.0,154.96587
12.99,154.96402
80.0,154.96614
111.8,154.96722
416.99,154.96684
39.9,154.95782
69.0,154.95845
237.00000000000003,154.9614
69.99,154.95981
199.08,154.96162
13.3,154.96066
96.0,154.96404
129.49,154.96576
27.9,154.96558
219.90000000000003,154.96753
154.9,154.96451
0.0,154.96234
29.989999999999995,154.96521
12.67,154.96819
2399.0,154.97089
24.99,154.90784
279.9,154.90407
103.6,154.91429
139.0,154.93121
170.0,154.94514
152.0,154.95375
74.9,154.95886
15.189999999999998,154.96358
30.0,154.96848
169.0,154.97168
459.8,154.96965
120.0,154.95847
159.9,154.95625
17.0,154.9565
69.5,154.96132
19.93,154.96498
149.0,154.96863
130.0,154.96785
155.0,154.96628
106.89999999999999,154.96417
19.99,154.96371
149.97,154.96623
59.89999999999999,154.9656
14.000000000000002,154.96649
228.0,154.96889
199.99,154.9654
47.8,154.9616
41.79,154.96278
174.99,154.9655
25.0,154.96442
238.99,154.96638
132.8,154.96312
270.0,154.9618
29.9,154.95781
23.99,154.96043
97.2,154.96475
58.99999999999999,154.96654
26.4,154.96805
95.8,154.96994
528.9,154.9696
14.99,154.9569
72.0,154.95723
145.0,154.96031
129.9,154.96153
32.0,154.96223
119.00000000000001,154.96524
69.99,154.96588
438.0,154.9669
120.0,154.95786
49.9,154.95634
1669.87,154.95969
495.6,154.91983
55.0,154.9079
295.22,154.92047
305.0,154.9315
85.0,154.93893
44.9,154.94928
839.0,154.95906
56.1,154.94464
453.89,154.947
30.0,154.94366
85.0,154.9506
249.9,154.95769
154.9,154.9585
128.0,154.9595
179.89,154.96103
44.9,154.96089
128.0,154.96382
39.0,154.96474
170.0,154.9671
4058.9999999999995,154.96576
49.0,154.85678
118.13,154.85083
230.0,154.87888
104.6,154.9078
518.18,154.93312
249.9,154.9397
78.0,154.94562
149.0,154.95447
148.0,154.95996
55.0,154.96278
105.99000000000001,154.96637
149.9,154.96777
49.0,154.96678
46.9,154.96783
104.6,154.9693
33.9,154.96889
45.0,154.96979
1149.0,154.97055
39.0,154.94118
22.32,154.93942
34.99,154.94789
126.79999999999998,154.95718
59.49,154.96187
175.0,154.96568
48.9,154.96512
189.9,154.96661
37.9,154.9646
63.980000000000004,154.96597
44.9,154.96742
29.9,154.96896
241.60000000000002,154.97055
104.99999999999999,154.966
119.50000000000001,154.96425
75.0,154.9635
125.85,154.96446
49.99,154.96439
61.0,154.96602
59.989999999999995,154.96751
107.97000000000001,154.9686
33.0,154.96797
162.9,154.96895
110.0,154.96669
41.9,154.96536
27.99,154.96652
99.0,154.9686
17.9,154.9685
112.8,154.9699
74.99,154.96887
504.00000000000006,154.9683
44.0,154.95648
99.0,154.95638
209.9,154.95879
289.0,154.95839
24.99,154.95508
26.9,154.9588
250.00000000000003,154.96388
60.0,154.9621
839.99,154.9636
86.0,154.94473
66.55,154.94437
119.50000000000001,154.95087
36.5,154.95651
76.9,154.96266
497.99999999999994,154.96631
27.19,154.95682
39.9,154.95808
65.99,154.9623
65.0,154.96564
795.0,154.96782
39.9,154.94931
53.279999999999994,154.94911
155.0,154.95477
49.0,154.95813
116.77000000000001,154.9627
190.0,154.9647
180.0,154.96335
253.98,154.96147
198.9,154.95792
72.9,154.95619
369.0,154.95892
49.65,154.95445
54.99,154.95732
32.9,154.96182
129.98,154.96625
69.99,154.96689
33.0,154.9677
110.32,154.96935
54.99,154.96872
126.79999999999998,154.96895
110.0,154.96747
29.49,154.96622
64.9,154.96754
31.98,154.9684
269.70000000000005,154.96977
95.9,154.96454
79.99,154.96313
114.90000000000002,154.96384
250.00000000000003,154.96411
14.99,154.96053
199.0,154.96295
699.98,154.9618
99.8,154.94623
69.9,154.94614
27.9,154.95212
279.6,154.95969
269.97,154.95906
74.67,154.95615
36.4,154.95853
99.0,154.96309
19.83,154.96547
64.9,154.9686
91.94,154.96997
399.0,154.9696
110.0,154.96045
330.0,154.95853
79.99,154.95358
167.68,154.95564
34.9,154.95718
38.0,154.96172
109.9,154.96602
85.0,154.96721
89.99,154.9677
165.9,154.96767
329.0,154.96542
149.9,154.9586
59.89999999999999,154.95683
158.64,154.95967
56.989999999999995,154.96063
63.900000000000006,154.96347
93.6,154.96602
119.89999999999999,154.96701
27.9,154.9665
268.38,154.96811
15.499999999999998,154.96352
43.0,154.96481
39.99,154.96703
59.91,154.96902
72.0,154.96988
14.9,154.9698
527.9,154.97096
58.0,154.95837
315.0,154.95717
56.89999999999999,154.95316
149.0,154.95622
180.0,154.95842
84.49,154.95892
33.49,154.96135
49.0,154.96518
99.0,154.96805
99.8,154.9685
64.99,154.96799
125.00000000000001,154.9682
489.06,154.96696
39.0,154.95572
136.9,154.9562
19.99,154.95787
159.9,154.96263
402.51,154.96344
39.9,154.95618
15.99,154.95792
42.9,154.96289
89.0,154.96689
19.0,154.96828
179.0,154.9703
23.98,154.9677
239.9,154.96838
19.9,154.96414
32.0,154.96527
56.50000000000001,154.96758
115.0,154.969
45.97,154.96817
138.0,154.96866
125.00000000000001,154.967
886.9999999999999,154.96536
107.5,154.94359
155.9,154.94185
120.0,154.94603
89.9,154.95207
0.0,154.95802
14.49,154.96486
102.9,154.96985
119.89999999999999,154.97054
29.989999999999995,154.9691
120.0,154.96973
167.78,154.96841
98.0,154.96547
47.5,154.96458
179.6,154.96597
27.9,154.9642
70.0,154.9659
190.23,154.96721
21.99,154.96478
72.9,154.9663
90.0,154.96735
210.9,154.96751
69.9,154.96408
38.0,154.96413
80.0,154.9662
49.9,154.96727
47.0,154.96854
22.44,154.96962
2338.08,154.97101
49.98,154.90913
1787.9999999999998,154.9047
69.9,154.87344
47.99,154.88817
129.0,154.91524
104.99999999999999,154.93726
21.1,154.95265
57.99,154.96417
219.90000000000003,154.97038
200.0,154.96873
30.99,154.96527
209.99,154.96655
13.4,154.96414
527.9,154.96631
29.989999999999995,154.95549
129.0,154.95654
54.9,154.95863
29.9,154.96248
65.9,154.96658
110.32,154.96873
160.0,154.96846
28.99,154.9661
18.95,154.96715
131.8,154.96933
169.0,154.96825
549.9,154.96533
46.9,154.95229
119.99,154.95284
25.9,154.95586
198.67,154.96143
45.97,154.9618
16.08,154.96446
590.0,154.96802
19.99,154.95544
359.70000000000005,154.95615
69.0,154.95197
66.9,154.95506
39.99,154.95985
113.1,154.9647
99.9,154.96635
94.9,154.96684
97.5,154.96695
239.00000000000003,154.9668
180.0,154.96277
45.99,154.96005
81.0,154.96211
168.9,154.96426
15.99,154.96352
49.9,154.96611
104.9,154.96825
158.0,154.96819
119.00000000000001,154.96596
179.0,154.96463
58.0,154.96233
39.9,154.96355
59.89999999999999,154.96613
229.0,154.96794
143.99,154.96448
318.98,154.96243
135.25,154.9567
139.0,154.95618
129.9,154.95746
150.0,154.95926
95.0,154.96024
100.0,154.9622
32.0,154.96385
85.99,154.9668
69.9,154.96796
15.99,154.96861
380.0,154.97037
98.8,154.96222
85.8,154.96042
69.0,154.9616
22.9,154.96387
8.99,154.9672
79.9,154.97035
67.77,154.97073
189.0,154.97041
329.0,154.96664
24.95,154.95892
61.99999999999999,154.9601
129.0,154.96295
59.19,154.96379
139.0,154.96567
29.9,154.96524
64.9,154.96712
69.95,154.96832
27.9,154.96884
379.8,154.97012
185.0,154.96184
29.969999999999995,154.95773
209.99,154.96031
199.0,154.95961
159.9,154.95827
134.9,154.95816
78.0,154.9592
138.0,154.9619
76.0,154.96283
74.8,154.96461
652.0,154.96625
170.0,154.95181
358.0,154.94878
29.9,154.94534
29.9,154.95148
29.9,154.95927
478.00000000000006,154.96559
329.97,154.9577
66.9,154.95111
264.9,154.95381
59.989999999999995,154.95355
72.78999999999999,154.95787
50.2,154.96227
895.6500000000001,154.96614
340.0,154.94597
348.0,154.93806
8.0,154.93614
399.0,154.9459
24.99,154.94652
75.0,154.954
113.97999999999999,154.96056
45.0,154.96402
77.9,154.96739
189.9,154.96893
56.1,154.96638
199.99,154.96669
96.99,154.96396
99.8,154.96365
139.0,154.96414
169.89,154.96368
179.9,154.96219
56.00000000000001,154.96048
140.0,154.96248
422.01,154.96294
48.99,154.95515
49.9,154.95671
35.6,154.96101
48.9,154.96545
35.0,154.96844
19.99,154.97055
51.45,154.97218
126.99,154.97238
119.89999999999999,154.96997
260.0,154.96748
35.35,154.96182
28.99,154.96262
104.99999999999999,154.96555
39.9,154.96637
97.15,154.96805
259.9,154.96803
78.76,154.96307
93.24,154.96265
90.0,154.96346
31.98,154.96455
340.0,154.96703
31.9,154.96103
238.99,154.96205
129.9,154.95963
139.0,154.9596
19.99,154.96014
36.75,154.96396
174.0,154.96744
99.0,154.96619
60.0,154.96571
49.9,154.96664
139.9,154.9681
23.99,154.96687
90.0,154.96819
129.01,154.96825
35.9,154.96678
109.9,154.9677
118.8,154.96716
49.9,154.96605
350.0,154.96689
49.99,154.96007
99.0,154.96056
659.99,154.96207
99.0,154.94838
237.00000000000003,154.94835
29.0,154.94925
114.99,154.95584
47.64,154.96033
74.99,154.96478
44.05,154.96735
185.0,154.96942
199.0,154.96698
0.0,154.96324
32.0,154.9654
95.0,154.96806
729.08,154.96848
105.19,154.95091
859.8999999999999,154.94875
29.0,154.93196
80.0,154.93713
179.8,154.94702
16.5,154.95323
139.0,154.96104
139.9,154.9641
212.00000000000003,154.96474
27.9,154.96243
135.0,154.96468
115.0,154.96492
191.98,154.96492
36.9,154.96275
29.6,154.96457
104.99999999999999,154.96742
20.9,154.96783
84.0,154.96956
59.97999999999999,154.96957
17.49,154.96964
110.32,154.97083
32.66,154.96956
179.0,154.96988
199.0,154.9667
220.70000000000002,154.96262
179.0,154.95874
64.99,154.95706
48.9,154.95966
37.99,154.96346
0.0,154.967
69.9,154.97055
12.67,154.9713
104.99999999999999,154.97244
0.0,154.97092
24.9,154.97171
49.0,154.97237
229.99,154.97214
29.989999999999995,154.96678
58.0,154.96648
150.60000000000002,154.96721
145.0,154.96559
83.56,154.96376
63.00000000000001,154.96402
78.0,154.96547
228.0,154.96657
159.9,154.9632
39.9,154.96107
259.99,154.96318
85.9,154.96022
13.989999999999998,154.96101
139.98,154.96484
171.98,154.96529
26.0,154.96362
84.9,154.96562
24.99,154.96675
379.0,154.96889
149.98,154.96124
63.900000000000006,154.9585
109.9,154.96045
44.9,154.9622
38.9,154.9652
136.76,154.968
69.9,154.96736
264.9,154.96756
24.99,154.96269
199.8,154.96387
129.9,154.96205
78.0,154.96158
75.0,154.9631
29.989999999999995,154.96497
54.99,154.96767
77.98,154.96928
50.0,154.96948
139.77,154.96991
64.8,154.96785
147.0,154.96751
48.9,154.96562
29.0,154.96632
39.0,154.96825
955.0000000000001,154.96982
90.0,154.94609
59.89999999999999,154.94351
134.0,154.94957
99.5,154.95491
110.32,154.9596
115.99,154.9626
19.9,154.96413
69.0,154.96735
154.0,154.96896
69.97,154.9673
55.0,154.96721
119.89999999999999,154.96805
59.8,154.9672
1100.0,154.96759
0.0,154.94016
27.9,154.94035
40.0,154.94908
147.99,154.958
65.9,154.96179
29.9,154.96515
32.9,154.96848
839.4000000000001,154.97083
259.9,154.95042
148.0,154.94337
45.0,154.94568
106.4,154.95328
142.0,154.95901
49.9,154.9617
89.9,154.96518
104.6,154.96693
66.3,154.96722
219.0,154.96797
69.9,154.96451
99.9,154.96452
139.99,154.96489
48.9,154.96416
119.00000000000001,154.9657
40.0,154.96571
21.6,154.96733
109.69999999999999,154.96954
56.00000000000001,154.96902
179.9,154.96912
26.9,154.9661
0.0,154.96689
79.9,154.9695
64.49,154.96985
49.99,154.96979
650.0,154.96997
74.67,154.954
59.7,154.95232
26.0,154.95634
85.99,154.96208
29.9,154.96533
39.99,154.96843
329.99,154.97041
219.90000000000003,154.96368
79.0,154.95876
57.98,154.95952
179.9,154.96254
23.9,154.96223
189.9,154.9651
55.0,154.96384
79.87,154.96513
77.9,154.96631
15.99,154.96715
437.0,154.96933
109.9,154.96004
393.6,154.95811
57.0,154.95155
139.99,154.95422
24.0,154.95708
527.9,154.96239
42.0,154.95357
196.9,154.95544
49.9,154.95628
29.989999999999995,154.9605
61.99999999999999,154.96529
170.0,154.96814
93.99,154.96669
29.9,154.9662
69.9,154.96788
89.99,154.96872
499.98,154.9685
58.60000000000001,154.9569
45.0,154.95642
22.32,154.96019
115.34999999999998,154.96498
109.9,154.96637
438.0,154.96642
151.8,154.95717
29.49,154.95494
110.65,154.95895
49.9,154.96182
65.9,154.9652
35.400000000000006,154.96742
142.9,154.96953
25.99,154.96812
129.9,154.96904
209.99999999999997,154.9677
49.9,154.96373
149.9,154.96425
120.0,154.96344
19.9,154.96318
194.89,154.96588
149.9,154.96417
599.76,154.96263
69.9,154.94943
79.98,154.95007
650.0,154.95499
24.99,154.94463
39.9,154.94878
20.9,154.95639
58.99999999999999,154.96365
413.91,154.96791
53.8,154.96048
319.0,154.96077
101.2,154.9564
49.99,154.95746
429.9,154.96143
89.0,154.9551
137.0,154.95613
247.88,154.95811
189.9,154.9569
99.9,154.95648
179.0,154.9589
220.0,154.95949
99.99,154.9582
149.0,154.95987
900.0000000000001,154.96077
72.0,154.94086
79.9,154.94157
69.97,154.94887
230.0,154.95668
79.99,154.95834
22.32,154.96158
149.0,154.96608
478.00000000000006,154.96637
519.0,154.95627
44.99,154.9442
27.95,154.94742
78.98,154.95537
49.98,154.96143
144.0,154.9661
185.9,154.96652
164.9,154.96431
64.99,154.96233
54.9,154.9636
129.99,154.96587
477.00000000000006,154.96584
69.9,154.95566
27.9,154.95572
98.99,154.96037
39.99,154.96338
99.0,154.96666
46.0,154.96759
59.989999999999995,154.96893
16.9,154.96965
24.9,154.97112
65.9,154.97221
418.8,154.97177
99.9,154.96138
66.55,154.95898
56.00000000000001,154.96078
70.0,154.96379
61.99999999999999,154.96606
32.0,154.96773
388.35,154.96957
55.9,154.9614
67.8,154.96095
49.9,154.96292
44.05,154.96564
229.0,154.96805
80.0,154.96477
69.8,154.96445
87.8,154.96548
49.91,154.96622
79.99,154.96765
138.0,154.96815
99.99,154.96663
70.0,154.96585
90.0,154.96632
55.0,154.96657
118.8,154.96758
259.99,154.96689
39.9,154.96199
40.9,154.96289
74.0,154.9655
39.9,154.96709
99.0,154.96886
149.9,154.96861
99.0,154.96642
650.0,154.96548
78.0,154.95035
395.0,154.94986
149.65,154.94589
127.27,154.94843
299.0,154.95314
135.9,154.95277
89.97,154.95522
111.56999999999998,154.95924
135.0,154.96217
99.99,154.96332
90.0,154.96451
159.99,154.96565
74.9,154.96455
39.99,154.96526
19.99,154.9673
79.9,154.96979
89.0,154.97011
170.0,154.96936
49.99,154.96626
35.0,154.9664
149.0,154.96797
40.0,154.96654
89.9,154.96739
64.9,154.96747
79.0,154.96791
69.9,154.968
49.0,154.96819
139.98,154.9689
19.9,154.96718
1799.0000000000002,154.9683
51.9,154.92181
88.0,154.91907
658.9,154.93079
1295.0,154.92883
129.9,154.90562
51.73,154.91318
149.9,154.93129
22.0,154.94556
70.0,154.95831
199.99,154.96597
39.99,154.96638
33.49,154.96849
85.0,154.97069
129.98,154.97086
278.0,154.96898
29.989999999999995,154.96284
340.0,154.96352
179.99,154.9579
101.0,154.95592
69.5,154.95784
109.0,154.9614
44.9,154.96352
170.0,154.96635
90.0,154.96532
121.75,154.9654
51.9,154.96498
329.0,154.96635
39.15,154.9605
24.87,154.96155
14.9,154.96503
129.9,154.96867
27.99,154.96832
28.99,154.96945
99.0,154.97076
94.9,154.9699
527.9,154.9686
29.0,154.95581
19.99,154.95598
19.2,154.96071
56.1,154.96574
104.99999999999999,154.96858
180.0,154.96866
69.9,154.96576
19.2,154.9656
126.99,154.96774
75.0,154.9672
165.8,154.96725
51.0,154.96507
59.89999999999999,154.96579
89.9,154.96706
78.0,154.96735
299.0,154.96758
52.99,154.96176
49.9,154.96207
149.0,154.96445
597.0,154.96422
139.0,154.9511
41.6,154.94946
170.0,154.9548
98.9,154.9576
65.0,154.96074
89.9,154.96414
139.21,154.9661
179.0,154.96568
39.9,154.96353
30.52,154.96507
150.0,154.9677
134.97,154.96672
79.9,154.96521
234.8,154.9654
59.89999999999999,154.96191
219.99000000000004,154.9628
59.989999999999995,154.96063
69.99,154.9623
369.0,154.96457
599.0,154.95837
369.0,154.94478
488.0,154.93849
45.0,154.93312
84.9,154.94147
31.9,154.9512
229.99,154.96033
101.9,154.96156
149.0,154.9633
250.00000000000003,154.96349
269.8,154.96031
29.9,154.95628
26.679999999999996,154.95946
71.0,154.96428
142.0,154.96715
29.9,154.96672
199.5,154.96828
23.98,154.96552
44.9,154.96672
0.0,154.96838
29.9,154.97092
52.9,154.97227
79.99,154.97224
229.9,154.97102
78.9,154.96564
113.29999999999998,154.96436
34.97,154.96384
812.99,154.96582
199.9,154.94711
12.99,154.94296
299.8,154.9499
69.99,154.95102
59.89999999999999,154.9561
874.0,154.96155
95.28,154.9437
37.99,154.9438
55.9,154.95148
169.99,154.95917
92.95,154.96178
56.989999999999995,154.96408
219.48999999999998,154.96666
13.0,154.96425
189.0,154.96631
121.99,154.96457
29.9,154.96378
53.900000000000006,154.96596
59.989999999999995,154.96791
36.0,154.96909
59.8,154.97032
29.9,154.97061
40.0,154.97128
119.00000000000001,154.97162
49.9,154.96962
756.0,154.9692
29.0,154.95033
58.82,154.94986
139.8,154.95496
129.9,154.95836
69.9,154.9606
29.9,154.96358
168.9,154.96709
34.9,154.96613
22.5,154.96751
379.0,154.96965
12.99,154.96185
102.9,154.9626
69.9,154.9636
527.9,154.96529
24.5,154.9544
29.9,154.95576
299.0,154.96074
150.0,154.95837
799.0,154.95819
125.00000000000001,154.9413
596.0,154.94144
24.9,154.9346
39.0,154.94264
399.9,154.95325
326.16,154.95222
45.97,154.9496
45.97,154.95474
299.0,154.96109
149.0,154.95935
35.9,154.95937
199.0,154.96301
21.1,154.96248
78.0,154.96544
99.9,154.96724
19.0,154.96756
41.99,154.96944
228.80000000000004,154.97072
78.0,154.96638
28.12,154.96535
70.0,154.96701
27.979999999999997,154.96802
34.0,154.96964
100.0,154.97089
119.89999999999999,154.9699
139.0,154.96786
399.0,154.96552
315.98,154.95663
119.00000000000001,154.95013
28.000000000000004,154.95149
22.5,154.9576
75.0,154.96387
149.9,154.96718
179.7,154.96663
170.0,154.96414
89.0,154.96191
109.9,154.9625
119.00000000000001,154.9633
119.89999999999999,154.96373
59.89999999999999,154.96387
27.979999999999997,154.96552
85.0,154.96806
69.99,154.96873
92.5,154.96896
99.0,154.9684
16.29,154.9675
101.0,154.96895
110.32,154.96852
66.9,154.9673
349.99,154.9673
190.0,154.9601
38.98,154.95665
29.989999999999995,154.95947
74.99,154.96391
319.0,154.96652
49.9,154.96129
61.4,154.96205
35.0,154.96436
59.49,154.96724
233.47000000000003,154.96892
269.9,154.96504
54.9,154.95935
69.9,154.96033
27.9,154.96289
37.8,154.96642
43.9,154.96909
189.9,154.97063
79.8,154.96742
163.0,154.96645
69.99,154.96422
149.0,154.96463
69.0,154.9637
44.9,154.9647
119.87999999999998,154.96677
113.79999999999998,154.96661
120.0,154.96593
50.2,154.96509
198.8,154.9663
22.9,154.96385
99.9,154.96556
12.99,154.96616
294.9,154.96855
29.9,154.96333
104.99999999999999,154.96407
85.0,154.9646
79.0,154.96544
390.0,154.96632
9.9,154.95863
42.9,154.96031
149.99,154.96384
299.9,154.96416
99.9,154.95927
23.99,154.95935
165.0,154.96313
220.64,154.96335
75.0,154.96082
65.95,154.96198
162.9,154.9643
19.9,154.96379
40.0,154.96632
43.9,154.96867
735.0,154.9702
22.32,154.95241
169.9,154.95203
64.0,154.95364
89.98,154.95833
68.9,154.96213
37.9,154.96526
50.4,154.96819
219.0,154.96994
63.900000000000006,154.9663
389.7000000000001,154.96593
527.9,154.95796
879.3300000000002,154.94577
49.9,154.92584
679.0,154.93105
53.3,154.92636
120.0,154.93652
54.9,154.94736
17.0,154.95735
49.0,154.96553
61.99999999999999,154.9701
299.9,154.97188
345.0,154.96576
42.99,154.95732
76.95,154.95839
138.0,154.96141
897.0000000000001,154.96262
128.9,154.94234
30.0,154.941
26.0,154.94905
69.9,154.95822
139.98,154.96423
24.9,154.96574
149.98,154.96846
99.0,154.96748
116.8,154.96686
85.9,154.96599
186.0,154.96606
49.9,154.96371
219.99000000000004,154.9648
112.00000000000001,154.96219
488.0,154.9619
59.89999999999999,154.95233
52.9,154.95372
199.0,154.95863
65.9,154.95952
96.8,154.9624
19.99,154.96442
340.0,154.96768
28.899999999999995,154.96187
79.0,154.9629
550.0,154.96463
149.9,154.95338
38.9,154.95154
65.0,154.95634
189.0,154.96141
154.35000000000002,154.96191
24.0,154.9617
43.0,154.96484
44.0,154.96776
72.0,154.96979
14.9,154.9702
30.999999999999996,154.9715
999.0000000000001,154.97229
19.49,154.9465
119.89999999999999,154.94504
95.0,154.94945
129.0,154.9553
74.99,154.95926
219.90000000000003,154.96303
340.0,154.96191
170.0,154.95619
229.9,154.95502
199.9,154.95404
42.93,154.95421
1323.0,154.95892
54.9,154.9293
59.989999999999995,154.93031
43.9,154.94125
64.9,154.95306
24.9,154.96155
120.0,154.96782
170.0,154.96916
86.0,154.96709
320.0,154.96664
149.65,154.9605
284.9,154.95857
89.8,154.9549
434.64,154.95683
44.99,154.95085
34.9,154.95432
49.9,154.96031
126.79999999999998,154.9652
72.0,154.96637
34.99,154.96747
142.14,154.96924
390.0,154.96785
95.34,154.95906
99.98,154.95801
49.99,154.95969
44.9,154.9632
125.00000000000001,154.96652
10.0,154.9668
61.099999999999994,154.96904
49.0,154.97
42.99,154.97058
19.0,154.97102
66.0,154.97194
138.5,154.97147
58.9,154.96869
1245.0,154.968
19.9,154.93608
129.9,154.93524
32.0,154.94217
260.9,154.95248
99.0,154.95515
39.9,154.95898
69.9,154.96387
167.8,154.96703
79.99,154.9661
229.0,154.96638
64.0,154.96295
69.9,154.9636
89.9,154.96524
34.0,154.96623
162.9,154.96823
150.0,154.96657
215.0,154.96443
469.99999999999994,154.96095
83.9,154.95105
134.99,154.952
29.9,154.955
29.9,154.96072
119.89999999999999,154.96591
99.0,154.96713
70.0,154.9673
45.0,154.96783
179.0,154.96901
149.0,154.96645
120.0,154.96408
119.89999999999999,154.96317
69.4,154.96298
106.79999999999998,154.96443
34.9,154.96506
65.0,154.96718
299.9,154.96844
1150.0,154.96275
44.9,154.93317
79.9,154.9333
145.9,154.94247
460.79999999999995,154.95047
218.98999999999998,154.94756
104.0,154.94833
45.97,154.95334
29.989999999999995,154.96
35.0,154.96588
25.89,154.96983
85.71,154.97229
54.9,154.97197
14.000000000000002,154.97156
54.9,154.97229
65.98,154.97203
74.99,154.97118
74.89,154.9701
362.39,154.96916
330.0,154.9608
148.0,154.95297
32.0,154.95232
35.0,154.9574
42.9,154.963
49.0,154.96713
24.99,154.96957
171.9,154.97144
157.0,154.96867
410.69000000000005,154.96545
139.9,154.95605
49.0,154.95435
204.8,154.95811
456.8,154.95854
1190.8,154.95096
369.5,154.92278
99.0,154.91745
54.0,154.92856
200.0,154.94348
79.9,154.95193
92.8,154.9593
15.0,154.96408
22.35,154.96883
139.9,154.97206
58.99,154.97069
15.0,154.97025
249.8,154.97133
97.1,154.96628
260.22,154.96452
104.99999999999999,154.95995
229.98,154.95975
149.98,154.95773
69.99,154.9578
49.9,154.96071
663.99,154.96437
78.71,154.95078
29.989999999999995,154.95076
23.9,154.95667
179.9,154.96315
195.0,154.96393
31.2,154.9622
118.8,154.96452
58.99999999999999,154.96521
297.0,154.96675
51.8,154.96176
30.0,154.96246
22.98,154.96547
69.9,154.96864
527.9,154.96976
27.9,154.95753
24.9,154.95752
24.53,154.96172
159.0,154.96619
95.0,154.96597
239.9,154.96599
29.989999999999995,154.96217
39.9,154.96373
123.47,154.9664
84.4,154.96649
34.9,154.96672
419.0,154.96829
199.9,154.95953
188.16,154.9555
49.0,154.95447
79.9,154.95844
199.9,154.96223
45.97,154.96176
119.89999999999999,154.96414
179.9,154.9649
52.9,154.96329
99.98,154.9647
52.9,154.96548
27.9,154.96712
229.99,154.96925
499.99,154.96555
71.0,154.95355
40.0,154.95349
49.9,154.95833
139.98,154.96324
126.99,154.96448
15.0,154.96454
35.0,154.96722
285.0,154.96954
75.8,154.96436
17.77,154.96365
58.99999999999999,154.96619
56.989999999999995,154.968
116.9,154.96916
95.9,154.96817
93.99,154.96729
58.669999999999995,154.9667
72.9,154.96732
265.0,154.96777
120.0,154.96289
53.97,154.9614
218.89999999999998,154.96324
29.9,154.96126
109.0,154.96361
412.0,154.9647
39.0,154.95691
49.99,154.95825
679.0,154.96205
259.9,154.94867
92.99,154.94437
39.0,154.94882
69.9,154.95648
19.99,154.9624
77.9,154.96758
49.9,154.96957
258.0,154.97075
125.6,154.96568
0.0,154.96338
79.0,154.96596
0.0,154.96735
44.9,154.97006
100.0,154.97131
119.89999999999999,154.97025
170.0,154.96811
299.0,154.96484
259.99,154.95856
49.0,154.95393
274.49,154.95682
85.99,154.95537
93.8,154.95798
14.9,154.96109
189.0,154.9657
64.0,154.96492
199.9,154.96591
61.4,154.9636
56.989999999999995,154.96445
9.88,154.96628
129.9,154.96918
116.9,154.96846
39.0,154.96704
104.99999999999999,154.96783
89.9,154.9674
95.4,154.96704
50.2,154.96664
35.0,154.96756
181.8,154.96909
116.9,154.96645
49.99,154.96486
238.00000000000003,154.96585
25.89,154.96237
56.00000000000001,154.96402
31.990000000000002,154.96616
13.5,154.96857
139.9,154.9709
46.9,154.96922
527.9,154.96915
325.0,154.95662
14.99,154.94868
25.89,154.95276
54.9,154.95949
27.9,154.9646
11.87,154.9686
179.99,154.9716
78.0,154.969
319.9,154.9679
586.0,154.96104
151.3,154.94685
68.0,154.94565
159.99,154.9514
36.9,154.9555
110.32,154.96132
45.9,154.96428
139.0,154.96724
74.99,154.96693
147.6,154.96729
24.9,154.9658
74.8,154.96736
9.99,154.96817
31.500000000000004,154.97021
38.0,154.97156
206.9,154.97212
170.0,154.9677
59.8,154.96376
34.9,154.96396
120.0,154.96617
27.9,154.96617
45.0,154.96794
21.99,154.96936
299.9,154.97095
196.85,154.96466
107.98000000000002,154.96016
39.9,154.95984
126.79999999999998,154.96284
56.89999999999999,154.96384
62.89999999999999,154.9658
230.0,154.96742
148.0,154.96402
59.97999999999999,154.96202
159.0,154.96341
199.9,154.96289
119.89999999999999,154.96074
48.0,154.9608
539.8,154.96352
169.9,154.95316
144.9,154.95111
107.99,154.95312
49.0,154.95694
69.9,154.96198
22.6,154.96556
69.9,154.96901
15.9,154.97023
64.8,154.9718
39.99,154.97174
58.99999999999999,154.97179
74.99,154.9713
47.0,154.97029
187.2,154.97012
109.9,154.96648
59.8,154.96469
179.0,154.96535
50.54,154.96344
32.0,154.96466
242.9,154.9671
140.75,154.96365
37.99,154.9619
39.0,154.96394
39.9,154.96672
59.97999999999999,154.96898
139.0,154.96994
59.89999999999999,154.96808
995.9999999999999,154.9679
10.0,154.943
69.9,154.943
48.0,154.9498
118.9,154.95766
69.0,154.96194
121.75,154.96533
20.0,154.96611
795.0,154.96857
29.989999999999995,154.94998
69.99,154.94986
69.9,154.95488
12.99,154.9603
26.9,154.96596
38.95,154.96986
238.00000000000003,154.97185
129.99,154.96729
179.9,154.96458
66.0,154.96187
68.5,154.96289
78.0,154.96481
196.8,154.96628
545.98,154.964
61.4,154.95164
159.9,154.95224
49.0,154.95439
56.989999999999995,154.95949
128.0,154.96405
27.64,154.96533
274.49,154.96791
527.9,154.9636
179.7,154.95122
19.0,154.94879
527.9,154.95467
190.0,154.94806
267.88,154.94812
14.000000000000002,154.9484
76.0,154.9555
129.0,154.96141
119.00000000000001,154.96393
151.56,154.96494
58.0,154.96428
110.32,154.96573
19.9,154.96605
39.98,154.96832
38.99,154.97008
79.99,154.97119
220.64,154.97069
1277.5,154.96594
79.98,154.93237
27.9,154.9304
19.9,154.941
201.9,154.95322
124.9,154.95796
64.99,154.9611
29.0,154.96457
159.8,154.96817
58.669999999999995,154.96733
94.9,154.9679
34.9,154.96777
45.97,154.96902
19.9,154.97006
49.99,154.97145
42.79,154.97174
119.89999999999999,154.97176
19.9,154.96959
34.0,154.96992
49.0,154.97063
44.9,154.97084
89.99,154.97095
22.25,154.96977
29.989999999999995,154.97029
129.9,154.97104
45.9,154.96898
81.0,154.96877
119.89999999999999,154.96829
127.0,154.96681
170.0,154.9652
28.899999999999995,154.96281
45.0,154.96458
199.9,154.96689
359.65,154.9646
99.99,154.95706
118.4,154.95677
112.3,154.95853
65.9,154.96066
250.00000000000003,154.96362
10.0,154.96117
25.0,154.964
61.99999999999999,154.96748
27.9,154.96925
109.9,154.9709
97.98,154.96985
329.0,154.96846
18.8,154.96107
170.0,154.96198
25.89,154.96133
109.0,154.96422
79.99,154.9653
139.9,154.96631
99.9,154.9654
170.0,154.96518
29.9,154.96335
14.9,154.96524
309.9,154.96828
220.0,154.96295
19.99,154.95863
29.0,154.9612
129.9,154.96515
234.99999999999997,154.96582
175.0,154.96237
120.0,154.9601
301.0,154.96028
42.0,154.95638
43.0,154.95909
99.0,154.96332
49.0,154.96544
38.0,154.96764
23.9,154.9696
46.9,154.97133
28.000000000000004,154.9719
108.0,154.9724
29.9,154.97057
49.0,154.97052
101.9,154.97055
18.49,154.96915
199.9,154.96986
45.05,154.96623
90.0,154.96623
239.9,154.9663
57.26,154.96228
108.69999999999999,154.9629
81.36,154.96356
169.99,154.96478
299.9,154.96352
104.99999999999999,154.95825
81.0,154.9583
209.99,154.96078
134.9,154.95996
37.8,154.96027
95.9,154.96352
107.90000000000002,154.96535
149.9,154.96588
219.89,154.96474
25.98,154.96141
49.0,154.96344
159.0,154.96613
27.99,154.96533
129.49,154.96712
38.0,154.96657
69.99,154.96783
56.989999999999995,154.96849
354.39,154.96913
179.9,154.96156
49.9,154.95792
15.55,154.96007
79.9,154.96451
47.0,154.96684
99.0,154.96873
149.5,154.96861
128.25,154.96649
174.0,154.9648
228.0,154.96246
229.99,154.95906
115.9,154.95613
169.9,154.95723
55.9,154.95795
69.0,154.96143
599.8,154.96461
297.0,154.95253
119.79999999999998,154.9467
71.8,154.94931
18.99,154.95535
83.88,154.96239
99.99,154.96619
55.9,154.9675
269.0,154.96881
247.0,154.964
45.99,154.95895
33.99,154.96057
497.98,154.96428
15.499999999999998,154.95518
269.0,154.9572
149.9,154.95563
49.0,154.95645
59.7,154.9606
20.99,154.96451
91.55,154.96835
74.99,154.96927
120.90000000000002,154.96939
44.64,154.96797
126.99,154.96841
65.0,154.96713
49.0,154.96725
29.989999999999995,154.96823
29.0,154.96973
77.9,154.97104
29.989999999999995,154.97063
69.99,154.97101
69.99,154.97049
64.0,154.96979
74.5,154.96935
49.0,154.96884
259.99,154.96912
139.0,154.9639
127.26,154.96147
201.9,154.96095
89.97,154.9592
64.99,154.96054
89.9,154.96326
89.9,154.96507
39.9,154.96613
49.0,154.968
23.9,154.96942
209.0,154.97098
60.0,154.96718
109.22,154.96657
68.5,154.96585
116.9,154.96637
150.0,154.96587
103.95,154.96426
1763.8999999999999,154.96394
49.99,154.91908
49.9,154.91768
40.0,154.93129
55.0,154.9466
42.0,154.95815
19.0,154.96588
99.9,154.97096
109.22,154.97163
163.0,154.97034
62.89999999999999,154.96721
189.9,154.9669
57.9,154.96414
59.89999999999999,154.96478
189.0,154.96635
138.0,154.9643
1999.8,154.96295
122.49,154.91158
64.49,154.90807
78.0,154.92313
66.7,154.94008
34.9,154.95363
144.9,154.96349
35.0,154.96663
19.99,154.96962
159.78,154.97214
18.15,154.96999
159.8,154.97055
269.0,154.96799
109.22,154.96205
527.9,154.9608
92.99,154.95013
539.7,154.95084
95.4,154.94313
18.9,154.94664
239.00000000000003,154.95511
132.0,154.95712
100.0,154.95935
399.0,154.96198
99.9,154.95596
42.9,154.9567
23.9,154.96101
199.9,154.96588
104.9,154.9649
139.9,154.96478
58.99999999999999,154.964
179.89,154.9654
110.32,154.96384
13.47,154.96358
35.0,154.9664
189.9,154.96895
34.9,154.96652
50.0,154.96725
69.0,154.96844
27.9,154.96893
219.90000000000003,154.97015
45.0,154.96614
102.9,154.9661
658.9,154.96587
199.0,154.95058
200.0,154.94672
179.0,154.94771
50.0,154.95062
212.99,154.95697
301.48,154.95845
39.9,154.95555
127.5,154.95903
56.89999999999999,154.96138
259.9,154.96463
56.989999999999995,154.96184
30.99,154.96318
58.99999999999999,154.9663
85.0,154.96837
32.9,154.96883
15.99,154.97002
58.86,154.97157
56.989999999999995,154.97166
49.9,154.97125
114.08,154.97098
49.0,154.96904
37.0,154.96881
154.9,154.96953
629.9,154.9672
67.9,154.9516
11.87,154.95087
209.0,154.95683
119.99,154.95819
40.0,154.96007
64.9,154.96385
4399.87,154.96663
29.9,154.84926
27.9,154.84308
359.0,154.87555
63.900000000000006,154.9034
27.99,154.9306
25.0,154.95175
129.9,154.96553
169.0,154.97041
179.9,154.96985
180.0,154.96715
169.9,154.96428
175.06,154.96222
70.0,154.96071
27.99,154.96254
299.9,154.96608
55.0,154.9619
104.99999999999999,154.9628
24.99,154.96382
139.0,154.96672
170.0,154.96645
50.75,154.9643
489.06,154.9653
79.9,154.95528
83.0,154.95518
29.989999999999995,154.95842
59.89999999999999,154.9633
119.00000000000001,154.9667
250.00000000000003,154.96713
104.99999999999999,154.9629
117.98,154.96214
200.0,154.96239
59.89999999999999,154.96066
1095.65,154.96252
115.9,154.93706
32.99,154.93567
114.08,154.945
101.0,154.9533
92.5,154.95946
79.9,154.9636
49.9,154.96631
78.0,154.96864
102.9,154.96944
49.0,154.9688
39.99,154.96924
78.0,154.97014
171.6,154.96988
11.87,154.96677
12.06,154.96777
29.9,154.96991
82.0,154.97134
22.99,154.97076
69.0,154.97125
77.9,154.9707
52.9,154.96971
92.5,154.96951
29.0,154.96854
119.99,154.96928
110.32,154.96794
199.9,154.96652
298.0,154.96304
245.0,154.95715
79.9,154.95343
379.9,154.9559
97.1,154.95174
64.9,154.95409
179.9,154.95894
259.99,154.96027
390.4,154.95793
676.97,154.95148
165.0,154.93759
53.00000000000001,154.9387
248.99999999999997,154.94762
98.0,154.95152
157.9,154.95683
44.99,154.95966
22.32,154.96394
102.0,154.9682
49.91,154.96915
65.0,154.97008
23.0,154.97034
239.9,154.97136
129.0,154.96649
98.0,154.96387
69.99,154.96352
129.0,154.96475
80.5,154.96458
171.78,154.96533
649.0,154.96371
79.9,154.94885
49.9,154.94882
28.99,154.95464
135.65,154.96143
38.0,154.96393
64.99,154.967
795.0,154.96875
49.9,154.94986
87.97,154.94911
29.0,154.95364
122.99,154.96031
45.0,154.96342
235.99999999999997,154.96664
185.9,154.96396
550.0,154.9613
49.0,154.94951
30.0,154.95126
117.0,154.95763
90.0,154.9615
49.0,154.96426
104.99999999999999,154.96707
359.0,154.96762
175.0,154.96043
105.9,154.95746
119.89999999999999,154.95853
252.06,154.96028
44.9,154.95824
118.98,154.96106
19.0,154.96278
170.0,154.96637
24.99,154.9656
110.0,154.96744
116.9,154.96739
69.99,154.9665
40.7,154.96683
54.48,154.96825
25.89,154.96925
33.9,154.97063
40.9,154.97154
360.0,154.97188
22.32,154.96329
79.9,154.96306
39.99,154.96416
25.0,154.96646
49.9,154.969
39.9,154.97028
110.4,154.97107
1899.0000000000002,154.9696
395.0,154.91917
116.9,154.90654
31.990000000000002,154.91747
129.99,154.93568
139.9,154.94905
12.99,154.95718
193.99,154.9649
310.0,154.96564
59.93999999999999,154.96065
89.99000000000001,154.9617
199.9,154.96367
118.13,154.96237
79.9,154.96248
85.99,154.96404
52.9,154.96547
155.0,154.96738
25.99,154.96616
49.9,154.96767
59.8,154.96904
188.9,154.96971
510.99000000000007,154.96649
39.9,154.95409
170.0,154.95457
129.99,154.95576
150.0,154.95795
2090.0,154.9594
195.0,154.90747
100.0,154.90298
108.90000000000002,154.9182
99.9,154.93575
240.0,154.94984
98.0,154.95544
43.6,154.9606
789.0,154.96574
27.99,154.94931
69.99,154.95044
125.89999999999999,154.956
80.0,154.95999
39.0,154.9636
199.0,154.96724
69.9,154.9656
115.9,154.96605
65.0,154.96582
199.9,154.96674
104.99999999999999,154.96414
29.989999999999995,154.9636
215.0,154.96587
90.89,154.9635
195.0,154.96353
49.99,154.96156
98.99,154.96333
169.99,154.96458
118.99000000000001,154.96342
364.0,154.96313
68.9,154.9566
129.0,154.95766
49.99,154.95938
149.0,154.96298
29.989999999999995,154.96365
359.9,154.96634
134.9,154.96014
15.0,154.95863
478.0400000000001,154.96233
114.90000000000002,154.9543
174.89,154.95424
36.64,154.95529
39.6,154.96014
69.9,154.96495
58.0,154.96768
49.7,154.9693
104.9,154.97034
59.989999999999995,154.96942
56.989999999999995,154.96922
59.989999999999995,154.96942
78.0,154.96956
84.99,154.96915
109.8,154.96846
199.0,154.96716
27.9,154.96361
13.989999999999998,154.96484
43.9,154.96773
119.50000000000001,154.96962
125.00000000000001,154.96864
89.9,154.96681
185.0,154.96614
1608.99,154.96344
70.0,154.92213
170.0,154.92056
7.000000000000001,154.93008
25.0,154.94519
40.0,154.95784
292.37,154.96606
369.0,154.96387
40.0,154.9567
74.9,154.95857
55.0,154.962
19.0,154.96553
149.0,154.96909
94.9,154.96822
110.32,154.9675
12.0,154.96658
199.6,154.96846
49.8,154.9657
14.49,154.96611
170.0,154.96844
95.8,154.96658
45.0,154.96582
51.99,154.96696
32.0,154.96828
18.98,154.96983
12.51,154.9714
59.8,154.97273
29.98,154.97237
179.9,154.97229
116.9,154.96832
55.0,154.96573
54.0,154.96596
134.9,154.96712
229.9,154.9661
69.0,154.96205
207.9,154.96242
142.0,154.96045
78.0,154.95998
49.49,154.9619
129.0,154.96489
159.0,154.96533
54.99,154.964
36.49,154.96524
259.99,154.9675
15.9,154.96349
884.0,154.96498
255.27,154.9445
249.99,154.939
49.0,154.94019
71.1,154.94872
79.0,154.95692
115.9,154.96272
54.0,154.96524
146.99,154.96767
99.0,154.9669
60.99,154.9665
58.9,154.96735
58.9,154.96838
179.0,154.96918
195.9,154.96643
209.0,154.96272
52.98,154.95932
104.99999999999999,154.96109
53.489999999999995,154.96275
149.9,154.96533
229.0,154.96495
398.99,154.96156
138.0,154.95346
99.8,154.95296
58.0,154.95619
72.0,154.96094
250.00000000000003,154.9646
35.98,154.96217
179.9,154.96408
42.0,154.9631
123.51,154.96509
82.49,154.96535
549.1,154.96605
31.250000000000004,154.95412
80.0,154.95502
35.9,154.95872
48.99,154.96356
155.99,154.96716
119.00000000000001,154.96654
63.8,154.96567
49.9,154.96642
173.93,154.96786
67.8,154.96582
99.0,154.96596
74.99,154.96596
135.0,154.96655
135.0,154.96556
84.9,154.9643
478.0400000000001,154.96463
45.0,154.9548
25.0,154.95583
29.0,154.9608
550.0,154.96567
179.9,154.95518
79.99,154.95233
129.9,154.9555
139.9,154.95851
109.0,154.96042
22.2,154.9623
45.53,154.96603
119.79999999999998,154.96878
19.49,154.96846
129.99,154.96985
44.4,154.96848
78.0,154.96881
49.0,154.96869
74.9,154.96921
78.0,154.96909
150.99,154.9687
49.0,154.96635
11.87,154.9667
27.9,154.96886
120.0,154.97063
520.0,154.96931
47.99,154.95653
74.0,154.95598
468.99999999999994,154.95901
63.900000000000006,154.95178
87.8,154.95396
17.99,154.95816
55.0,154.96379
199.99,154.96748
29.9,154.96565
169.0,154.96703
250.00000000000003,154.96536
139.99,154.9609
134.99,154.95961
24.9,154.95987
59.89999999999999,154.96352
94.99,154.96643
150.0,154.96738
74.89,154.96594
29.9,154.9661
39.9,154.96796
149.9,154.9696
62.89999999999999,154.96777
119.89999999999999,154.96759
84.2,154.96648
33.99,154.96628
119.89999999999999,154.96779
78.0,154.96716
79.9,154.96712
49.9,154.96721
69.99,154.96815
7.99,154.96858
48.9,154.9704
153.9,154.97108
134.9,154.9684
119.99,154.96577
109.9,154.96426
104.99999999999999,154.96379
9.8,154.96393
74.9,154.9668
22.99,154.96811
90.0,154.96994
527.9,154.96968
399.99,154.95697
49.5,154.94685
53.900000000000006,154.94975
98.0,154.95615
119.97999999999999,154.96088
28.99,154.96324
90.0,154.96669
139.9,154.96797
168.9,154.96683
124.9,154.96436
99.9,154.96327
99.0,154.96358
66.99,154.96428
75.9,154.96579
81.9,154.96693
349.99,154.96748
329.0,154.96045
1400.0,154.9533
295.9,154.91891
79.9,154.91443
139.98,154.92708
225.00000000000003,154.94052
159.0,154.94855
69.9,154.95453
95.99,154.96072
48.9,154.96465
123.79000000000002,154.96802
149.9,154.96823
99.0,154.96657
69.9,154.966
398.6,154.96669
14.99,154.95871
78.0,154.9602
20.39,154.9628
144.99,154.9666
109.9,154.96646
108.90000000000002,154.96597
51.89,154.96553
107.90000000000002,154.96675
89.9,154.96667
149.99,154.96664
61.4,154.96504
45.0,154.9657
129.0,154.96738
8.45,154.96669
49.9,154.96864
111.96,154.96985
219.99000000000004,154.9688
58.99,154.96436
149.34,154.96428
300.0,154.96324
36.5,154.9581
69.9,154.96004
69.99,154.96297
98.0,154.96547
59.8,154.96643
16.99,154.96765
79.99,154.9698
25.99,154.97
253.57,154.97092
78.9,154.9657
158.9,154.96448
129.99,154.96275
39.0,154.96208
24.5,154.96442
230.0,154.96751
17.9,154.96457
180.0,154.96605
78.0,154.9643
119.85,154.96465
65.0,154.9645
18.0,154.96568
319.99,154.96828
55.9,154.96254
82.49,154.96262
219.90000000000003,154.96391
29.9,154.96156
220.0,154.96373
259.99,154.96176
78.0,154.95781
122.99,154.95918
28.99,154.96075
44.9,154.96452
284.0,154.96762
109.0,154.96324
106.99,154.96222
99.9,154.96266
139.0,154.96364
18.9,154.96347
49.95,154.96622
45.0,154.96837
188.76,154.96988
14.99,154.96692
189.9,154.96788
22.32,154.9652
179.9,154.96649
259.99,154.96454
58.0,154.95982
149.0,154.96088
79.9,154.96117
103.0,154.96297
79.9,154.96422
209.99,154.96558
114.0,154.96312
179.0,154.96262
269.89,154.96115
79.9,154.95729
45.0,154.95877
88.83,154.9626
58.99999999999999,154.96504
299.0,154.96718
84.3,154.96219
145.0,154.96191
199.08,154.96164
259.99,154.95998
104.99999999999999,154.95663
63.99000000000001,154.95781
29.989999999999995,154.96129
126.00000000000001,154.96555
47.8,154.96638
26.4,154.96796
79.9,154.96992
219.0,154.97006
30.0,154.96577
105.9,154.9662
78.8,154.96603
146.01,154.96643
79.9,154.96509
159.9,154.9653
17.7,154.96384
139.19,154.96602
219.0,154.96558
599.98,154.96223
99.0,154.94849
129.0,154.94843
99.9,154.9522
149.9,154.95703
29.9,154.95966
199.9,154.96413
138.0,154.96349
44.98,154.96295
209.99999999999997,154.9651
99.9,154.96312
59.8,154.9632
49.0,154.96504
104.99999999999999,154.96725
110.32,154.96748
75.9,154.96684
171.0,154.967
110.32,154.96478
14.9,154.964
42.0,154.96646
69.99,154.96863
34.9,154.96936
17.9,154.97038
886.9999999999999,154.97166
119.89999999999999,154.94923
35.9,154.94543
549.0,154.95122
12.88,154.94481
110.32,154.95052
31.9,154.95625
527.9,154.96262
56.89999999999999,154.9542
504.8,154.95572
59.97,154.94814
110.32,154.95145
250.00000000000003,154.9562
25.0,154.95642
364.0,154.96114
219.99000000000004,154.957
29.989999999999995,154.95483
69.99,154.95903
98.0,154.96317
164.9,154.96541
79.99,154.96463
179.9,154.96532
79.9,154.9636
114.46000000000001,154.96419
11.87,154.96445
78.0,154.96729
58.99999999999999,154.96844
110.65,154.96922
190.0,154.96828
80.3,154.96486
300.0,154.96443
54.9,154.95921
399.8,154.96034
848.9,154.95403
35.0,154.9347
95.8,154.93816
12.9,154.94676
54.99,154.95706
99.82,154.96419
799.0,154.9672
59.6,154.94917
98.9,154.94876
27.9,154.95334
44.9,154.96022
25.32,154.9656
28.99,154.96962
80.3,154.97202
64.8,154.97183
98.9,154.97119
126.99,154.96964
135.0,154.96735
97.77,154.9652
27.99,154.96461
27.99,154.96658
170.0,154.9689
339.8,154.9669
170.0,154.95941
49.8,154.95662
29.0,154.9594
62.89999999999999,154.96387
37.9,154.96684
145.0,154.96922
1099.0,154.96791
89.0,154.93988
66.99,154.93759
83.88,154.94516
1102.63,154.95357
139.8,154.93256
29.989999999999995,154.93332
166.9,154.94426
330.0,154.95203
574.0,154.95232
78.0,154.94348
110.0,154.94731
42.49,154.95352
379.75,154.96066
48.94,154.95717
129.9,154.9599
59.89999999999999,154.96182
181.5,154.9648
65.0,154.96404
149.85000000000002,154.96533
197.38,154.96465
184.0,154.96217
169.9,154.96008
22.0,154.95905
349.0,154.96259
29.0,154.95795
135.0,154.96037
164.98,154.96172
169.99,154.96152
300.0,154.96072
210.99999999999997,154.95645
29.989999999999995,154.95453
134.9,154.95879
19.9,154.96115
874.0,154.9654
32.0,154.94608
49.9,154.94667
69.5,154.95337
109.69999999999999,154.95978
58.669999999999995,154.96336
2350.0,154.96645
72.9,154.9062
13.979999999999999,154.90266
195.65,154.92064
144.5,154.93614
24.9,154.94824
149.94,154.95937
209.99999999999997,154.96396
151.3,154.96352
73.02,154.96303
17.0,154.96466
39.0,154.96803
313.8,154.97041
109.9,154.96437
129.0,154.96254
129.49,154.96205
118.9,154.96211
209.97,154.96259
19.99,154.96063
24.99,154.96349
119.85,154.96709
127.27,154.96742
114.90000000000002,154.96637
39.9,154.96547
74.0,154.96686
95.9,154.96771
103.6,154.96758
110.0,154.96692
37.5,154.96608
86.0,154.96735
150.0,154.9677
49.9,154.96588
280.0,154.96654
170.0,154.96164
59.89999999999999,154.95914
32.99,154.96107
169.9,154.9647
58.99999999999999,154.9643
32.0,154.96562
109.9,154.96794
139.8,154.96788
527.9,154.96622
197.9,154.95398
28.56,154.95029
98.0,154.95505
139.0,154.9595
58.99999999999999,154.96161
245.70000000000002,154.96457
81.0,154.96202
26.500000000000004,154.96274
85.0,154.96582
159.9,154.9673
440.0,154.96582
85.5,154.95615
30.0,154.95586
330.0,154.96025
146.0,154.95699
45.97,154.95697
59.989999999999995,154.9608
18.9,154.96451
24.99,154.96834
99.8,154.97104
340.0,154.97061
149.99,154.96275
190.32,154.95956
219.0,154.95769
119.00000000000001,154.95595
57.9,154.9574
11.87,154.96123
249.9,154.9661
112.99000000000001,154.96365
90.8,154.96307
113.88999999999999,154.9639
339.65,154.96432
49.0,154.9584
78.0,154.95975
48.9,154.9624
50.75,154.96556
49.0,154.96803
31.990000000000002,154.96965
58.0,154.97104
29.989999999999995,154.97124
200.0,154.97174
212.00000000000003,154.9676
33.9,154.96263
53.00000000000001,154.9635
79.49,154.96558
69.99,154.9668
29.9,154.96767
79.8,154.96928
46.99,154.96939
159.0,154.96985
110.65,154.96729
139.99,154.96565
57.9,154.96399
22.5,154.96495
124.9,154.96748
89.9,154.96715
89.9,154.96687
24.99,154.96672
71.99,154.96837
59.89999999999999,154.96895
99.9,154.9693
89.9,154.96844
29.9,154.96764
527.9,154.96869
657.8,154.95665
120.0,154.93983
189.9,154.94044
34.0,154.94485
113.25,154.95363
23.95,154.95947
110.0,154.96529
109.69999999999999,154.96729
120.0,154.96747
230.0,154.96669
229.99,154.9628
49.99,154.95883
253.98,154.96072
31.9,154.95856
29.9,154.96156
200.0,154.9656
32.9,154.96436
110.65,154.96613
116.9,154.96638
77.9,154.96588
114.99,154.96628
65.0,154.96587
27.99,154.96663
1798.0000000000002,154.96858
44.0,154.92236
399.0,154.91983
159.9,154.92305
64.99,154.93378
27.99,154.94691
34.5,154.9585
40.99,154.96645
61.4,154.9709
128.7,154.97246
42.9,154.97075
125.00000000000001,154.97061
24.99,154.96875
65.9,154.96942
99.0,154.96962
129.9,154.96867
104.99999999999999,154.96674
119.85,154.96564
89.0,154.9647
36.9,154.96489
240.0,154.96681
28.899999999999995,154.96335
29.9,154.96468
239.5,154.96725
19.9,154.96393
15.55,154.9654
82.88,154.96823
69.9,154.96895
27.8,154.96913
425.92,154.9702
48.9,154.96056
58.99999999999999,154.95999
61.4,154.96239
48.9,154.96504
99.9,154.96745
171.9,154.96779
232.75,154.96541
34.95,154.9611
70.0,154.96262
25.89,154.96472
98.9,154.96767
189.9,154.96817
699.0,154.96526
209.99999999999997,154.9482
138.0,154.9441
40.0,154.94742
49.99,154.95497
170.0,154.96175
175.0,154.96329
59.949999999999996,154.96257
49.99,154.96439
1349.0,154.96683
99.8,154.93364
288.0,154.93105
12.25,154.93437
11.87,154.9462
879.0,154.95786
98.0,154.94304
229.80000000000004,154.94438
59.89999999999999,154.9473
99.99,154.9545
24.35,154.96017
117.87,154.96588
189.9,154.96756
299.0,154.96547
139.99,154.95969
12.0,154.9584
42.3,154.96239
179.9,154.96623
104.99999999999999,154.96532
79.8,154.96504
129.99,154.96574
6.9,154.9652
287.0,154.96768
159.99,154.96297
58.0,154.9605
765.0,154.96217
1569.8000000000002,154.9457
35.0,154.90552
85.0,154.90974
149.0,154.92645
24.99,154.94122
299.0,154.95497
527.9,154.95749
59.89999999999999,154.94945
88.83,154.95258
49.9,154.95782
49.0,154.96338
60.0,154.96754
290.0,154.9698
100.0,154.9646
29.989999999999995,154.96332
109.0,154.96553
88.78,154.96616
61.4,154.96661
229.9,154.96759
66.99,154.96394
99.9,154.96408
9.9,154.96457
39.9,154.96744
69.9,154.96956
600.74,154.97005
230.0,154.95554
44.0,154.9498
1280.0,154.95357
101.0,154.92604
144.9,154.92726
170.0,154.93669
36.9,154.94576
77.9,154.956
96.8,154.96289
130.0,154.96638
139.98,154.96692
124.9,154.96599
125.00000000000001,154.96516
330.0,154.96454
91.6,154.95854
129.98,154.95872
19.9,154.9599
146.99,154.964
79.9,154.96463
169.9,154.96573
174.99,154.96426
259.8,154.96219
100.0,154.95815
59.89999999999999,154.9588
1309.0,154.96194
49.9,154.93127
24.99,154.93147
180.0,154.94269
39.9,154.95047
42.2,154.95888
69.9,154.96532
170.0,154.96867
169.0,154.9674
19.99,154.96489
54.99,154.96658
82.49,154.96826
23.8,154.96869
82.0,154.97014
49.0,154.96999
44.9,154.97015
250.00000000000003,154.97052
228.0,154.96529
69.0,154.96013
129.9,154.96065
38.0,154.96129
399.8,154.96428
72.0,154.95753
113.1,154.95816
8.99,154.96004
88.99,154.96461
129.0,154.96678
87.9,154.96648
268.9,154.96655
149.9,154.96184
17.99,154.95995
60.029999999999994,154.96304
47.97,154.96588
143.88,154.96819
172.5,154.96713
48.89,154.96448
29.969999999999995,154.96529
74.99,154.96756
50.0,154.96848
41.0,154.96938
64.99,154.97029
33.99,154.97029
39.9,154.97083
23.9,154.97122
1650.0,154.97188
527.9,154.92834
56.989999999999995,154.91196
358.16,154.92178
129.49,154.92967
84.9,154.94112
211.05,154.95212
75.99,154.95677
16.0,154.96176
89.99,154.96715
13.47,154.96922
42.9,154.97163
36.29,154.97266
299.8,154.97305
79.0,154.96597
33.9,154.96414
200.0,154.96573
110.0,154.96353
72.0,154.96306
170.0,154.96432
28.99,154.96321
47.06,154.96538
149.0,154.96762
74.89,154.96652
27.99,154.96661
140.0,154.96834
49.9,154.96713
185.81,154.96767
129.0,154.96498
122.99,154.96346
293.9,154.96288
1020.0,154.95816
53.3,154.93364
133.69,154.9351
75.0,154.94281
14.9,154.95215
139.98,154.96129
390.0,154.96466
19.9,154.9585
76.35,154.96072
104.99999999999999,154.96364
69.0,154.9652
48.9,154.96681
78.0,154.96857
101.5,154.96909
61.0,154.96838
170.0,154.96854
67.0,154.96596
299.99,154.9659
28.99,154.96042
45.0,154.96184
63.00000000000001,154.96478
13.0,154.967
44.9,154.96971
24.99,154.97104
79.9,154.97209
330.0,154.9713
44.0,154.9633
69.99,154.9627
79.9,154.96405
122.99,154.9654
119.89999999999999,154.96526
189.9,154.96474
119.89999999999999,154.96237
32.9,154.96188
95.9,154.96452
0.0,154.96582
215.0,154.96889
248.99999999999997,154.966
199.6,154.96092
69.0,154.9578
749.0,154.95964
839.0,154.94432
15.9,154.9248
39.99,154.93137
36.9,154.94435
92.99,154.95618
14.9,154.96309
79.9,154.96867
1190.0,154.97064
99.9,154.94077
74.39,154.93753
79.9,154.94478
0.0,154.9534
104.0,154.9624
91.8,154.9664
74.99,154.96802
399.7000000000001,154.96886
96.8,154.9604
95.0,154.95918
119.99,154.96072
145.9,154.96208
129.95,154.9623
99.9,154.96252
19.9,154.9635
29.7,154.96661
31.9,154.96936
357.0,154.97119
49.9,154.96346
32.0,154.96281
34.99,154.9652
19.0,154.96785
58.9,154.97034
220.0,154.97104
18.95,154.96661
244.89,154.96703
34.5,154.96289
69.9,154.96393
45.0,154.96552
25.0,154.96751
209.99,154.9697
69.0,154.96637
126.97999999999999,154.96588
282.24,154.9649
122.99,154.95984
59.89999999999999,154.95901
149.99,154.96156
68.9,154.96213
189.0,154.96408
149.0,154.9628
229.9,154.96182
17.0,154.95906
49.49,154.96213
92.97,154.9655
219.90000000000003,154.9669
138.0,154.96387
13.989999999999998,154.96233
12.9,154.96506
109.8,154.9685
59.89999999999999,154.96867
39.9,154.96902
299.98,154.9699
135.0,154.96367
49.49,154.96115
45.0,154.96281
87.99,154.96559
212.00000000000003,154.96683
75.0,154.96391
89.9,154.96407
89.99,154.96481
59.779999999999994,154.96555
291.5,154.96692
24.99,154.96187
97.98,154.9632
45.0,154.96436
248.99999999999997,154.96657
427.9,154.96306
44.0,154.95372
49.9,154.95525
220.64,154.9599
139.8,154.95973
84.0,154.96022
139.99,154.96233
199.0,154.96292
29.0,154.96126
78.99,154.96385
25.06,154.96585
78.0,154.96855
119.89999999999999,154.96935
74.99,154.96815
44.95,154.9678
110.32,154.96861
226.2,154.96782
99.99,154.96356
69.99,154.96265
169.9,154.96391
79.9,154.96289
209.9,154.96379
169.9,154.96161
59.89999999999999,154.96005
61.4,154.96211
0.0,154.96478
129.99,154.96863
70.0,154.96837
126.12,154.9684
64.99,154.96701
115.19999999999999,154.96713
95.1,154.96637
161.0,154.96603
79.5,154.96416
34.99,154.96445
259.0,154.96658
79.99,154.96275
139.0,154.96275
54.9,154.96246
73.5,154.96442
10.6,154.9661
157.0,154.96896
349.0,154.96754
23.89,154.95985
276.0,154.96086
119.99,154.95772
110.0,154.9582
29.989999999999995,154.96008
170.97,154.96408
57.95,154.96399
45.0,154.96558
1020.0,154.9677
61.4,154.94304
12.51,154.9418
699.42,154.95012
136.2,154.94087
58.99,154.9434
49.0,154.95143
34.49,154.95946
42.0,154.96579
39.9,154.96971
198.0,154.97183
119.99,154.96849
179.9,154.96623
85.0,154.9633
199.6,154.96338
179.9,154.96136
79.9,154.95969
129.9,154.96124
160.0,154.96216
399.0,154.96179
119.89999999999999,154.95467
169.89,154.95468
345.6,154.95576
12.99,154.95216
23.99,154.95694
23.9,154.96301
35.6,154.96791
122.99,154.97083
50.0,154.96996
418.0,154.96999
42.93,154.96036
36.75,154.96008
128.78,154.96318
204.66000000000005,154.9641
31.990000000000002,154.96199
24.9,154.9641
71.0,154.96727
129.9,154.96872
139.0,154.96762
96.58,154.96568
113.1,154.96513
68.9,154.96474
14.5,154.96567
29.8,154.96826
194.89,154.97032
98.7,154.96721
94.99,154.96577
59.89999999999999,154.96538
170.0,154.96637
60.99,154.96458
58.669999999999995,154.96529
139.98,154.9667
135.0,154.9658
134.99,154.9645
99.0,154.96341
49.9,154.96364
93.99,154.96559
29.9,154.96642
149.0,154.96837
125.00000000000001,154.967
348.0,154.9655
74.9,154.95836
166.9,154.95853
101.62,154.95865
119.00000000000001,154.9605
135.9,154.96198
68.9,154.96251
129.9,154.96442
69.9,154.96463
99.9,154.96584
69.9,154.96625
87.89,154.96709
71.9,154.96735
81.49,154.96777
12.9,154.96786
48.9,154.96965
17.45,154.97057
95.15,154.97177
45.8,154.97067
59.50000000000001,154.97038
35.99,154.97008
320.45,154.97046
339.0,154.9633
98.9,154.95499
19.8,154.95496
122.99,154.95987
49.9,154.96239
75.0,154.96542
109.9,154.96721
60.99,154.9672
174.9,154.96786
286.8,154.96553
24.99,154.95976
167.0,154.96141
559.9,154.96129
178.5,154.94997
219.0,154.9482
32.0,154.94905
38.62,154.9556
135.0,154.9622
94.9,154.96452
27.0,154.9659
35.0,154.96841
55.0,154.97043
95.9,154.97116
374.41,154.97014
49.99,154.96126
61.4,154.96078
29.9,154.96295
478.0400000000001,154.96625
19.83,154.95699
129.99,154.95831
396.18,154.95993
134.99,154.954
729.0,154.95418
479.7699999999999,154.94032
58.99999999999999,154.93217
414.9,154.9395
45.0,154.94052
220.70000000000002,154.94917
169.99,154.95346
77.74,154.95654
133.0,154.96092
129.0,154.96309
179.4,154.964
135.56,154.96286
139.9,154.96248
238.99,154.96228
29.9,154.95949
179.0,154.96219
44.05,154.96198
649.0,154.96446
45.0,154.95087
100.0,154.95175
45.9,154.95581
52.0,154.96129
199.9,154.96568
129.9,154.96457
69.9,154.9638
69.9,154.96497
79.9,154.96645
211.05,154.96735
115.9,154.96426
148.9,154.9632
35.0,154.9622
250.00000000000003,154.96455
27.180000000000003,154.9616
169.9,154.96365
45.0,154.96301
119.99,154.96498
85.0,154.96533
139.9,154.96596
28.99,154.96504
719.9,154.96683
179.99,154.9504
349.0,154.94673
26.990000000000002,154.94382
164.5,154.95058
119.85,154.95517
34.5,154.95906
129.99,154.96404
329.8,154.96553
25.99,154.96004
35.0,154.96184
330.0,154.96533
39.0,154.96051
179.9,154.96198
260.0,154.96136
110.32,154.95805
63.99000000000001,154.95872
79.8,154.96182
74.65,154.9645
44.9,154.96645
49.9,154.96846
14.9,154.9698
29.0,154.97153
25.89,154.9725
81.49,154.97302
27.0,154.97174
38.9,154.97163
55.0,154.9716
109.99,154.97116
138.0,154.9692
136.0,154.96649
51.58,154.96428
177.8,154.96512
159.9,154.96335
107.53,154.96167
34.0,154.9619
159.9,154.9647
75.0,154.96426
75.0,154.96515
42.5,154.96626
119.00000000000001,154.96803
19.9,154.96748
19.9,154.969
129.89,154.97076
179.8,154.9692
2029.0,154.96556
128.98,154.9119
29.9,154.9073
817.0,154.9231
119.00000000000001,154.92026
26.9,154.93095
59.89999999999999,154.94604
12.99,154.95784
150.0,154.96672
228.0,154.96861
129.9,154.9655
86.0,154.96408
69.0,154.9647
19.9,154.96623
125.00000000000001,154.9689
352.0,154.9684
145.9,154.9608
170.0,154.95834
219.64999999999998,154.9576
735.0,154.95627
68.0,154.94116
56.89999999999999,154.94347
149.0,154.95135
148.0,154.95656
20.0,154.95956
209.0,154.96454
99.99,154.96379
24.99,154.96422
59.89999999999999,154.96693
26.0,154.96873
129.9,154.97063
399.0,154.96922
29.9,154.9598
99.0,154.96008
19.9,154.96169
96.8,154.96541
650.0,154.96683
89.9,154.95216
146.01,154.95108
500.00000000000006,154.95337
169.9,154.94661
80.0,154.94754
109.0,154.95328
99.8,154.95837
119.00000000000001,154.96219
16.9,154.96407
69.9,154.96756
129.0,154.96922
37.9,154.9682
148.0,154.96896
149.9,154.96713
169.9,154.96483
49.9,154.9624
69.9,154.96379
39.8,154.96556
110.0,154.96779
138.89,154.9677
329.9,154.9661
21.7,154.95923
49.9,154.96072
38.99,154.96387
96.99,154.96703
75.0,154.96782
84.65,154.9682
69.9,154.9681
280.0,154.96823
89.77,154.96275
38.0,154.96191
115.0,154.96428
489.0,154.96501
200.0,154.95491
114.90000000000002,154.95164
55.0,154.95386
99.99,154.95895
149.0,154.96248
104.99999999999999,154.96326
149.0,154.96413
98.0,154.96361
65.0,154.96413
49.0,154.96573
1460.99,154.9677
57.78,154.93098
74.99,154.929
90.0,154.93878
129.49,154.94948
51.9,154.9567
79.0,154.96301
115.99,154.96669
54.0,154.96751
399.0,154.9688
29.989999999999995,154.96054
106.6,154.96115
250.00000000000003,154.96248
1020.0,154.9598
0.0,154.93561
1020.0,154.93817
134.9,154.92151
26.0,154.9267
99.99,154.94093
189.0,154.9525
38.9,154.95781
115.98,154.96373
44.99,154.96622
129.0,154.96875
179.9,154.96832
119.00000000000001,154.96558
32.0,154.96434
490.0,154.96623
55.0,154.95627
166.9,154.95667
134.0,154.95743
25.0,154.95897
199.0,154.96332
284.70000000000005,154.96281
29.889999999999997,154.9585
78.9,154.9609
99.9,154.96362
129.9,154.96515
78.0,154.96506
48.9,154.96585
39.99,154.9675
28.000000000000004,154.96922
42.99,154.97084
49.0,154.97157
49.0,154.97163
186.4,154.97144
69.0,154.96748
17.19,154.96645
44.9,154.96805
107.99,154.96936
219.0,154.96854
32.0,154.96423
17.0,154.96492
39.9,154.96753
79.9,154.96947
225.00000000000003,154.9696
88.9,154.9652
29.9,154.9641
32.99,154.96599
49.0,154.96829
169.9,154.96971
90.49,154.9672
14.5,154.96616
36.98,154.96796
24.9,154.9696
109.9,154.9711
98.9,154.96985
64.9,154.9683
68.88,154.96797
71.4,154.96805
299.99,154.96812
58.9,154.96205
196.8,154.96199
22.0,154.96028
797.8,154.96317
133.1,154.94592
72.9,154.94443
99.9,154.95029
149.65,154.95634
118.9,154.95961
44.99,154.96191
240.99,154.96533
24.18,154.96295
24.0,154.96504
11.87,154.9681
228.0,154.97095
120.0,154.96713
189.0,154.96498
535.6999999999999,154.96207
449.00000000000006,154.95029
78.0,154.94095
59.89999999999999,154.94493
54.9,154.95287
29.9,154.96019
69.0,154.96613
13.989999999999998,154.96902
67.14,154.9716
127.26,154.97195
59.89999999999999,154.96979
14.769999999999998,154.96913
324.9,154.97032
69.6,154.96344
77.0,154.96248
229.9,154.9636
75.9,154.96097
122.99,154.96193
49.9,154.96262
60.0,154.96498
309.9,154.96706
119.85,154.96173
149.9,154.96046
159.9,154.9601
179.9,154.95982
97.5,154.95915
29.0,154.96074
49.9,154.96454
29.989999999999995,154.96751
172.0,154.96997
188.0,154.96777
86.0,154.96416
54.9,154.96373
94.9,154.96533
450.00000000000006,154.9661
78.0,154.95677
49.9,154.95657
429.9,154.96027
89.0,154.95404
157.0,154.95532
129.9,154.95702
220.0,154.95912
22.0,154.95842
48.9,154.9623
53.900000000000006,154.96599
40.68,154.96849
155.0,154.97029
48.9,154.96828
35.0,154.96835
169.99,154.96945
60.99,154.96695
320.0,154.9668
358.0,154.9605
219.0,154.95274
99.9,154.9503
89.9,154.95352
129.9,154.95808
109.9,154.96086
28.000000000000004,154.96288
79.8,154.96634
89.9,154.96799
43.0,154.9683
120.0,154.96933
68.9,154.96823
75.0,154.96805
116.9,154.96805
502.00000000000006,154.96695
26.0,154.95537
189.0,154.95615
49.0,154.95651
34.0,154.96039
109.22,154.96487
136.78,154.96638
29.989999999999995,154.96576
619.99,154.96748
59.8,154.9536
228.0,154.95323
95.0,154.95299
77.9,154.9564
32.0,154.96065
812.99,154.96532
29.9,154.94783
58.99999999999999,154.94865
29.9,154.95467
115.9,154.96158
129.99,154.96469
119.00000000000001,154.96533
64.9,154.96529
69.9,154.96645
146.98,154.96756
25.9,154.96625
64.9,154.9677
170.0,154.96864
54.9,154.96631
22.0,154.96657
148.9,154.9685
75.0,154.96707
843.9,154.96686
41.0,154.94635
319.0,154.9461
109.99,154.94528
14.99,154.95009
80.7,154.95816
99.9,154.9635
26.88,154.96602
52.9,154.96892
49.9,154.97047
35.98,154.9712
39.9,154.9718
20.49,154.97208
12.88,154.97263
49.9,154.9733
26.9,154.97282
14.9,154.97267
49.9,154.97299
18.95,154.97241
18.8,154.9725
20.9,154.97281
122.99,154.97302
192.9,154.97041
619.0,154.96565
170.0,154.9499
39.9,154.94676
51.0,154.95222
178.0,154.95885
78.9,154.96075
89.9,154.96332
59.55,154.96516
69.9,154.96712
29.9,154.96829
14.9,154.96996
269.9,154.97174
119.00000000000001,154.96619
118.8,154.96367
65.0,154.96284
249.9,154.96422
61.5,154.961
29.989999999999995,154.96214
39.99,154.96535
0.0,154.96811
125.00000000000001,154.97112
27.99,154.97002
499.99,154.97044
1376.55,154.95853
244.98999999999998,154.92177
78.0,154.91708
389.0,154.92896
146.01,154.93486
39.0,154.94388
229.99,154.95462
79.9,154.95804
38.9,154.96214
2338.08,154.9665
189.9,154.90721
129.9,154.90068
34.0,154.91518
16.9,154.93538
95.0,154.95277
13.989999999999998,154.96266
86.0,154.96967
160.0,154.97191
0.0,154.9699
49.98,154.97118
169.9,154.97177
69.9,154.96866
219.90000000000003,154.96774
99.9,154.96371
129.9,154.96289
69.99,154.96254
199.98,154.96404
0.0,154.96227
45.9,154.96526
146.01,154.96783
148.8,154.9669
170.0,154.96495
89.99,154.96262
152.0,154.96289
64.89,154.96233
34.9,154.96394
179.9,154.9667
509.7000000000001,154.96521
139.0,154.95378
319.0,154.95204
169.9,154.94917
44.9,154.9507
59.989999999999995,154.9567
180.0,154.96227
239.59999999999997,154.963
14.95,154.96033
19.9,154.96329
29.989999999999995,154.96721
129.49,154.97011
0.0,154.96921
11.0,154.97073
249.99,154.97237
150.0,154.96712
269.8,154.96361
36.0,154.95836
529.0,154.9602
78.5,154.95065
268.96,154.95195
99.9,154.95146
14.9,154.95508
199.6,154.96146
116.9,154.96213
153.0,154.96297
117.0,154.96268
89.9,154.96303
146.0,154.96422
1199.9,154.96387
86.0,154.93451
196.8,154.93333
29.9,154.93895
94.0,154.94986
109.0,154.95801
49.98,154.96277
109.69999999999999,154.96675
59.89999999999999,154.96783
129.49,154.96895
39.99,154.96785
71.4,154.96866
159.95,154.96902
85.99,154.96669
75.0,154.96603
656.43,154.9664
179.9,154.9513
47.55,154.94783
35.9,154.95279
6.5,154.95958
28.899999999999995,154.96602
107.90000000000002,154.9701
1240.0,154.9702
59.89999999999999,154.93828
122.99,154.93596
44.9,154.94249
22.0,154.95233
69.9,154.96138
22.0,154.96655
49.0,154.97038
77.98,154.97203
109.8,154.9717
78.0,154.96985
134.9,154.96881
84.89,154.96672
48.9,154.96616
35.0,154.9672
66.99,154.96884
64.99,154.96942
740.94,154.96951
26.4,154.95119
69.99,154.95078
149.9,154.95537
180.0,154.95824
730.0,154.95901
35.0,154.94408
119.89999999999999,154.9466
74.99,154.95206
150.0,154.95828
20.9,154.96112
129.9,154.9656
49.99,154.9665
54.99,154.96811
12.99,154.96936
99.9,154.97127
11.19,154.9705
79.0,154.9714
55.0,154.97076
149.0,154.97041
340.0,154.96768
0.0,154.95969
396.0,154.96121
104.99999999999999,154.95486
129.49,154.95537
49.99,154.95744
64.9,154.96165
189.0,154.96512
45.0,154.96408
89.9,154.9657
66.99,154.96658
48.9,154.96759
119.97999999999999,154.96884
18.95,154.96791
33.9,154.96921
59.89999999999999,154.97049
66.99,154.9707
135.0,154.9703
99.8,154.96797
44.99,154.96652
39.9,154.96722
49.49,154.9686
159.0,154.96957
40.0,154.96722
119.00000000000001,154.96758
229.9,154.96663
68.5,154.96248
21.9,154.96272
59.89999999999999,154.96564
113.99,154.96765
159.0,154.9674
71.98,154.96526
85.9,154.96538
92.0,154.96587
138.0,154.96616
118.9,154.96509
61.9,154.96436
42.2,154.96545
86.69999999999999,154.96742
107.5,154.96797
159.0,154.96732
49.9,154.96506
259.0,154.9658
89.0,154.9617
330.0,154.96164
49.99,154.95645
49.98,154.95847
135.0,154.9624
89.7,154.96365
29.989999999999995,154.96492
795.0,154.96748
49.9,154.94914
27.99,154.94873
95.0,154.95506
199.9,154.96017
107.99,154.96071
49.99,154.9621
69.9,154.96498
38.89,154.96707
287.0,154.96915
38.95,154.96399
54.99,154.9644
24.99,154.96614
0.0,154.96863
170.0,154.97139
40.0,154.96893
249.9,154.96886
377.8,154.96393
69.0,154.9552
238.00000000000003,154.95583
138.99,154.95488
119.00000000000001,154.95633
30.999999999999996,154.95879
31.990000000000002,154.96332
69.9,154.96738
8.9,154.9692
25.0,154.9714
49.9,154.97273
122.99,154.97272
81.8,154.97025
124.9,154.96867
1319.9,154.96664
125.89999999999999,154.93259
37.5,154.92912
57.9,154.93927
36.49,154.95078
231.19999999999996,154.96034
95.0,154.96164
30.0,154.9635
29.9,154.96684
95.9,154.96977
93.0,154.96996
29.9,154.96922
169.75,154.97
266.9,154.96732
84.3,154.96149
189.0,154.96104
191.8,154.9597
159.99,154.95833
299.0,154.95818
199.0,154.95474
29.989999999999995,154.95383
198.0,154.95859
30.0,154.95949
58.0,154.9634
465.38,154.96655
599.0,154.95763
31.250000000000004,154.94337
59.89999999999999,154.94641
45.95,154.95369
287.0,154.96085
260.2,154.95961
259.99,154.95665
23.6,154.9539
289.0,154.9583
129.7,154.9568
32.0,154.95796
8.99,154.96239
56.1,154.96733
29.989999999999995,154.96986
47.0,154.97163
45.0,154.97217
124.99000000000001,154.9722
18.9,154.96985
797.0,154.97012
129.9,154.95018
55.0,154.9467
109.99,154.95172
138.6,154.95676
329.9,154.95978
10.0,154.9562
69.99,154.96004
154.9,154.96375
89.7,154.96414
19.99,154.96506
320.0,154.9678
64.9,154.96233
78.0,154.96237
2350.0,154.96391
59.89999999999999,154.90369
179.0,154.90103
62.89,154.9152
53.00000000000001,154.93437
29.9,154.95059
49.0,154.96234
29.0,154.96909
39.0,154.97289
55.0,154.97437
99.9,154.97415
78.0,154.9721
75.99,154.97049
390.0,154.9694
85.99,154.96025
296.89,154.95897
101.0,154.95497
19.95,154.95639
13.969999999999999,154.96146
16.0,154.9666
150.0,154.97038
46.9,154.96913
19.9,154.96928
39.9,154.97058
161.87,154.97134
17.49,154.96843
199.0,154.9689
79.0,154.96552
95.9,154.9649
89.99,154.96497
79.0,154.96538
139.0,154.9661
79.9,154.96513
44.0,154.96547
68.8,154.9671
158.9,154.9681
35.0,154.96617
0.0,154.96713
64.0,154.96973
330.0,154.97049
166.9,154.96323
82.49,154.95958
199.08,154.9604
58.59,154.95935
29.0,154.96175
29.989999999999995,154.96548
19.49,154.96869
37.0,154.97118
29.989999999999995,154.97227
178.0,154.97281
119.00000000000001,154.96901
155.0,154.96631
129.0,154.9637
405.99,154.9625
59.50000000000001,154.9546
209.99999999999997,154.9559
87.0,154.95592
29.9,154.95885
269.0,154.96353
196.0,154.96118
20.9,154.95906
99.89,154.9623
64.9,154.96436
190.0,154.96642
139.9,154.96457
59.89999999999999,154.96321
10.0,154.96454
67.0,154.96776
145.0,154.9692
248.99999999999997,154.96756
432.3,154.96251
139.9,154.95268
46.0,154.95172
37.0,154.95653
32.9,154.96227
27.9,154.96693
216.0,154.97018
11.2,154.96706
49.9,154.96811
99.0,154.96922
69.0,154.96872
35.9,154.96858
69.99,154.96948
37.0,154.96956
92.9,154.97021
92.9,154.96938
527.9,154.96825
104.97,154.95558
228.0,154.95378
28.99,154.9528
79.9,154.95773
24.99,154.96202
122.99,154.96648
58.9,154.96721
82.0,154.96823
50.0,154.96846
89.0,154.9692
64.99,154.96884
49.0,154.96883
3.0,154.96936
329.9,154.97115
39.9,154.96408
194.0,154.96367
145.0,154.9615
69.9,154.96059
49.99,154.96239
75.0,154.96518
135.0,154.9669
397.8,154.96623
95.28,154.95782
330.0,154.9572
104.99999999999999,154.95305
0.0,154.95485
291.0,154.96103
14.99,154.95926
109.8,154.96269
78.0,154.9645
102.9,154.9661
439.80000000000007,154.96654
69.9,154.95737
168.99,154.95735
229.0,154.95773
99.9,154.95651
9.9,154.95857
107.53,154.96364
26.500000000000004,154.96574
192.5,154.9685
99.0,154.9663
259.99,154.96547
49.0,154.961
798.0,154.96213
90.0,154.94461
109.9,154.94455
159.9,154.94989
446.99999999999994,154.95428
69.95,154.94951
59.89999999999999,154.95312
95.0,154.95892
156.0,154.96298
99.8,154.96375
159.0,154.9647
27.9,154.96387
17.49,154.96616
450.25000000000006,154.96913
189.0,154.95985
125.89999999999999,154.95592
40.0,154.95654
33.9,154.9608
59.949999999999996,154.96533
367.0,154.96808
129.99,154.96124
12.35,154.95937
98.0,154.96281
118.9,154.96484
95.1,154.96526
95.28,154.96568
89.99,154.96599
65.52,154.96631
19.9,154.96721
169.72,154.96927
259.0,154.96713
39.49,154.96175
24.9,154.96257
49.0,154.96568
88.99,154.96806
25.9,154.96852
278.0,154.96991
159.0,154.96445
269.9,154.96132
166.9,154.95682
34.99,154.9558
19.99,154.9598
149.49,154.96484
69.9,154.96545
82.0,154.96657
65.9,154.96725
59.89999999999999,154.96803
299.99,154.96878
270.0,154.96284
150.0,154.957
34.99,154.95598
146.7,154.95993
359.8,154.96152
59.89999999999999,154.95616
25.2,154.958
199.9,154.96272
899.0000000000001,154.96246
49.9,154.9417
108.0,154.94247
49.9,154.94876
59.50000000000001,154.95677
34.0,154.96306
79.9,154.96782
95.28,154.9696
289.99,154.96948
99.0,154.96347
199.99,154.96216
0.0,154.96004
124.9,154.96352
259.99,154.96463
45.95,154.96098
239.59999999999997,154.96248
199.9,154.96011
119.99,154.95811
499.99,154.95894
89.97,154.95024
399.9,154.9517
122.99,154.94788
170.0,154.95074
79.99,154.95389
169.9,154.95872
105.2,154.9605
199.0,154.9625
85.99,154.96153
29.989999999999995,154.96283
428.9,154.96606
79.99,154.9583
94.9,154.95827
189.0,154.96045
259.99,154.96024
228.0,154.95735
178.9,154.9552
95.0,154.9552
24.99,154.95819
49.9,154.96327
75.0,154.96707
45.0,154.96877
108.90000000000002,154.97012
89.98,154.96924
65.49,154.96834
119.00000000000001,154.96829
134.99,154.96707
185.0,154.96533
19.9,154.96252
19.55,154.96452
260.0,154.96762
110.0,154.96382
52.09,154.96274
49.0,154.96442
44.99,154.96667
43.0,154.96864
45.0,154.97005
99.9,154.97084
69.99,154.96973
115.99,154.96909
29.9,154.96748
199.9,154.9683
27.5,154.96513
104.99999999999999,154.9661
55.0,154.96611
249.99,154.96715
159.0,154.96303
56.989999999999995,154.9607
49.9,154.96234
199.9,154.9651
95.0,154.96346
29.9,154.96362
55.0,154.96611
113.97999999999999,154.96805
49.0,154.96771
659.0,154.96844
24.99,154.95287
25.0,154.953
99.0,154.95844
224.97,154.96217
110.32,154.96101
70.9,154.96162
13.47,154.96376
35.9,154.96738
35.0,154.96994
12.88,154.97148
228.0,154.97285
178.0,154.968
88.9,154.96365
398.0,154.96298
59.89999999999999,154.9554
89.9,154.95657
39.9,154.95963
134.99,154.96385
49.89,154.96483
24.5,154.96677
122.99,154.96922
66.41,154.96854
109.78999999999999,154.96849
109.0,154.96748
79.9,154.96643
126.89999999999999,154.96638
109.0,154.96544
110.99999999999999,154.9649
0.0,154.9646
97.05,154.96744
70.0,154.96797
1107.0,154.96834
122.99,154.94048
49.9,154.93713
32.9,154.94492
110.0,154.9548
95.28,154.9608
49.0,154.96437
134.5,154.96748
54.9,154.96732
279.9,154.9682
74.99,154.96312
168.75,154.96284
33.4,154.9617
150.0,154.9642
150.0,154.96411
99.9,154.96317
53.76,154.96355
140.0,154.9655
249.9,154.96516
259.99,154.96115
89.0,154.95671
199.0,154.95789
230.0,154.9577
99.8,154.95627
550.0,154.95831
29.9,154.94887
49.9,154.95209
47.9,154.95822
39.9,154.96376
104.99999999999999,154.96788
178.0,154.96869
49.0,154.96622
42.89,154.96672
469.7000000000001,154.96823
55.0,154.95815
147.0,154.95795
70.0,154.9587
29.989999999999995,154.9616
119.85,154.96555
159.9,154.96642
639.0,154.96495
74.99,154.95013
140.0,154.94998
25.99,154.95303
65.9,154.95943
99.0,154.96422
110.0,154.96634
69.8,154.96674
110.32,154.96751
22.32,154.96712
89.0,154.96875
52.9,154.96884
130.0,154.96931
199.0,154.9677
19.9,154.96394
49.7,154.96526
45.0,154.96713
29.989999999999995,154.96881
34.9,154.97041
55.0,154.9714
422.1,154.9714
29.989999999999995,154.96117
59.50000000000001,154.96074
149.99,154.96294
149.9,154.96298
74.9,154.96231
30.0,154.96362
44.9,154.96649
169.99,154.96872
116.9,154.9668
369.9,154.9654
39.99,154.95773
178.9,154.95885
116.9,154.9589
1999.9000000000003,154.96024
79.99,154.9105
599.99,154.909
59.89,154.91008
34.99,154.9263
139.9,154.94418
24.0,154.95522
119.85,154.96425
48.99,154.9677
64.0,154.9702
78.71,154.97125
415.9,154.97104
639.0,154.96129
51.78,154.94476
109.0,154.94612
44.9,154.95158
31.9,154.95868
79.98,154.96484
34.5,154.96783
79.9,154.9702
26.500000000000004,154.97049
22.32,154.9714
95.28,154.97237
157.0,154.9711
333.8,154.9677
75.0,154.95969
320.0,154.9592
179.99,154.95476
160.0,154.95393
248.99999999999997,154.95511
398.0,154.95428
175.9,154.94902
116.9,154.94968
190.56,154.95377
379.99,154.95598
89.0,154.95189
103.9,154.9546
248.99999999999997,154.95854
20.0,154.95792
32.9,154.96208
95.28,154.96643
28.000000000000004,154.96797
69.0,154.96997
137.8,154.97047
65.0,154.96844
0.0,154.96802
96.8,154.96997
135.0,154.96957
19.45,154.96744
32.49,154.96838
110.0,154.96976
25.0,154.96881
119.79999999999998,154.96964
29.0,154.96826
144.9,154.96896
36.9,154.96707
68.8,154.96768
439.90000000000003,154.96812
108.90000000000002,154.9584
199.9,154.95674
52.57999999999999,154.9558
69.9,154.95932
59.89999999999999,154.96297
39.99,154.96602
119.00000000000001,154.9686
122.99,154.96825
554.9,154.96687
152.0,154.95386
114.0,154.9512
47.0,154.95377
159.0,154.9592
212.00000000000003,154.9612
43.0,154.9601
129.89,154.96283
554.9,154.9638
239.9,154.95244
111.27,154.94843
109.9,154.95142
35.9,154.956
1138.3,154.96191
2150.0,154.93695
142.44,154.88043
134.89,154.88313
120.0,154.90514
248.99999999999997,154.92825
58.0,154.94237
12.88,154.95508
110.32,154.96526
189.0,154.96925
134.9,154.96791
110.32,154.96648
56.1,154.96591
157.41,154.96715
125.00000000000001,154.96584
7.99,154.96483
128.0,154.96729
911.7599999999999,154.967
72.9,154.94466
22.32,154.94345
149.0,154.95105
5.99,154.95618
330.0,154.96301
94.9,154.95996
119.89999999999999,154.96072
79.0,154.96191
109.0,154.964
179.2,154.96504
124.99000000000001,154.96352
98.9,154.963
178.9,154.96364
199.0,154.96233
48.9,154.96013
69.9,154.96228
166.9,154.96475
166.99,154.96407
49.9,154.96248
99.88,154.96419
34.0,154.9652
299.4,154.96747
139.0,154.9624
178.0,154.96054
57.5,154.9592
69.9,154.9616
55.0,154.96431
169.9,154.96681
39.0,154.96552
437.0,154.9668
64.9,154.95787
134.0,154.95789
124.42999999999999,154.95906
99.9,154.96056
42.93,154.96243
79.9,154.9655
122.99,154.96718
59.989999999999995,154.9668
16.9,154.96748
209.9,154.96951
226.00000000000003,154.96625
132.8,154.96161
63.46,154.96024
99.9,154.96217
50.0,154.96373
65.9,154.9661
134.99,154.96771
117.99999999999999,154.9668
84.0,154.96571
414.62,154.96579
98.0,154.95729
49.9,154.95668
95.28,154.9602
64.0,154.96295
116.9,154.96558
32.99,154.96608
1325.9,154.96799
115.99,154.93488
1240.0,154.93147
39.9,154.90855
158.0,154.9176
55.8,154.93195
34.9,154.9471
132.9,154.95924
398.0,154.96461
143.8,154.95917
28.899999999999995,154.95833
57.70000000000001,154.96228
23.73,154.96596
99.99,154.9694
39.9,154.96979
150.0,154.97061
209.9,154.96835
58.0,154.96399
139.99,154.96413
140.0,154.96352
22.32,154.96278
1623.9,154.96538
39.0,154.92499
118.44,154.92384
199.0,154.93407
124.9,154.94322
26.4,154.9517
228.0,154.96051
199.0,154.96172
16.9,154.96085
111.8,154.96437
39.8,154.96587
121.0,154.96815
234.0,154.96788
295.0,154.96373
319.9,154.95767
199.9,154.95189
304.9,154.95093
159.9,154.94902
69.9,154.9512
47.5,154.95667
248.99999999999997,154.96242
245.0,154.96136
99.0,154.95839
119.99,154.95952
97.5,154.96112
1045.0,154.96306
129.99,154.93895
129.9,154.9372
72.0,154.94345
539.0,154.9523
77.99,154.94711
44.99,154.95108
42.9,154.95802
52.99,154.96419
48.5,154.96819
92.99,154.97049
56.1,154.97041
99.99,154.97049
97.8,154.96935
34.99,154.96811
79.0,154.96884
74.99,154.96881
149.65,154.96861
99.9,154.9664
30.999999999999996,154.96541
30.0,154.96696
119.00000000000001,154.96898
219.0,154.96822
139.0,154.96404
111.27,154.96198
89.0,154.96191
65.9,154.96313
122.10999999999999,154.9651
189.9,154.9653
56.540000000000006,154.96303
100.0,154.96414
98.0,154.96494
49.9,154.96545
494.99999999999994,154.96704
135.0,154.95656
339.9,154.9545
149.0,154.9503
89.99,154.95163
52.61,154.95609
278.0,154.96146
38.0,154.95969
145.49,154.96246
55.0,154.96317
79.9,154.9654
18.9,154.96686
169.9,154.96931
70.0,154.96738
19.95,154.96713
69.9,154.96886
29.989999999999995,154.9694
96.98,154.97049
32.0,154.96965
29.989999999999995,154.97011
19.99,154.97093
24.99,154.97192
95.0,154.97256
116.9,154.97101
704.6700000000001,154.96854
107.80000000000001,154.95053
68.0,154.94817
99.9,154.95279
364.0,154.95767
29.9,154.95428
19.99,154.95808
109.9,154.96362
24.99,154.96587
301.17,154.96869
79.0,154.96355
15.9,154.96303
58.99999999999999,154.96588
82.5,154.96794
16.1,154.96854
87.8,154.97026
183.8,154.96997
119.85,154.96648
69.0,154.96454
69.0,154.96498
122.99,154.96611
79.9,154.96571
89.9,154.96606
29.9,154.96632
72.0,154.96811
65.9,154.9688
124.99000000000001,154.96909
55.0,154.96759
58.99999999999999,154.96776
18.9,154.96832
14.9,154.96994
78.0,154.9716
39.8,154.97113
116.9,154.9711
339.9,154.96913
69.9,154.96101
149.0,154.96024
32.9,154.96002
218.0,154.96317
79.9,154.96165
143.8,154.96272
209.9,154.96268
69.9,154.96051
80.0,154.96198
0.0,154.964
106.00000000000001,154.96785
155.9,154.96844
29.989999999999995,154.96645
980.0,154.96748
125.00000000000001,154.94357
11.49,154.94069
119.99,154.94873
48.9,154.95537
199.9,154.96178
330.0,154.9624
220.64,154.95744
99.9,154.95486
109.0,154.95702
84.0,154.95992
47.3,154.96297
13.989999999999998,154.96625
69.99,154.96965
135.82,154.97067
364.0,154.96881
218.89999999999998,154.96031
18.9,154.95569
58.99999999999999,154.95897
199.9,154.96294
107.99,154.96231
89.99,154.9628
149.9,154.96404
147.79,154.9636
49.9,154.96275
118.8,154.96463
29.989999999999995,154.96507
68.65,154.96729
122.99,154.96849
77.9,154.96756
49.99,154.96735
119.85,154.96819
85.99,154.96725
58.9,154.96687
58.99999999999999,154.96751
129.9,154.9683
19.95,154.96704
64.8,154.96837
64.9,154.96901
129.9,154.96924
102.49,154.96753
249.9,154.96634
116.9,154.96167
29.0,154.96065
150.0,154.96349
127.0,154.96364
89.99,154.96346
33.78,154.96425
494.99999999999994,154.96667
12.99,154.95659
51.9,154.95793
179.9,154.96176
169.9,154.96193
69.9,154.96112
120.0,154.9629
121.0,154.96376
29.9,154.96404
29.989999999999995,154.9665
38.9,154.96904
234.49999999999997,154.97069
259.0,154.96632
98.0,154.9604
29.969999999999995,154.95987
139.0,154.96309
51.92,154.96378
139.0,154.9658
0.0,154.9654
79.6,154.96805
39.8,154.96889
23.99,154.96994
98.0,154.97122
169.0,154.97023
250.00000000000003,154.9668
70.66,154.96127
104.99999999999999,154.9613
395.0,154.96228
69.9,154.95549
44.9,154.95667
128.0,154.96094
29.0,154.96288
66.99,154.9662
94.9,154.96814
107.0,154.96832
119.99,154.96756
104.99999999999999,154.96631
129.97,154.96559
43.0,154.96457
43.75,154.96602
199.0,154.96793
384.99,154.96529
59.989999999999995,154.95679
11.87,154.95734
53.900000000000006,154.9621
43.75,154.96587
14.000000000000002,154.9686
134.99,154.9711
2338.08,154.9696
249.9,154.90717
189.99,154.89769
74.99,154.91011
59.89999999999999,154.92966
29.989999999999995,154.947
95.28,154.96005
199.6,154.96658
123.0,154.96638
139.0,154.966
168.9,154.96515
199.08,154.96344
24.99,154.96101
79.0,154.96361
74.0,154.96571
107.99,154.96721
749.0,154.96716
29.989999999999995,154.9493
66.55,154.94952
17.0,154.95483
70.0,154.96173
19.9,154.96596
56.989999999999995,154.96957
49.0,154.97104
26.0,154.97159
100.0,154.97227
180.0,154.97081
139.9,154.9668
89.0,154.96407
22.9,154.9638
98.9,154.96623
49.91,154.96687
78.8,154.96808
68.9,154.96838
49.9,154.96858
104.99999999999999,154.9692
64.0,154.9683
22.9,154.96823
59.50000000000001,154.96956
17.99,154.97002
350.0,154.97118
29.9,154.9633
49.0,154.9631
95.9,154.96503
69.99,154.96588
699.4,154.96686
24.9,154.95065
21.0,154.95116
228.9,154.95729
48.4,154.95808
369.0,154.96176
76.11,154.95686
37.9,154.95827
26.9,154.96248
78.0,154.9668
17.0,154.96864
148.0,154.97081
122.99,154.96896
74.0,154.96692
300.0,154.96663
110.0,154.96088
247.0,154.95993
129.99,154.95714
199.0,154.95763
57.99,154.95724
17.19,154.96048
95.9,154.96523
129.0,154.9671
199.98,154.96664
220.64,154.96361
220.64,154.95995
125.00000000000001,154.957
194.8,154.95766
95.5,154.95746
17.77,154.95972
119.89999999999999,154.96432
539.0,154.96576
139.9,154.95447
229.0,154.9526
55.0,154.95204
66.99,154.95673
29.9,154.96164
29.9,154.96634
141.99,154.96977
64.9,154.96883
38.99,154.96873
189.0,154.96962
72.9,154.9665
0.0,154.96599
429.98999999999995,154.96841
150.0,154.9596
199.0,154.95683
16.99,154.95557
259.0,154.96002
0.0,154.95871
59.97999999999999,154.96283
149.98,154.9661
1199.9,154.9658
70.0,154.93596
58.300000000000004,154.93466
38.95,154.94362
69.99,154.95416
42.9,154.9617
179.9,154.96701
66.99,154.96655
159.9,154.96729
119.00000000000001,154.96568
150.4,154.96477
49.99,154.96344
104.9,154.96501
179.9,154.96562
51.0,154.96373
219.0,154.96494
114.90000000000002,154.96236
58.99,154.96198
43.0,154.96393
29.9,154.9666
134.0,154.96916
72.86,154.9682
99.0,154.96796
257.0,154.9673
49.9,154.9624
14.49,154.96295
240.0,154.96613
114.90000000000002,154.96327
39.99,154.96252
42.9,154.9647
39.99,154.96722
230.0,154.96928
329.9,154.96553
150.0,154.95808
49.9,154.95624
29.0,154.95946
158.0,154.96408
20.9,154.9645
119.85,154.96712
79.9,154.96713
50.0,154.96733
189.9,154.96834
45.97,154.96558
82.0,154.96613
309.9,154.96666
14.99,154.9609
78.0,154.9625
682.98,154.96445
82.0,154.94966
49.9,154.94939
39.0,154.95497
24.99,154.96135
166.29,154.96672
46.9,154.96657
34.99,154.96782
180.0,154.96953
34.98,154.96701
849.0000000000001,154.9676
1267.2,154.94708
169.0,154.91344
39.97,154.91411
114.08,154.92961
10.89,154.94408
119.89999999999999,154.95726
68.8,154.96376
62.7,154.96771
119.89999999999999,154.96992
119.00000000000001,154.96936
76.09,154.96797
109.9,154.96773
230.0,154.96698
179.9,154.96295
29.9,154.9602
119.99,154.96263
90.0,154.96373
41.8,154.96489
47.99,154.96707
35.99,154.96887
68.5,154.97037
33.49,154.97049
25.9,154.97105
75.0,154.9718
228.80000000000004,154.97107
119.00000000000001,154.96588
11.87,154.9635
55.0,154.96558
90.0,154.96742
43.99,154.96779
69.9,154.96881
79.9,154.96909
189.0,154.96878
7.99,154.96541
30.0,154.96677
29.9,154.96877
39.0,154.97046
115.9,154.97134
0.0,154.96967
109.0,154.97069
12.99,154.9694
169.99,154.97026
56.89999999999999,154.96736
369.9,154.96703
149.0,154.9592
360.0,154.95686
119.89999999999999,154.95132
161.99,154.95265
32.99,154.95485
96.0,154.96027
42.9,154.96368
99.99,154.967
32.9,154.96786
49.91,154.96948
135.9,154.97046
89.9,154.96861
179.9,154.96751
39.99,154.96451
110.0,154.9654
107.0,154.96547
44.49,154.96533
150.0,154.96683
49.9,154.96567
82.0,154.96658
59.89999999999999,154.96713
35.9,154.96797
259.9,154.96936
21.5,154.96452
157.0,154.96527
69.7,154.96408
110.65,154.96486
58.99999999999999,154.96503
31.4,154.96631
368.9,154.96841
119.89999999999999,154.96114
149.99,154.95932
19.95,154.95905
119.99,154.96283
59.89999999999999,154.96431
38.95,154.96626
82.0,154.96844
75.0,154.96895
122.99,154.96896
104.99999999999999,154.96748
98.0,154.96637
74.99,154.96585
89.0,154.96626
172.39,154.9665
799.9,154.96439
24.9,154.94505
59.89999999999999,154.946
145.99,154.95259
112.49000000000001,154.95703
14.7,154.96053
55.0,154.96547
179.9,154.96854
178.0,154.9668
64.86,154.96393
33.9,154.96448
56.89999999999999,154.96681
198.0,154.96849
40.0,154.9657
104.7,154.96637
198.9,154.96631
60.0,154.96344
22.9,154.96413
37.6,154.96683
319.99,154.96909
66.99,154.96301
140.0,154.96254
69.0,154.96213
75.8,154.96373
195.91,154.96542
19.0,154.96347
70.0,154.96558
99.9,154.96713
89.9,154.96729
139.9,154.96718
55.0,154.96568
49.9,154.96637
63.99000000000001,154.96776
24.2,154.96861
90.0,154.97014
26.9,154.96973
238.00000000000003,154.97044
195.0,154.96568
19.9,154.96144
200.0,154.96324
24.97,154.96173
29.8,154.96422
64.0,154.96732
205.0,154.96887
12.0,154.96571
109.9,154.967
67.0,154.96681
58.99999999999999,154.96732
65.0,154.96812
39.99,154.96867
39.9,154.96965
1467.8,154.9705
128.0,154.93242
99.99,154.92761
199.99,154.93605
160.0,154.94398
55.0,154.95084
68.99,154.95847
78.0,154.96405
289.99,154.96722
89.99,154.96304
59.89999999999999,154.96284
59.989999999999995,154.9648
39.8,154.9669
159.0,154.96902
139.0,154.96735
300.0,154.96533
899.0000000000001,154.95941
179.9,154.93747
29.9,154.9354
139.0,154.94463
119.00000000000001,154.95227
104.99999999999999,154.958
22.9,154.962
69.9,154.96664
42.0,154.96898
85.0,154.97067
125.19,154.97049
87.99,154.9686
69.9,154.96759
90.0,154.96759
11.89,154.96735
75.7,154.96918
712.3,154.96951
795.95,154.95203
43.0,154.93088
42.93,154.93448
72.99,154.94547
109.9,154.95525
49.9,154.96115
81.35,154.9659
51.9,154.96819
54.78,154.96982
18.89,154.97069
32.7,154.97197
104.99999999999999,154.97266
52.9,154.97096
14.9,154.97028
11.87,154.9711
39.99,154.97226
39.8,154.97246
145.0,154.97229
135.5,154.96918
167.8,154.96616
189.9,154.96309
459.0,154.9602
47.5,154.9509
41.99,154.953
149.65,154.95857
119.99,154.96097
94.0,154.96251
219.90000000000003,154.9641
69.9,154.9619
99.0,154.96304
44.97,154.96422
18.0,154.96654
109.0,154.96936
104.99999999999999,154.96913
139.99,154.96805
1240.0,154.96599
639.0,154.93434
59.989999999999995,154.91739
94.9,154.92555
99.99,154.93906
197.7,154.95073
74.99,154.95622
25.0,154.96158
37.5,154.96686
149.9,154.97035
159.9,154.96925
59.89999999999999,154.96657
410.0,154.96667
55.0,154.9582
21.89,154.9586
58.99999999999999,154.96275
126.30999999999999,154.96606
248.99999999999997,154.9664
99.98,154.96234
65.0,154.96191
178.0,154.96373
15.489999999999998,154.96278
24.99,154.96553
129.99,154.96854
250.00000000000003,154.968
49.0,154.96318
117.0,154.96361
29.989999999999995,154.96385
189.99,154.96628
479.8,154.96451
52.51,154.95398
49.9,154.95479
348.9,154.9593
89.9,154.9558
120.0,154.95753
355.0,154.95981
78.9,154.95532
49.9,154.9572
138.52,154.96153
76.0,154.96315
44.9,154.96512
226.9,154.96751
364.0,154.96452
139.99,154.95677
2258.0,154.9555
659.99,154.89908
105.99000000000001,154.88266
320.0,154.89906
81.0,154.91638
99.9,154.93605
95.9,154.95105
209.0,154.96074
45.0,154.9631
86.0,154.96672
60.0,154.96861
104.99999999999999,154.97002
99.9,154.96956
145.0,154.96864
95.2,154.9665
22.8,154.96582
149.99,154.96768
12.99,154.96646
34.99,154.96819
133.98,154.96986
48.9,154.9684
64.8,154.96854
189.0,154.96873
26.9,154.96558
259.0,154.96645
218.89999999999998,154.9622
108.90000000000002,154.95844
69.0,154.95879
139.0,154.96153
134.9,154.96248
894.9999999999999,154.9627
139.0,154.94211
72.6,154.94038
35.0,154.9473
269.9,154.95628
159.8,154.95732
74.9,154.95844
49.06,154.96161
39.0,154.96533
69.0,154.96849
199.6,154.9698
189.0,154.96661
59.89999999999999,154.96298
77.98,154.96362
29.989999999999995,154.965
97.5,154.96754
1999.9799999999998,154.96797
135.0,154.9159
125.00000000000001,154.91068
79.99,154.92284
244.98999999999998,154.93881
166.9,154.94754
24.9,154.9538
77.58,154.96149
199.9,154.96623
75.0,154.9654
120.49,154.9662
75.0,154.96608
139.99,154.96681
85.0,154.96584
139.0,154.96599
141.99,154.96498
368.8,154.96373
17.49,154.95662
56.580000000000005,154.95885
229.80000000000004,154.9626
53.900000000000006,154.9612
148.5,154.96317
189.0,154.96324
38.9,154.96156
169.99,154.96379
58.9,154.9632
600.0,154.9648
54.0,154.95212
310.0,154.95271
29.9,154.95071
60.0,154.95592
389.0,154.96141
369.9,154.95668
39.9,154.9503
109.0,154.95398
145.0,154.9582
29.989999999999995,154.96051
74.99,154.96469
104.99999999999999,154.96718
29.989999999999995,154.96762
199.9,154.96928
132.82,154.9663
44.99,154.9643
49.9,154.96552
104.99999999999999,154.96733
153.9,154.96736
119.00000000000001,154.96547
42.0,154.96437
330.0,154.96588
0.0,154.96013
189.0,154.96233
48.0,154.96155
29.989999999999995,154.96376
55.0,154.9669
74.8,154.96886
159.8,154.96936
299.9,154.96698
26.9,154.96045
64.0,154.96158
45.0,154.964
38.0,154.96672
49.9,154.96901
78.0,154.97026
54.9,154.97006
99.0,154.97005
170.9,154.96889
108.90000000000002,154.96571
642.3,154.96434
66.41,154.94952
89.9,154.94966
59.97999999999999,154.95418
40.9,154.95978
55.98,154.96484
34.0,154.96803
45.0,154.97035
79.99,154.97148
189.9,154.97095
15.0,154.967
289.0,154.96762
31.94,154.9622
69.0,154.96309
49.9,154.96487
249.9,154.967
567.35,154.9633
155.0,154.95004
16.9,154.94821
81.9,154.95447
107.99,154.96002
0.0,154.96323
24.8,154.96773
122.99,154.97084
99.0,154.97002
122.99,154.96872
119.00000000000001,154.9669
319.6,154.96548
1299.65,154.95912
101.0,154.9262
195.0,154.92552
129.9,154.93336
129.0,154.94377
97.0,154.95242
179.9,154.95918
18.0,154.96135
55.0,154.96576
35.6,154.96875
22.32,154.97095
39.97,154.9726
177.0,154.97308
59.89,154.96933
99.5,154.96822
56.89999999999999,154.96721
98.0,154.96759
112.00000000000001,154.96721
49.89,154.96631
265.0,154.96713
66.0,154.96254
64.0,154.96268
81.0,154.96445
14.9,154.96584
27.49,154.96854
181.9,154.97063
64.0,154.9678
69.0,154.96724
229.9,154.96745
107.90000000000002,154.96352
138.0,154.9625
109.9,154.96193
109.0,154.96242
138.6,154.96317
85.99,154.96303
95.9,154.96407
19.9,154.96495
64.9,154.96762
79.99,154.96895
39.9,154.96909
74.9,154.96986
126.49,154.96968
690.0,154.96783
149.6,154.95067
2999.9,154.94748
49.0,154.87195
355.9,154.8729
52.99,154.89093
29.989999999999995,154.91814
79.0,154.94214
358.98,154.95766
98.0,154.9588
219.0,154.96185
52.9,154.96143
55.9,154.96425
24.9,154.96725
0.0,154.97023
120.0,154.973
70.0,154.97168
135.9,154.9706
149.65,154.96806
539.0,154.96527
160.65,154.95258
450.00000000000006,154.95012
68.5,154.94394
39.0,154.94841
399.9,154.95616
55.8,154.95328
126.47999999999999,154.9569
181.9,154.9599
29.989999999999995,154.9604
1999.0000000000002,154.96402
129.9,154.91425
40.0,154.9105
34.9,154.92563
66.99,154.94319
199.0,154.9562
112.00999999999999,154.9608
52.51,154.96378
49.49,154.96701
15.99,154.9695
47.55,154.9719
8.6,154.97272
169.9,154.97375
69.5,154.9702
22.99,154.96867
94.99,154.96944
41.1,154.96881
32.9,154.9693
118.99000000000001,154.97026
199.99,154.9688
3099.0,154.9647
64.9,154.88159
79.0,154.87698
132.3,154.89948
259.8,154.92365
138.0,154.93883
110.0,154.95053
43.0,154.95886
197.5,154.9657
39.9,154.966
64.0,154.96819
40.9,154.96967
269.9,154.97104
220.0,154.96574
57.0,154.96088
79.9,154.96178
239.98,154.96371
232.90000000000003,154.96115
139.98,154.95793
214.0,154.95786
49.0,154.95686
106.89999999999999,154.96027
69.0,154.96272
139.99,154.96524
779.0,154.9652
196.8,154.94705
243.0,154.94331
299.0,154.9442
36.99,154.94485
349.3,154.95238
99.99,154.95187
28.99,154.95554
789.99,154.96161
22.32,154.9463
24.99,154.94861
44.05,154.95613
12.5,154.96289
1090.0,154.96846
48.97,154.94302
198.9,154.94203
239.9,154.94548
258.0,154.94833
81.0,154.94978
107.99,154.95518
169.99,154.95981
396.18,154.96129
24.9,154.9552
146.0,154.95816
156.0,154.96011
248.99999999999997,154.9609
85.0,154.95857
139.0,154.9602
125.46,154.96129
35.8,154.96225
99.9,154.96532
58.9,154.96654
87.0,154.96793
26.990000000000002,154.96822
29.989999999999995,154.96967
78.0,154.97102
399.0,154.97067
149.65,154.96115
49.0,154.9578
78.0,154.96008
94.9,154.96288
69.9,154.96466
62.8,154.96634
54.0,154.96774
24.89,154.96893
209.99,154.9705
89.0,154.9668
23.0,154.96555
369.9,154.96721
46.0,154.96005
16.9,154.96053
39.8,154.96428
105.99000000000001,154.96748
180.0,154.96791
162.8,154.96532
35.7,154.96284
44.99,154.9645
55.0,154.96683
149.0,154.9685
57.9,154.967
279.8,154.96727
55.93,154.96208
98.6,154.96245
20.9,154.96344
28.799999999999997,154.96646
129.98,154.96918
150.9,154.96835
104.99999999999999,154.96599
55.0,154.96498
56.89999999999999,154.96602
11.7,154.9674
510.99000000000007,154.96976
39.9,154.95836
179.9,154.95804
44.9,154.9578
17.9,154.96123
245.39999999999998,154.96576
14.9,154.96338
455.87999999999994,154.9655
89.9,154.95671
55.0,154.95642
220.0,154.96004
140.0,154.95953
29.9,154.95995
468.99999999999994,154.96356
55.0,154.95544
27.0,154.9567
17.5,154.96156
116.9,154.96657
129.0,154.96764
146.0,154.9668
35.0,154.96504
112.49000000000001,154.96645
349.97,154.9664
23.9,154.95947
111.50999999999999,154.96083
49.9,154.96227
46.0,154.965
249.9,154.96756
219.90000000000003,154.96391
130.0,154.95995
44.0,154.95934
119.00000000000001,154.96233
229.99,154.96373
49.0,154.96121
24.53,154.96295
69.9,154.96634
89.99,154.96815
129.0,154.96841
38.4,154.96703
72.88,154.96788
102.9,154.96832
38.95,154.96768
78.0,154.96855
50.75,154.96866
117.99999999999999,154.96918
89.99,154.96791
48.0,154.96712
186.59,154.96782
139.34,154.96509
39.97,154.96321
62.4,154.96478
99.9,154.96652
199.0,154.96684
79.9,154.96393
19.9,154.96393
350.0,154.96654
8.7,154.96042
119.89999999999999,154.96219
62.8,154.96317
99.0,154.96515
122.99,154.96599
16.9,154.96558
21.99,154.96771
125.00000000000001,154.97
43.0,154.96896
18.55,154.96927
32.99,154.97061
192.0,154.97153
189.0,154.96777
159.0,154.9635
116.9,154.96098
127.2,154.96086
78.0,154.96129
39.99,154.96313
49.9,154.96602
66.99,154.96825
45.6,154.96921
179.9,154.97008
27.99,154.96707
58.9,154.9676
18.9,154.96837
46.0,154.97006
32.9,154.97087
49.9,154.97153
115.98,154.97151
99.9,154.96947
69.9,154.9677
228.0,154.9673
34.9,154.96321
56.1,154.96414
48.9,154.96596
151.3,154.96782
55.0,154.96645
120.39999999999999,154.96693
859.8,154.9662
79.98,154.94524
124.97,154.94408
199.0,154.94873
127.90000000000002,154.95209
64.99,154.9561
99.98,154.96104
69.9,154.96408
79.99,154.9665
140.0,154.9678
50.0,154.96674
199.08,154.96756
99.0,154.96475
120.0,154.96413
19.99,154.9638
153.76,154.96637
34.9,154.9656
69.9,154.96712
22.32,154.96805
26.889999999999997,154.96983
42.99,154.9713
24.9,154.97182
898.5000000000001,154.97237
144.99,154.94917
49.9,154.94444
139.98,154.94978
49.9,154.95462
112.49000000000001,154.96053
169.0,154.9636
199.9,154.96344
61.9,154.96141
16.0,154.963
99.99,154.9666
45.97,154.96765
67.5,154.96901
80.9,154.96951
149.9,154.96922
58.99999999999999,154.96686
35.9,154.96686
19.49,154.96825
78.0,154.97017
58.99,154.97018
48.9,154.97006
78.0,154.97018
27.93,154.96957
79.99,154.9702
69.0,154.9697
84.0,154.96922
42.89,154.96846
89.69999999999999,154.96893
79.99,154.96843
79.99,154.96797
45.89,154.96768
124.9,154.96843
32.0,154.96721
314.85,154.96815
201.4,154.96196
56.00000000000001,154.95805
49.9,154.95988
49.9,154.96333
95.0,154.96643
93.9,154.9674
126.94,154.96745
269.98,154.9663
65.0,154.96117
411.0,154.96156
99.99,154.95439
44.99,154.95496
19.9,154.95946
27.9,154.9648
18.9,154.96881
95.9,154.97159
69.9,154.97115
170.0,154.97041
79.99,154.96707
132.3,154.9661
69.9,154.96477
63.489999999999995,154.96533
56.1,154.96654
145.0,154.96786
192.0,154.96649
83.81,154.9633
37.99,154.96326
299.9,154.96553
179.9,154.9609
166.9,154.95844
83.97,154.9577
59.989999999999995,154.95999
44.5,154.96335
259.99,154.96661
120.0,154.96321
160.0,154.96222
22.32,154.96124
109.99,154.96422
84.9,154.96536
49.9,154.96626
39.9,154.9678
16.0,154.9694
98.99,154.97124
1750.0,154.97041
128.0,154.92409
78.0,154.91878
16.9,154.93
120.0,154.9454
69.99,154.95552
98.9,154.96266
58.2,154.96622
117.0,154.96873
245.0,154.96861
29.9,154.96414
46.9,154.9651
320.0,154.96713
160.0,154.96156
159.9,154.95921
49.0,154.95857
80.49,154.96162
76.45,154.96428
66.99,154.96622
229.80000000000004,154.96765
89.77,154.96417
49.6,154.96371
69.9,154.96547
122.99,154.96693
24.99,154.96648
49.9,154.96814
79.0,154.9694
59.89999999999999,154.96939
49.9,154.96948
359.0,154.96982
239.79999999999998,154.96182
75.6,154.95633
42.49,154.95755
112.00000000000001,154.96161
50.75,154.9637
80.49,154.96623
49.9,154.9675
16.99,154.96883
20.49,154.9707
31.8,154.97217
49.9,154.97278
89.9,154.97244
17.5,154.97076
20.9,154.97104
125.00000000000001,154.97174
330.0,154.96964
49.0,154.96156
95.15,154.96121
158.9,154.96231
62.7,154.96188
39.0,154.96368
24.9,154.96643
28.799999999999997,154.96916
0.0,154.97105
34.99,154.97298
229.0,154.97343
15.0,154.96805
18.9,154.96783
102.9,154.96933
189.0,154.9687
88.83,154.96521
56.1,154.96439
69.99,154.96555
49.0,154.96672
0.0,154.96814
66.99,154.97063
48.0,154.971
359.0,154.97108
20.9,154.96265
121.99,154.96268
80.49,154.96283
179.9,154.96408
110.32,154.96272
19.69,154.96274
158.6,154.96567
49.0,154.96506
66.99,154.96638
58.99999999999999,154.96756
125.00000000000001,154.96854
79.0,154.96745
159.9,154.96716
4598.0,154.96504
93.8,154.84076
364.0,154.83275
16.0,154.85812
58.99999999999999,154.89737
75.0,154.93015
54.99,154.95204
69.0,154.96526
17.9,154.97174
36.9,154.9755
376.9,154.97668
69.99,154.96735
149.0,154.96498
49.9,154.96336
369.9,154.96495
18.99,154.95851
59.89999999999999,154.96048
91.9,154.96367
113.97999999999999,154.96553
39.89,154.96588
199.0,154.9676
49.99,154.96506
41.9,154.96574
35.49,154.96754
18.9,154.96939
179.99,154.97122
139.9,154.9682
24.89,154.96542
46.0,154.96655
44.9,154.96811
265.9,154.96942
78.0,154.96436
54.9,154.96355
84.9,154.96501
155.9,154.96603
19.99,154.96474
13.989999999999998,154.96667
498.9,154.96936
44.87,154.9585
129.0,154.9582
22.32,154.95929
49.5,154.96341
161.0,154.96675
39.0,154.96596
29.989999999999995,154.9673
58.0,154.96924
44.9,154.97011
79.99,154.97072
359.9,154.97012
29.7,154.96172
49.0,154.96178
57.400000000000006,154.96417
95.15,154.96645
36.9,154.96712
32.99,154.96863
166.9,154.97014
129.0,154.96767
22.32,154.96548
59.89999999999999,154.96686
49.9,154.96805
8.99,154.96913
100.79,154.97098
199.6,154.97014
44.0,154.96596
110.32,154.96591
19.99,154.9655
19.0,154.96748
1999.9899999999998,154.9698
49.9,154.91782
119.00000000000001,154.91435
122.99,154.92627
38.9,154.94005
104.99999999999999,154.95323
178.9,154.9611
68.5,154.96321
49.9,154.96582
50.75,154.96835
150.0,154.97012
29.989999999999995,154.96841
32.0,154.96916
160.0,154.97044
44.9,154.96805
119.00000000000001,154.96812
47.49,154.967
699.4,154.96765
87.0,154.95114
189.9,154.94972
44.99,154.95103
45.0,154.95677
38.4,154.96257
199.0,154.96707
17.0,154.96565
29.150000000000002,154.96753
39.9,154.96968
220.0,154.97104
61.879999999999995,154.96689
99.99,154.96622
69.9,154.96585
523.0,154.96646
48.9,154.95502
44.88,154.95532
14.99,154.95963
66.0,154.96495
69.99,154.96785
54.9,154.9691
50.75,154.96988
49.9,154.97041
59.89999999999999,154.97069
56.89999999999999,154.97055
25.0,154.97034
12.88,154.97102
69.0,154.97212
104.0,154.97156
14.89,154.96964
330.0,154.97014
239.7,154.96284
8.59,154.95726
64.42,154.95998
31.8,154.96327
34.9,154.9668
299.9,154.9694
259.99,154.96391
81.9,154.95822
119.00000000000001,154.95876
64.9,154.96025
81.9,154.96312
95.0,154.96526
309.9,154.96626
29.9,154.96083
44.64,154.96219
57.99,154.96512
19.0,154.96739
115.0,154.96991
122.99,154.96927
29.989999999999995,154.96748
33.8,154.9683
160.0,154.96965
79.9,154.9674
319.8,154.96669
364.0,154.96022
59.89999999999999,154.9523
142.42,154.95421
54.9,154.9567
199.0,154.9611
229.0,154.96117
99.9,154.95897
99.99,154.96008
249.9,154.96202
25.0,154.95969
3575.9999999999995,154.96257
34.99,154.86931
159.0,154.86557
1690.0000000000002,154.88937
570.0,154.87447
89.9,154.88126
58.99999999999999,154.90688
24.0,154.933
159.0,154.95348
66.99,154.96309
139.0,154.96895
59.88000000000001,154.96997
72.9,154.97104
122.99,154.97131
16.99,154.96973
64.99,154.97067
682.98,154.97081
35.0,154.95389
180.0,154.95312
320.0,154.95407
24.99,154.95154
200.0,154.95647
70.0,154.95795
89.99,154.96138
104.99999999999999,154.96408
385.0,154.9654
15.0,154.95836
69.0,154.96031
118.44,154.96332
158.9,154.96454
17.9,154.96373
50.0,154.96623
29.989999999999995,154.96835
74.0,154.97028
48.05,154.97046
158.9,154.97067
99.0,154.96783
35.9,154.96631
129.9,154.96732
117.99999999999999,154.96637
48.9,154.96533
79.99,154.96638
99.9,154.96706
55.78,154.96686
102.9,154.96764
38.79,154.96727
78.0,154.96834
49.0,154.96854
66.99,154.9692
49.9,154.96933
20.0,154.96971
117.48999999999998,154.97087
49.97,154.96936
13.95,154.96916
57.9,154.97041
25.0,154.97064
39.0,154.97134
32.0,154.97165
0.0,154.97192
119.89999999999999,154.97296
79.0,154.97076
57.99,154.96913
221.6,154.9687
17.0,154.96436
89.9,154.96538
200.0,154.96596
189.9,154.9633
75.0,154.96053
29.84,154.96158
59.89999999999999,154.96486
49.99,154.96722
200.0,154.96895
201.0,154.96597
187.0,154.96217
64.9,154.95947
102.88,154.96114
199.9,154.9628
399.0,154.96143
99.9,154.95403
39.9,154.95465
66.99,154.95943
64.9,154.96362
83.9,154.96658
55.0,154.96786
135.0,154.96902
39.99,154.96765
479.8,154.96832
102.89,154.95764
259.8,154.95609
39.0,154.9538
104.99999999999999,154.9578
3975.9999999999995,154.96109
95.0,154.85715
69.9,154.85153
144.0,154.88083
142.0,154.91203
48.0,154.93602
52.99,154.95409
97.8,154.96541
35.9,154.97028
49.9,154.97327
68.0,154.9743
163.8,154.97375
12.99,154.9701
34.9,154.97028
111.56999999999998,154.97104
169.99,154.96964
164.89,154.96623
12.99,154.9632
95.28,154.96513
179.9,154.96602
64.9,154.96404
94.8,154.9647
109.9,154.96532
49.0,154.96532
69.9,154.96678
26.9,154.96777
42.0,154.96951
139.0,154.97063
32.0,154.96863
23.9,154.96898
49.9,154.97023
69.9,154.97075
29.9,154.97034
330.0,154.97078
35.9,154.96332
44.91,154.96307
117.0,154.96509
145.9,154.96538
149.0,154.96425
122.99,154.96289
99.9,154.96251
369.9,154.9632
109.99,154.95679
129.99,154.9567
104.0,154.95824
45.97,154.96063
36.49,154.96426
42.93,154.96762
99.0,154.96985
24.99,154.96959
13.9,154.97055
126.79999999999998,154.97192
0.0,154.97002
63.980000000000004,154.9709
539.9,154.97076
54.0,154.95743
86.8,154.95628
21.9,154.9587
168.0,154.96336
44.06,154.96368
23.8,154.96582
22.35,154.96858
100.9,154.97086
358.0,154.97026
142.5,154.9619
29.989999999999995,154.95892
255.80000000000004,154.96158
38.4,154.95934
199.99,154.96187
119.89999999999999,154.96104
49.9,154.96147
40.0,154.96411
158.26,154.96707
219.99000000000004,154.96616
124.9,154.96254
126.49,154.9615
49.0,154.96158
97.78,154.96408
39.0,154.96541
159.9,154.96759
126.49,154.96623
89.0,154.96494
119.91,154.96501
107.54,154.96468
41.9,154.96463
106.00000000000001,154.96645
16.49,154.96667
11.97,154.96873
73.3,154.97098
28.99,154.97104
12.99,154.97153
179.0,154.97247
185.0,154.96881
405.89,154.96439
19.9,154.95493
79.99,154.95665
112.00000000000001,154.96008
114.90000000000002,154.96233
81.9,154.96356
119.89999999999999,154.96504
19.0,154.9652
109.9,154.9676
110.65,154.96767
158.0,154.9669
46.99,154.96477
175.0,154.96573
38.79,154.964
179.0,154.96548
11.97,154.96391
79.99,154.96619
64.9,154.96735
29.989999999999995,154.96823
42.89,154.96973
157.0,154.97069
37.98,154.96812
0.0,154.96825
49.89,154.97028
84.9,154.97104
35.2,154.97021
64.9,154.97041
99.0,154.97012
110.32,154.9688
132.8,154.96715
119.00000000000001,154.96526
99.8,154.96413
244.0,154.96408
177.32,154.96053
19.0,154.95856
129.9,154.96191
48.5,154.96321
26.9,154.96568
27.99,154.96849
218.0,154.97066
49.99,154.96692
99.9,154.96669
200.0,154.96635
230.0,154.96333
108.90000000000002,154.95941
79.0,154.95947
319.9,154.96167
135.0,154.95752
177.9,154.95735
61.99999999999999,154.95741
60.9,154.96068
35.89,154.96422
78.9,154.96758
59.89999999999999,154.96886
204.0,154.9696
45.99,154.96608
51.9,154.96626
45.97,154.96748
72.9,154.96887
0.0,154.9692
999.9899999999999,154.97104
139.9,154.94589
110.32,154.94154
142.0,154.94617
175.0,154.9517
110.0,154.95526
229.99,154.95905
27.8,154.95872
29.0,154.96257
120.49,154.96678
140.0,154.9675
6.800000000000001,154.96632
166.95,154.96838
39.0,154.96664
199.99,154.96748
229.99,154.96463
53.43999999999999,154.96045
78.0,154.96167
68.5,154.96373
439.0,154.96577
123.0,154.9573
899.0000000000001,154.95605
16.9,154.9366
257.9,154.93999
889.9999999999999,154.94373
48.9,154.9295
269.9,154.93579
146.01,154.94148
129.9,154.94882
149.9,154.95526
79.99,154.9592
34.0,154.96317
16.99,154.96729
49.9,154.97078
131.8,154.97223
69.9,154.97032
139.0,154.96939
152.0,154.96713
22.9,154.96463
472.99999999999994,154.96613
38.0,154.95644
14.99,154.95724
68.5,154.96204
16.9,154.96544
139.99,154.96889
81.9,154.96817
39.9,154.96777
29.989999999999995,154.96873
112.49000000000001,154.97015
79.0,154.96909
109.9,154.96838
220.64,154.96713
29.9,154.96303
159.99,154.96417
55.2,154.9633
248.99999999999997,154.96477
39.0,154.96147
11.9,154.96307
39.0,154.96666
81.18,154.96925
135.9,154.96968
33.0,154.9678
15.9,154.96841
20.9,154.97014
35.0,154.97165
49.9,154.97227
330.0,154.97205
38.79,154.96402
89.8,154.96333
189.9,154.96393
95.72,154.96207
299.9,154.96243
44.99,154.95798
25.0,154.95996
24.9,154.96414
11.55,154.96797
230.0,154.97107
131.0,154.96721
45.0,154.9647
130.0,154.9656
91.0,154.96512
648.0,154.96532
79.9,154.95067
44.4,154.95021
38.0,154.95566
49.5,154.96179
133.8,154.9663
127.90000000000002,154.96681
84.99,154.96603
229.9,154.96617
23.9,154.96266
270.0,154.96436
38.71,154.96072
123.60000000000001,154.96248
43.0,154.9633
129.9,154.96574
89.9,154.96577
135.98,154.96605
148.0,154.9651
40.75,154.96365
67.72,154.96532
29.989999999999995,154.96684
160.75,154.96893
187.0,154.96713
180.0,154.96379
132.08,154.96101
43.0,154.9604
29.300000000000004,154.9631
289.8,154.96658
55.9,154.9624
18.99,154.96304
88.99,154.96616
233.8,154.9674
99.0,154.96376
36.0,154.96309
219.0,154.96527
42.99,154.9629
198.9,154.96437
39.9,154.96255
513.9,154.96439
360.0,154.95418
52.9,154.94678
69.99,154.95056
49.9,154.95668
83.9,154.96252
64.9,154.96585
111.27,154.968
59.89999999999999,154.96794
66.99,154.96852
64.99,154.96895
66.39,154.96921
75.0,154.9693
34.0,154.96904
22.32,154.96983
799.0,154.97105
129.0,154.95111
110.0,154.94742
59.89999999999999,154.9507
79.0,154.95677
169.0,154.96175
36.89,154.96265
19.9,154.96555
119.00000000000001,154.96883
21.7,154.96869
37.91,154.97005
49.9,154.97107
139.99,154.97137
55.0,154.96889
46.9,154.9684
56.00000000000001,154.9689
1499.99,154.96936
12.0,154.93051
387.0,154.9291
127.90000000000002,154.93051
94.9,154.93948
45.0,154.94965
244.0,154.95898
19.99,154.9603
49.9,154.96463
74.99,154.96803
102.9,154.9695
198.0,154.96912
124.98,154.9656
231.98,154.96387
12.88,154.9603
44.9,154.96289
104.99999999999999,154.966
44.9,154.96684
196.5,154.96832
79.9,154.96555
50.0,154.9652
122.99,154.96657
74.89,154.96616
28.899999999999995,154.96655
58.99999999999999,154.96835
134.9,154.96935
114.35,154.96774
44.9,154.96623
803.4,154.96704
270.0,154.9479
119.89999999999999,154.94153
32.99,154.9452
199.0,154.95363
74.8,154.95703
49.24,154.96123
109.9,154.96536
24.99,154.96674
14.300000000000002,154.9691
28.899999999999995,154.97144
122.99,154.97272
119.00000000000001,154.97075
69.9,154.96825
89.9,154.96756
59.89999999999999,154.96706
259.8,154.96756
169.9,154.96288
29.989999999999995,154.96008
57.599999999999994,154.96248
49.9,154.96521
24.99,154.96758
59.989999999999995,154.96988
129.0,154.97063
80.9,154.96878
110.0,154.96783
126.00000000000001,154.96664
122.99,154.96526
32.9,154.96422
59.989999999999995,154.96602
179.0,154.96756
25.9,154.96541
54.9,154.96672
99.6,154.96806
395.0,154.96788
38.98,154.95924
17.0,154.95964
357.82,154.9636
45.0,154.95848
235.99999999999997,154.96013
69.0,154.9585
107.90000000000002,154.9607
19.9,154.96259
89.9,154.96623
498.99999999999994,154.96764
59.89999999999999,154.9569
405.89,154.95673
20.9,154.95084
99.0,154.95493
24.99,154.95923
80.9,154.96446
34.99,154.96715
48.9,154.96953
117.0,154.9708
112.99000000000001,154.9695
269.9,154.96776
60.0,154.96207
36.99,154.96217
68.8,154.96481
122.99,154.96674
48.0,154.96646
45.0,154.96756
80.9,154.9689
49.9,154.96901
689.9399999999999,154.9695
44.57,154.9527
119.89999999999999,154.95192
149.5,154.95474
21.5,154.9572
68.88,154.96239
225.00000000000003,154.96588
98.0,154.96373
120.0,154.96365
55.99,154.9637
109.99,154.96548
59.89999999999999,154.96593
99.0,154.96712
74.0,154.96721
29.9,154.96754
112.49000000000001,154.96907
14.99,154.96834
79.0,154.96967
12.5,154.9696
129.0,154.97086
122.99,154.96909
43.99,154.96692
10.0,154.9673
114.99,154.96936
349.9,154.9686
29.989999999999995,154.96077
114.08,154.96124
54.99,154.96214
49.9,154.96454
230.0,154.96695
127.90000000000002,154.96391
80.0,154.9626
29.989999999999995,154.96352
34.5,154.96628
56.1,154.96881
160.0,154.97002
1299.65,154.96767
63.00000000000001,154.93385
659.7,154.93188
129.49,154.92505
68.65,154.93266
33.9,154.94492
29.989999999999995,154.9565
80.9,154.965
66.99,154.96892
379.0,154.97063
289.0,154.96268
23.9,154.95592
29.989999999999995,154.95847
579.0,154.96323
43.9,154.95264
45.0,154.95412
116.9,154.95926
80.9,154.96231
138.0,154.96484
58.260000000000005,154.96501
69.9,154.96648
11.97,154.96767
69.97,154.97
64.9,154.97049
69.0,154.97037
527.9,154.96992
399.0,154.9571
26.49,154.94693
20.9,154.95042
146.89,154.95772
15.0,154.96101
148.0,154.96568
64.9,154.96605
80.9,154.96713
171.0,154.96771
44.9,154.96553
14.49,154.96637
24.9,154.9688
38.0,154.97083
53.00000000000001,154.9718
39.16,154.97179
39.0,154.97177
44.9,154.97176
88.83,154.97156
68.69999999999999,154.97017
90.0,154.96927
2300.0,154.96819
30.0,154.90718
85.9,154.90402
24.9,154.91963
140.7,154.93901
56.97,154.95163
35.0,154.96107
209.9,154.96765
79.8,154.96684
139.77,154.96721
49.9,154.96617
15.0,154.96729
10.9,154.96971
38.5,154.97197
24.99,154.9728
21.9,154.97327
29.9,154.97353
84.0,154.9734
49.9,154.97171
159.9,154.97081
31.9,154.96745
118.13,154.96758
55.0,154.9665
44.9,154.96704
49.9,154.96825
749.0,154.96922
27.9,154.95103
15.9,154.95064
134.9,154.95671
40.71,154.96013
76.0,154.96434
29.9,154.96681
108.90000000000002,154.9693
54.99,154.96902
151.9,154.9693
99.0,154.96709
74.99,154.966
0.0,154.96623
49.9,154.96881
132.0,154.97018
47.33,154.96855
79.9,154.96863
19.9,154.96838
147.0,154.96968
129.9,154.96774
175.0,154.96568
122.99,154.96289
28.5,154.962
49.0,154.96455
30.99,154.96703
49.0,154.96933
36.82,154.97049
299.0,154.9713
59.89999999999999,154.9647
114.90000000000002,154.96379
21.9,154.96353
650.0,154.96606
69.9,154.95192
107.90000000000002,154.95155
259.0,154.95496
59.89999999999999,154.95464
159.9,154.95856
48.98,154.96022
90.0,154.9637
48.9,154.96577
59.89999999999999,154.96793
359.8,154.96925
15.0,154.96184
179.0,154.96268
598.0,154.96169
99.9,154.94896
110.0,154.94911
22.83,154.95331
134.9,154.9601
134.0,154.963
185.0,154.96388
27.99,154.9625
29.9,154.96494
259.9,154.96796
25.54,154.96414
233.8,154.96533
116.9,154.96228
119.16000000000001,154.96172
48.9,154.96208
189.0,154.96455
42.93,154.9633
329.9,154.96506
81.35,154.95966
139.4,154.95995
249.9,154.96053
730.0,154.95807
629.99,154.94226
97.59,154.92883
72.12,154.9342
56.81,154.94518
14.5,154.9556
950.0000000000001,154.9643
129.9,154.94492
29.989999999999995,154.94339
95.9,154.95096
48.9,154.95773
52.0,154.96373
32.5,154.96783
79.0,154.97069
39.9,154.97113
45.9,154.97162
49.9,154.9718
79.0,154.97165
44.9,154.97063
65.0,154.97043
17.9,154.97002
99.0,154.97089
20.0,154.96976
82.49,154.97037
0.0,154.96971
289.0,154.97104
39.9,154.96489
0.0,154.96455
124.9,154.96735
440.0,154.96707
119.00000000000001,154.95738
139.0,154.95572
29.98,154.95671
286.98,154.96126
65.0,154.95891
19.9,154.96088
1230.0,154.96501
89.9,154.93605
809.4,154.93448
264.84000000000003,154.92311
59.89999999999999,154.92618
134.99,154.93889
57.98,154.94955
116.9,154.95886
0.0,154.96376
82.98,154.96902
98.6,154.97075
29.989999999999995,154.97034
16.9,154.97112
169.9,154.97234
49.9,154.96922
29.989999999999995,154.96863
55.15,154.96956
110.32,154.97002
53.00000000000001,154.96872
129.9,154.96869
139.9,154.96703
45.97,154.96497
49.9,154.96585
95.2,154.96739
92.0,154.96751
1300.0,154.96724
148.9,154.93419
23.0,154.93005
117.99999999999999,154.94014
172.5,154.9498
19.49,154.95537
69.9,154.96231
261.59000000000003,154.9666
74.99,154.9637
46.9,154.96414
84.0,154.96632
29.9,154.96747
69.9,154.96936
43.99,154.96992
99.9,154.97055
50.0,154.96951
355.9,154.96948
27.9,154.96156
15.0,154.96187
139.0,154.96524
29.9,154.96538
220.64,154.96735
119.99,154.96431
129.9,154.96309
39.99,154.96254
119.99,154.96478
29.45,154.96523
76.95,154.96739
169.9,154.96829
244.0,154.96602
43.0,154.96129
50.0,154.96237
71.1,154.96495
129.0,154.96677
75.0,154.96631
66.9,154.96664
759.9,154.9674
44.99,154.94937
97.32,154.94908
379.94,154.95345
360.0,154.95059
1299.65,154.94664
23.4,154.91791
34.97,154.9231
120.0,154.93803
29.9,154.95004
217.98999999999998,154.9604
84.9,154.96251
32.9,154.96487
62.989999999999995,154.96808
85.71,154.96983
47.0,154.96996
8.8,154.97049
14.5,154.97197
444.99999999999994,154.97319
71.6,154.96233
55.0,154.96031
77.0,154.96227
169.0,154.96437
14.49,154.96353
83.0,154.9661
212.50000000000003,154.96732
150.0,154.96426
120.0,154.96227
289.0,154.96194
110.32,154.95773
38.98,154.95813
530.0,154.96191
220.0,154.95259
69.0,154.9497
106.89999999999999,154.95386
85.2,154.95825
430.0,154.96219
69.99,154.95566
35.33,154.95705
16.9,154.96169
26.0,154.96664
114.0,154.97018
82.49,154.96992
69.0,154.96928
85.99,154.96902
58.99999999999999,154.96846
49.9,154.96864
93.0,154.96925
89.0,154.96867
89.9,154.96794
128.59,154.96732
54.0,154.96585
349.99,154.96649
28.99,154.95969
54.29999999999999,154.96085
42.2,154.9637
218.0,154.9667
82.49,154.96423
46.9,154.96426
295.0,154.9661
24.33,154.96133
30.0,154.96292
127.0,154.96608
66.99,154.96631
178.0,154.9671
175.0,154.9649
87.9,154.96236
82.49,154.96269
285.0,154.96407
99.99,154.95996
59.989999999999995,154.96008
55.8,154.96269
19.99,154.96556
56.00000000000001,154.96873
77.0,154.97021
58.99999999999999,154.97017
238.00000000000003,154.97008
106.00000000000001,154.96518
87.9,154.96347
230.0,154.96378
215.0,154.96083
160.66,154.95798
124.98,154.95738
151.72,154.9587
115.99,154.9596
29.989999999999995,154.96109
27.19,154.96475
170.3,154.96825
45.8,154.96692
54.0,154.96767
104.97,154.96867
59.989999999999995,154.96811
599.99,154.96837
29.8,154.95425
74.9,154.95438
99.0,154.95808
24.99,154.96132
57.9,154.96559
66.99,154.96823
64.99,154.96939
34.99,154.9698
58.99999999999999,154.97064
129.0,154.97075
25.9,154.96864
93.0,154.96913
399.0,154.96854
45.0,154.95946
82.49,154.95946
39.99,154.96152
119.00000000000001,154.96487
30.0,154.96567
29.9,154.96782
49.9,154.96986
19.0,154.97081
95.52,154.97194
79.0,154.97078
155.7,154.96957
49.99,154.96658
92.99,154.96663
540.0,154.9665
730.0,154.9543
39.99,154.93608
115.99,154.93935
199.0,154.94696
43.89,154.95181
75.0,154.95871
233.8,154.96373
99.8,154.96254
26.0,154.96318
25.5,154.96625
0.0,154.9693
132.0,154.97217
73.9,154.97067
58.99,154.9696
93.0,154.96935
229.99,154.96848
0.0,154.96391
330.0,154.96548
66.99,154.95982
56.89999999999999,154.9603
49.9,154.963
75.07,154.96594
79.0,154.96751
179.0,154.96812
90.0,154.96558
269.0,154.96501
20.99,154.96045
38.79,154.9624
49.0,154.96556
53.00000000000001,154.96802
99.0,154.9695
27.19,154.96902
159.8,154.96992
122.99,154.9675
37.8,154.96555
289.49,154.96657
14.960000000000003,154.96152
67.0,154.96317
54.0,154.96523
19.9,154.96724
84.99,154.96965
33.0,154.96979
26.4,154.97055
69.9,154.97148
33.0,154.97104
49.9,154.97124
86.99,154.97112
89.9,154.96992
0.0,154.96858
69.97,154.96997
82.49,154.97002
692.02,154.96925
49.9,154.95198
31.950000000000003,154.95105
46.9,154.95636
129.9,154.96198
364.0,154.964
14.95,154.95805
38.0,154.9604
186.6,154.96434
289.9,154.96373
130.0,154.95898
19.99,154.95842
28.000000000000004,154.96236
250.00000000000003,154.96655
109.9,154.96373
82.49,154.9631
66.9,154.9641
48.14,154.96579
30.939999999999998,154.96776
57.98,154.96976
59.989999999999995,154.9705
135.0,154.97057
1099.0,154.96835
179.99,154.93983
459.0,154.93489
114.0,154.93166
93.0,154.93913
330.0,154.94893
179.0,154.9506
268.99,154.95326
79.0,154.95317
8.5,154.95732
387.9,154.96367
0.0,154.95885
160.65,154.96194
157.99,154.96257
79.99,154.9622
54.0,154.9637
56.989999999999995,154.96608
20.0,154.96805
58.99999999999999,154.9703
151.8,154.97102
33.0,154.96849
122.0,154.96872
57.9,154.9674
38.99,154.96759
53.489999999999995,154.96875
124.9,154.96954
78.0,154.96806
289.0,154.96747
330.0,154.96165
35.2,154.95448
199.9,154.95673
220.70000000000002,154.9571
189.9,154.9562
19.0,154.956
193.0,154.96072
132.0,154.96118
32.0,154.96173
85.0,154.9649
59.89999999999999,154.96666
22.99,154.96817
74.99,154.97015
113.37,154.97037
9.99,154.96889
58.0,154.96996
104.6,154.97032
81.18,154.96906
82.49,154.96819
69.9,154.96765
129.9,154.9677
79.0,154.96631
91.55,154.96616
48.9,154.96616
152.9,154.96735
36.99,154.96582
49.9,154.96692
59.89999999999999,154.96826
34.9,154.96909
39.99,154.97015
24.0,154.97092
59.89999999999999,154.9718
19.9,154.9715
160.0,154.97194
120.0,154.96875
55.0,154.96623
93.0,154.96637
149.9,154.96632
289.99,154.9647
42.31,154.9592
34.99,154.96056
89.0,154.96407
37.5,154.96593
58.99999999999999,154.96815
79.8,154.96936
110.32,154.96935
16.9,154.9681
19.0,154.96925
289.75,154.97086
237.00000000000003,154.96487
45.0,154.95934
64.99,154.96057
39.49,154.96323
229.80000000000004,154.96635
24.9,154.9637
56.00000000000001,154.96535
119.77,154.9672
59.89999999999999,154.96687
79.0,154.96753
18.9,154.96783
48.9,154.96953
39.9,154.97044
116.9,154.97108
179.9,154.96938
7.8,154.96562
364.0,154.9668
139.0,154.95972
37.99,154.95778
96.99,154.96083
149.99,154.96317
74.31,154.96324
99.0,154.96461
519.88,154.9654
45.5,154.95444
84.0,154.9552
164.99,154.95871
29.0,154.95999
133.0,154.96388
110.0,154.96484
24.99,154.9652
22.0,154.96754
109.0,154.97
79.9,154.9695
79.0,154.96889
39.9,154.96841
55.9,154.96915
69.0,154.96964
60.5,154.96954
139.0,154.96951
299.99,154.96738
40.35,154.96075
129.0,154.96136
19.99,154.96187
69.99,154.96513
78.93,154.96715
39.9,154.96799
79.9,154.96928
195.0,154.9693
63.00000000000001,154.96577
69.8,154.96553
48.0,154.96628
79.99,154.96773
94.99,154.96817
115.0,154.96776
119.99,154.96663
149.0,154.96542
29.0,154.96373
44.9,154.96553
152.9,154.96762
24.0,154.96635
66.55,154.96777
101.9,154.96857
49.9,154.96799
46.0,154.9685
44.9,154.96936
19.49,154.97011
34.39,154.97131
85.8,154.97194
50.0,154.97083
64.5,154.97035
65.52,154.96985
98.0,154.9694
69.8,154.96825
179.0,154.96788
49.89,154.96497
110.32,154.96542
149.9,154.96529
95.0,154.96393
74.9,154.964
55.0,154.9651
149.9,154.9668
32.0,154.9657
29.9,154.96713
189.99,154.9691
139.9,154.96643
116.9,154.96422
178.0,154.96338
94.98,154.96158
229.9,154.96214
109.0,154.95975
38.0,154.96025
37.99,154.96353
49.98,154.96687
64.0,154.96907
141.61,154.96991
28.000000000000004,154.96797
28.899999999999995,154.96867
20.0,154.97003
19.9,154.97147
37.0,154.97255
15.0,154.97273
46.9,154.97318
43.5,154.9727
97.98,154.97212
117.99999999999999,154.97017
1240.0,154.96774
60.0,154.93538
387.9,154.93349
19.9,154.93352
117.9,154.94409
79.0,154.95293
44.99,154.95998
66.99,154.96556
129.9,154.96863
12.99,154.96832
110.0,154.97008
169.0,154.9694
96.99,154.96645
40.0,154.9654
99.99,154.96675
195.9,154.96693
350.0,154.96407
32.0,154.95677
39.0,154.95848
66.99,154.9626
159.8,154.96567
112.99000000000001,154.96512
12.9,154.96475
55.99,154.96725
29.989999999999995,154.9689
144.5,154.97049
99.0,154.96858
56.89999999999999,154.9672
135.0,154.96747
175.04,154.9661
59.89999999999999,154.96347
49.0,154.9642
27.0,154.96616
11.55,154.96861
67.8,154.97102
55.9,154.97125
98.0,154.97104
55.0,154.96956
34.0,154.9692
51.0,154.96985
33.0,154.97021
395.0,154.97087
959.9900000000001,154.96169
330.0,154.93628
104.9,154.92924
48.9,154.93631
66.9,154.9478
34.9,154.95735
99.99,154.9647
24.9,154.96768
134.5,154.97043
149.9,154.96942
18.9,154.96693
99.8,154.96806
48.0,154.96791
15.0,154.9687
76.0,154.97047
49.99,154.97044
56.989999999999995,154.97049
409.7000000000001,154.97037
319.8,154.9607
63.54,154.95276
12.0,154.95442
99.8,154.96027
93.0,154.96364
139.9,154.9655
530.0,154.96515
330.0,154.95363
49.9,154.94676
49.9,154.95085
149.0,154.95755
62.8,154.9607
89.0,154.96417
72.9,154.96619
36.82,154.96759
219.0,154.96938
104.0,154.9659
36.94,154.96463
166.9,154.96622
19.9,154.96483
272.01,154.96672
59.989999999999995,154.96246
116.9,154.96295
32.0,154.96338
69.9,154.96594
26.4,154.96754
218.0,154.96957
25.0,154.96606
141.8,154.9668
19.9,154.9656
108.90000000000002,154.96735
157.0,154.96724
99.0,154.96521
289.0,154.96466
58.300000000000004,154.95961
119.99,154.9606
120.0,154.96172
34.0,154.96259
77.0,154.96547
139.0,154.96713
0.0,154.96628
30.5,154.96855
179.9,154.97044
62.89999999999999,154.96768
47.5,154.96721
53.00000000000001,154.96805
59.89999999999999,154.96893
216.0,154.9694
129.0,154.96541
238.00000000000003,154.9633
25.0,154.95946
38.0,154.96176
165.0,154.96521
137.9,154.9647
79.9,154.96376
18.89,154.9645
126.49,154.96725
12.99,154.96706
95.38,154.96896
76.07,154.96887
93.0,154.96863
59.989999999999995,154.96794
65.0,154.96817
99.84,154.96848
19.0,154.9678
299.0,154.96915
149.9,154.96327
311.0,154.96053
89.0,154.95523
319.99,154.95644
29.9,154.95334
55.27000000000001,154.95741
9.99,154.9622
79.99,154.96721
79.0,154.96912
89.0,154.96951
74.9,154.969
106.6,154.96867
142.0,154.96762
50.02,154.96562
60.0,154.9663
170.0,154.9674
14.49,154.9654
46.9,154.96707
95.9,154.96866
49.9,154.96848
24.99,154.969
63.00000000000001,154.97028
69.0,154.97044
100.0,154.97003
35.94,154.96867
149.0,154.96909
119.00000000000001,154.96693
99.9,154.96529
99.9,154.96477
98.0,154.96477
188.0,154.96498
13.5,154.96281
55.49,154.96513
119.89999999999999,154.96722
99.0,154.96695
94.9,154.96654
65.4,154.96631
92.0,154.96696
299.9,154.96704
49.9,154.96129
44.9,154.96184
29.8,154.9645
4.99,154.96756
122.73,154.97064
149.9,154.96976
58.9,154.96703
58.99999999999999,154.96686
128.0,154.96756
25.89,154.9665
138.0,154.96788
39.9,154.96669
289.98,154.9676
99.9,154.96223
198.0,154.96129
63.00000000000001,154.95946
79.99,154.96143
62.89999999999999,154.96375
69.9,154.96602
548.06,154.96753
55.0,154.95547
36.98,154.95535
119.89999999999999,154.95975
29.8,154.96228
14.9,154.96596
16.9,154.96945
28.99,154.97194
97.0,154.9731
11.9,154.97165
41.99,154.97195
0.0,154.97194
159.9,154.97293
59.89999999999999,154.96967
120.0,154.9685
118.99000000000001,154.96674
107.96000000000001,154.96526
149.99,154.96455
28.389999999999997,154.96317
44.99,154.96521
139.99,154.96745
69.0,154.9666
110.32,154.96687
179.9,154.96635
259.0,154.9638
8.9,154.95912
246.90000000000003,154.9617
89.0,154.95964
735.0,154.96082
99.0,154.94534
61.99999999999999,154.94556
56.1,154.95203
49.89,154.95905
55.0,154.96461
63.900000000000006,154.96812
98.0,154.9698
0.0,154.96948
79.9,154.97118
169.9,154.97092
99.9,154.96759
134.99,154.96597
59.89,154.9644
131.9,154.96524
12.99,154.96474
60.0,154.96712
45.0,154.96858
330.96,154.96976
19.9,154.96283
20.9,154.96338
29.9,154.96626
69.9,154.96893
64.8,154.96974
50.0,154.96986
217.89999999999998,154.97014
107.90000000000002,154.96582
32.99,154.96408
27.9,154.96567
68.0,154.9681
44.85,154.96907
97.99,154.96994
79.0,154.96913
548.0,154.96846
49.5,154.95537
228.0,154.95499
199.9,154.95418
59.89999999999999,154.9542
44.06,154.95831
79.99,154.96317
119.89999999999999,154.96608
14.49,154.9665
184.0,154.96881
124.99000000000001,154.96658
85.9,154.96498
24.99,154.96504
36.82,154.96725
149.9,154.9693
99.9,154.96767
285.0,154.96658
19.99,154.96098
139.0,154.96246
157.41,154.96274
14.9,154.96202
117.0,154.96503
326.0,154.96574
67.0,154.9599
27.72,154.96034
18.9,154.96387
65.0,154.96773
2160.0,154.96944
96.0,154.91304
139.9,154.9082
58.99999999999999,154.92078
69.0,154.938
585.0,154.95212
30.0,154.94771
19.9,154.9533
191.0,154.96107
45.97,154.96288
57.99,154.96605
55.0,154.96848
30.0,154.97005
103.0,154.97151
47.83,154.97054
47.9,154.97041
143.9,154.97058
149.0,154.96819
109.9,154.96536
115.99,154.9642
49.98,154.96371
115.99,154.96536
219.0,154.96553
99.0,154.96237
129.0,154.96219
19.9,154.96225
32.0,154.96532
65.0,154.96826
104.0,154.96953
138.9,154.96883
100.49,154.96672
250.00000000000003,154.96571
11.35,154.9613
179.0,154.96332
340.0,154.96248
52.9,154.95653
79.0,154.95819
24.0,154.9613
243.0,154.96556
269.0,154.96321
189.0,154.95856
124.98,154.95653
124.8,154.95764
38.25,154.95952
100.59,154.96349
44.99,154.96547
49.9,154.96774
163.19,154.96939
74.0,154.96733
23.88,154.96693
38.0,154.96855
79.49,154.97
134.9,154.9699
51.5,154.96777
84.99,154.96777
82.89,154.96759
74.31,154.96742
55.0,154.96754
54.0,154.96825
48.9,154.96898
39.0,154.96968
14.49,154.97044
15.9,154.9717
49.0,154.97272
25.5,154.9725
50.0,154.97256
35.0,154.97202
112.99000000000001,154.97182
160.0,154.96967
49.9,154.96616
59.89999999999999,154.96608
57.0,154.96692
289.0,154.96791
699.6,154.96248
0.0,154.9452
39.0,154.94743
145.0,154.95462
220.0,154.95871
19.0,154.95874
51.9,154.96286
38.0,154.9664
99.9,154.9692
109.9,154.96931
28.819999999999997,154.96823
89.99,154.96916
29.9,154.96887
103.0,154.9698
399.9,154.96895
50.0,154.95967
85.9,154.95944
69.0,154.96136
29.150000000000002,154.96393
19.9,154.96713
104.0,154.96999
88.0,154.96971
244.98999999999998,154.96889
44.9,154.96385
19.15,154.9641
109.9,154.96675
29.989999999999995,154.96706
136.89,154.96864
320.0,154.96738
149.0,154.96054
29.9,154.95824
414.0,154.96129
77.0,154.95497
55.49999999999999,154.95627
492.75,154.96042
127.30000000000001,154.95264
79.5,154.95277
97.5,154.95688
17.9,154.96072
68.0,154.96565
56.89999999999999,154.9683
439.99,154.96979
468.99999999999994,154.96014
18.9,154.94847
89.99,154.95134
39.9,154.9564
20.9,154.96222
89.0,154.96729
39.5,154.96898
138.9,154.97041
35.9,154.9687
23.8,154.96912
88.89,154.97044
14.9,154.96992
62.50000000000001,154.9709
139.49,154.97083
169.0,154.96832
12.99,154.96487
20.9,154.96619
72.99,154.96855
110.65,154.96924
233.8,154.96819
31.9,154.9635
389.5,154.96428
95.4,154.95705
106.89999999999999,154.95697
22.99,154.95901
44.99,154.96352
2300.0,154.96709
89.9,154.90808
18.49,154.90388
29.989999999999995,154.92113
14.99,154.94066
76.9,154.95634
375.9,154.9651
220.64,154.96124
29.9,154.95833
54.9,154.9616
99.0,154.9653
31.8,154.96693
399.0,154.9692
30.999999999999996,154.96114
319.29,154.9616
37.4,154.95702
24.9,154.95949
30.0,154.96405
49.9,154.96794
48.45,154.97006
119.89999999999999,154.97107
109.0,154.9695
139.9,154.96774
56.1,154.96553
999.9899999999999,154.96599
4.4,154.94168
85.9,154.94238
10.0,154.94916
29.989999999999995,154.9582
155.0,154.96516
299.0,154.9663
37.98,154.96129
125.00000000000001,154.9626
248.99999999999997,154.9633
45.0,154.96024
15.0,154.9622
149.8,154.96614
220.0,154.96606
1240.0,154.96275
139.8,154.9316
12.99,154.9291
61.800000000000004,154.94034
79.9,154.95189
85.0,154.9601
130.0,154.96498
79.0,154.96628
169.0,154.96739
25.99,154.96568
50.3,154.96729
160.0,154.96887
59.7,154.96703
63.53000000000001,154.9672
20.9,154.96786
27.9,154.96965
58.99999999999999,154.97113
299.8,154.97128
169.9,154.96443
220.0,154.96053
299.0,154.95729
89.9,154.95299
119.00000000000001,154.95511
184.9,154.95808
139.89,154.95883
48.9,154.95985
139.9,154.9632
14.9,154.964
29.9,154.96709
108.90000000000002,154.96973
76.0,154.96938
85.9,154.969
67.9,154.9684
103.9,154.96835
20.9,154.9675
99.0,154.96884
85.0,154.96844
124.95,154.96793
129.0,154.96645
42.0,154.9649
79.9,154.9661
85.9,154.96687
20.0,154.96715
63.99000000000001,154.96896
30.0,154.96965
20.9,154.97067
149.0,154.97179
35.9,154.96918
102.0,154.96904
196.8,154.96799
23.98,154.96434
17.5,154.96542
299.99,154.968
13.590000000000002,154.9628
18.99,154.96408
37.98,154.96707
51.9,154.96933
8.49,154.9704
59.89999999999999,154.97194
14.9,154.97186
38.67,154.97244
199.0,154.97246
186.0,154.96793
99.98,154.96341
330.0,154.9624
9.99,154.95662
119.00000000000001,154.95941
225.00000000000003,154.96143
110.32,154.95982
96.99,154.96054
369.9,154.96225
24.99,154.95648
98.48,154.95903
52.51,154.96175
48.0,154.96503
192.9,154.96777
19.9,154.96571
34.0,154.96722
64.0,154.96916
49.99,154.9699
44.9,154.97038
15.9,154.97078
18.0,154.9718
48.9,154.97272
149.0,154.97249
517.8,154.96922
49.9,154.95583
24.99,154.95517
36.9,154.95967
85.9,154.96439
25.99,154.96664
39.9,154.96915
57.9,154.9707
180.0,154.97105
79.8,154.9676
51.0,154.96646
349.0,154.96716
21.99,154.96024
36.9,154.9614
98.0,154.96457
129.9,154.96596
110.77000000000001,154.96552
89.9,154.96512
79.9,154.9654
12.88,154.9661
19.9,154.96857
45.0,154.97078
27.809999999999995,154.97165
106.89999999999999,154.97229
95.4,154.97055
61.99999999999999,154.96873
26.88,154.96829
85.0,154.96935
29.989999999999995,154.96904
47.5,154.96985
49.99,154.97035
38.99,154.97055
95.9,154.9709
39.9,154.96967
97.5,154.96973
34.0,154.96866
0.0,154.9692
49.9,154.97104
29.989999999999995,154.97151
61.9,154.97192
79.0,154.97134
55.55,154.97014
274.9,154.96965
159.0,154.96362
20.2,154.96043
22.6,154.9628
83.98,154.96635
49.49,154.96773
42.0,154.96896
201.9,154.97005
25.0,154.96649
49.9,154.96707
79.49,154.9682
14.99,154.96843
0.0,154.97
0.0,154.97205
14.9,154.9737
14.9,154.97437
41.9,154.97452
171.8,154.97371
28.899999999999995,154.9693
30.0,154.96864
69.0,154.9694
39.9,154.96938
18.99,154.9699
58.2,154.97102
12.0,154.97101
63.99000000000001,154.97186
0.0,154.97139
150.9,154.9723
14.5,154.9694
49.0,154.96964
116.5,154.96992
19.0,154.96835
103.0,154.96918
58.99999999999999,154.96835
169.0,154.96838
0.0,154.96573
125.4,154.96742
250.00000000000003,154.96677
179.0,154.96214
249.9,154.95932
7.5,154.95596
30.0,154.95982
29.9,154.96455
169.8,154.96832
103.69,154.96704
99.9,154.96617
119.99,154.9658
0.0,154.96512
712.9,154.96773
59.89999999999999,154.95152
19.9,154.95087
149.9,154.95673
79.98,154.95972
29.989999999999995,154.96286
65.0,154.96663
0.0,154.96867
457.75,154.97136
99.0,154.9612
169.8,154.95901
0.0,154.9582
6.9,154.9626
109.9,154.9674
63.900000000000006,154.96832
418.0,154.96895
45.9,154.95975
24.9,154.95969
84.99,154.9633
0.0,154.96553
0.0,154.96902
0.0,154.97202
0.0,154.97406
0.0,154.97523
0.0,154.97578
145.0,154.97595
0.0,154.97202
0.0,154.9716
0.0,154.97249
0.0,154.97354
0.0,154.97438
0.0,154.97491
0.0,154.97522
0.0,154.97534
0.0,154.97537
0.0,154.97536
0.0,154.97534
0.0,154.9753
0.0,154.97527
0.0,154.97523
0.0,154.97522
0.0,154.9752
0.0,154.9752
0.0,154.97519
0.0,154.97519
