Product Name,Price,Rating,Reviews,Discount,Product URL,Image URL
"DR. Boro (Combo 4) Allergy Relief, Conditioning, Anti-f...",₹162,4.4,(35),89% off,https://www.flipkart.com/dr-boro-combo-4-allergy-relief-conditioning-anti-fungal-anti-microbial-pet-care-650-ml-coat-cleanser/p/itmf756d009c9bb9?pid=PETHGXSZSGJBR5UA&lid=LSTPETHGXSZSGJBR5UA8MAQD1&marketplace=FLIPKART&q=pet+products&store=p3t&srno=s_1_1&otracker=search&fm=organic&iid=en_cBC2_7Q71TrgaIA-ASz91VYWA5_orFTudj-MNHE-HrXPqA9fiWugLWKl2U275CQs9LlaVesN0O6_ewfTLcFzxQ%3D%3D&ppt=None&ppn=None&ssid=a8xanuw90w0000001780721924741&qH=0b3cad6c322744d3&ov_redirect=true&ov_redirect=true,https://rukminim2.flixcart.com/image/612/612/xif0q/pet-cleanser/s/v/o/650-combo-of-4-pet-care-item-dr-boro-original-imahgxszkqh9zyhb.jpeg?q=70
Breedo Dog Need (Combo of 2) Flea-Tick Shampoo Conditio...,₹170,4,"(1,543)",71% off,https://www.flipkart.com/breedo-dog-need-combo-2-flea-tick-shampoo-conditioner-gloves-allergy-relief-conditioning-anti-fungal-anti-microbial-anti-itching-anti-dandruff-natural/p/itm1700b14137a17?pid=PSOGDGVUXY8B2ZFG&lid=LSTPSOGDGVUXY8B2ZFGHFRTF0&marketplace=FLIPKART&q=pet+products&store=p3t&srno=s_1_2&otracker=search&fm=organic&iid=en_cBC2_7Q71TrgaIA-ASz91VYWA5_orFTudj-MNHE-HrVdezPyjjD6JV2u3qtxAyM1xnKgQS3FNI02G42ZfQyE4A%3D%3D&ppt=None&ppn=None&ssid=a8xanuw90w0000001780721924741&qH=0b3cad6c322744d3&ov_redirect=true&ov_redirect=true,https://rukminim2.flixcart.com/image/612/612/xif0q/pet-shampoo/d/l/r/250-dog-need-combo-of-2-flea-tick-shampoo-conditioner-gloves-original-imah7hyhwhnp3bb8.jpeg?q=70
V JOY PET PRODUCTS Digestible Treat Bone for dogs Milk ...,₹125,4.3,(6),68% off,https://www.flipkart.com/v-joy-pet-products-digestible-treat-bone-dogs-milk-dog-chew-chicken-egg/p/itm17268efe806c7?pid=PCWGKEP4URFFJZSF&lid=LSTPCWGKEP4URFFJZSFRKCG1Z&marketplace=FLIPKART&q=pet+products&store=p3t&srno=s_1_3&otracker=search&fm=organic&iid=6a2fcac2-0643-4019-9067-781438776d05.PCWGKEP4URFFJZSF.SEARCH&ppt=None&ppn=None&ssid=a8xanuw90w0000001780721924741&qH=0b3cad6c322744d3&ov_redirect=true&ov_redirect=true,https://rukminim2.flixcart.com/image/612/612/xif0q/pet-chew/y/a/y/250-dog-1-vjoy250bone-v-joy-pet-products-original-imagkep4k2qnyqkz.jpeg?q=70
W9 Pet Products Oh My Dog Odor Control Ultimate Dog Sha...,₹604,,,42% off,https://www.flipkart.com/w9-pet-products-oh-my-dog-odor-control-ultimate-shampoo-dispenser-brush-1000ml-spa-kit/p/itm4fc3da4af9f98?pid=PSKGX336ZPGG4DPU&lid=LSTPSKGX336ZPGG4DPUB2H156&marketplace=FLIPKART&q=pet+products&store=p3t&srno=s_1_4&otracker=search&fm=organic&iid=6a2fcac2-0643-4019-9067-781438776d05.PSKGX336ZPGG4DPU.SEARCH&ppt=None&ppn=None&ssid=a8xanuw90w0000001780721924741&qH=0b3cad6c322744d3&ov_redirect=true&ov_redirect=true,https://rukminim2.flixcart.com/image/612/612/xif0q/pet-spa-kit/j/7/5/oh-my-dog-odor-control-ultimate-dog-shampoo-with-dispenser-brush-original-imagx336fzzm66eq.jpeg?q=70
W9 Pet Products Oh My Dog Forest Safari Dry Shampoo wit...,₹214,,,50% off,https://www.flipkart.com/w9-pet-products-oh-my-dog-forest-safari-dry-shampoo-1-wet-wipes-pack-20-pcs-dogs-spa-kit/p/itm9650e88e59b4a?pid=PSKGRFETSXFKSAUK&lid=LSTPSKGRFETSXFKSAUK0GMUYC&marketplace=FLIPKART&q=pet+products&store=p3t&srno=s_1_5&otracker=search&fm=organic&iid=6a2fcac2-0643-4019-9067-781438776d05.PSKGRFETSXFKSAUK.SEARCH&ppt=None&ppn=None&ssid=a8xanuw90w0000001780721924741&qH=0b3cad6c322744d3&ov_redirect=true&ov_redirect=true,https://rukminim2.flixcart.com/image/612/612/xif0q/pet-spa-kit/0/e/c/oh-my-dog-forest-safari-dry-shampoo-with-1-wet-wipes-pack-of-20-original-imagrfethwuzffh9.jpeg?q=70
Fur Ball Story Digestive Care Liquid,₹171,4.7,(345),24% off,https://www.flipkart.com/fur-ball-story-digestive-care-liquid/p/itmc859545c30955?pid=PMDH2GT2KRTAMHCT&lid=LSTPMDH2GT2KRTAMHCTLO3HSS&marketplace=FLIPKART&q=pet+products&store=p3t&srno=s_1_6&otracker=search&fm=organic&iid=en_cBC2_7Q71TrgaIA-ASz91VYWA5_orFTudj-MNHE-HrXSenjZaDBeGNJ6_3YnSEUZzZVws2PRMOtjyDJq47kyxk4IsYyWu-Pj9cxFjFAoaLk%3D&ppt=None&ppn=None&ssid=a8xanuw90w0000001780721924741&qH=0b3cad6c322744d3&ov_redirect=true&ov_redirect=true,https://rukminim2.flixcart.com/image/612/612/xif0q/pet-medication/p/d/q/-original-imahgmhfyzfumhse.jpeg?q=70
Dr Venture Anti-tick Shampoo 200 ml + Anti Dandruff & C...,₹262,4.1,"(7,661)",70% off,https://www.flipkart.com/venture-anti-tick-shampoo-200-ml-anti-dandruff-conditioning-pet-brush-allergy-relief-anti-dandruff-anti-fungal-anti-itching-conditioning-flea-tick-natural-dog/p/itm0f2d17c778865?pid=PSOGAQZ5CAQEF8JF&lid=LSTPSOGAQZ5CAQEF8JF1YHRPI&marketplace=FLIPKART&q=pet+products&store=p3t&srno=s_1_7&otracker=search&fm=organic&iid=6a2fcac2-0643-4019-9067-781438776d05.PSOGAQZ5CAQEF8JF.SEARCH&ppt=None&ppn=None&ssid=a8xanuw90w0000001780721924741&qH=0b3cad6c322744d3&ov_redirect=true&ov_redirect=true,https://rukminim2.flixcart.com/image/612/612/xif0q/pet-shampoo/h/p/n/400-anti-tick-and-flea-neem-shampoo-200-ml-anti-dandruff-original-imah4egcmy9nhkgz.jpeg?q=70
DC Pet Products Pet Flea Comb for Dogs & Cats – Stainle...,₹126,,,68% off,https://www.flipkart.com/dc-pet-products-flea-comb-dogs-cats-stainless-steel-lice-nit-remover-basic-dog-cat/p/itm77eda23abedfb?pid=PCBHMN4ZRYS4NDEW&lid=LSTPCBHMN4ZRYS4NDEWTZCIUH&marketplace=FLIPKART&q=pet+products&store=p3t&srno=s_1_8&otracker=search&fm=organic&iid=6a2fcac2-0643-4019-9067-781438776d05.PCBHMN4ZRYS4NDEW.SEARCH&ppt=None&ppn=None&ssid=a8xanuw90w0000001780721924741&qH=0b3cad6c322744d3&ov_redirect=true&ov_redirect=true,https://rukminim2.flixcart.com/image/612/612/xif0q/pet-comb-brush/k/6/k/medium-flcmb-dc-pet-products-original-imahmn4zrkkphvuq.jpeg?q=70
Choostix Twirls Chicken Dog Treat,₹151,4,(100),16% off,https://www.flipkart.com/choostix-twirls-chicken-dog-treat/p/itmetnffrgpdzdmx?pid=PTTETNFFYWF8E7KG&lid=LSTPTTETNFFYWF8E7KGSQMMSO&marketplace=FLIPKART&q=pet+products&store=p3t&srno=s_1_9&otracker=search&fm=organic&iid=6a2fcac2-0643-4019-9067-781438776d05.PTTETNFFYWF8E7KG.SEARCH&ppt=None&ppn=None&ssid=a8xanuw90w0000001780721924741&qH=0b3cad6c322744d3&ov_redirect=true&ov_redirect=true,https://rukminim2.flixcart.com/image/612/612/j29bi4w0/pet-treat/7/k/g/100-dog-cho1071-choostix-original-imaetme2bx3zzqdt.jpeg?q=70
Unik Dog Pet Food Calcium Treat Healthy Chicken Puppy D...,₹108,4,"(1,843)",81% off,https://www.flipkart.com/unik-dog-pet-food-calcium-treat-healthy-chicken-puppy-biscuits-pressed-bone-0-5-kg-2x0-25-kg-dry-new-born-young-adult/p/itm9b965cd80bd3b?pid=PFDGFZTSEQXKFEKK&lid=LSTPFDGFZTSEQXKFEKKKYIBKD&marketplace=FLIPKART&q=pet+products&store=p3t&srno=s_1_10&otracker=search&fm=organic&iid=6a2fcac2-0643-4019-9067-781438776d05.PFDGFZTSEQXKFEKK.SEARCH&ppt=None&ppn=None&ssid=a8xanuw90w0000001780721924741&qH=0b3cad6c322744d3&ov_redirect=true&ov_redirect=true,https://rukminim2.flixcart.com/image/612/612/xif0q/pet-food/l/9/b/0-5-dog-2-unik-puppy-chic-bis-500gm-6in-bone-1-01-unik-original-imah9hqxbewtxmr9.jpeg?q=70
Petroyale Digestive Probiotics Supplement Improves Gut ...,₹512,4.7,(41),21% off,https://www.flipkart.com/petroyale-digestive-probiotics-supplement-improves-gut-health-indigestion-pet-supplements/p/itm6d4434d248477?pid=PHSH3ZZHTFBRD3Q8&lid=LSTPHSH3ZZHTFBRD3Q8ZAOCTU&marketplace=FLIPKART&q=pet+products&store=p3t&srno=s_1_11&otracker=search&fm=organic&iid=en_cBC2_7Q71TrgaIA-ASz91VYWA5_orFTudj-MNHE-HrUlirDzIGNSLDsA0XR_eCWG9l_DFPHRtQ9dFmoDJPhhig%3D%3D&ppt=None&ppn=None&ssid=a8xanuw90w0000001780721924741&qH=0b3cad6c322744d3&ov_redirect=true&ov_redirect=true,https://rukminim2.flixcart.com/image/612/612/xif0q/pet-health-supplement/s/6/r/100-digestive-probiotics-supplement-improves-gut-health-original-imahmsjp8ybzn8en.jpeg?q=70
Dogsee Chew Dogsee Chew Cheese Dog Treat,₹146,4,(455),26% off,https://www.flipkart.com/dogsee-chew-cheese-dog-treat/p/itmfgbh7yg9rhudh?pid=PTTH6G5YAVQH2JM7&lid=LSTPTTH6G5YAVQH2JM7NIZATG&marketplace=FLIPKART&q=pet+products&store=p3t&srno=s_1_12&otracker=search&fm=organic&iid=en_cBC2_7Q71TrgaIA-ASz91VYWA5_orFTudj-MNHE-HrVwZEzvOQFIcnxrV85XFFeiIvLtutGSMLRk-njyz6i5zvUFjCTyOHoHZs-Z5_PS_w0%3D&ppt=None&ppn=None&ssid=a8xanuw90w0000001780721924741&qH=0b3cad6c322744d3&ov_redirect=true&ov_redirect=true,https://rukminim2.flixcart.com/image/612/612/xif0q/pet-treat/r/h/x/100-dog-3-small-p1-dogsee-chew-original-imah6jygjnh42jdy.jpeg?q=70
PRAWSH Digestion_90TABS Pet Health Supplements,₹326,3.9,(11),82% off,https://www.flipkart.com/prawsh-digestion-90tabs-pet-health-supplements/p/itmec09841b62a14?pid=PHSGRAG9NCKQB2EE&lid=LSTPHSGRAG9NCKQB2EESOBVIY&marketplace=FLIPKART&q=pet+products&store=p3t&srno=s_1_13&otracker=search&fm=organic&iid=6a2fcac2-0643-4019-9067-781438776d05.PHSGRAG9NCKQB2EE.SEARCH&ppt=None&ppn=None&ssid=a8xanuw90w0000001780721924741&qH=0b3cad6c322744d3&ov_redirect=true&ov_redirect=true,https://rukminim2.flixcart.com/image/612/612/xif0q/pet-health-supplement/z/f/f/90-digestion-90tabs-prawsh-original-imagrag9nnjwcqgs.jpeg?q=70
chullbull pet products Pack of 5 Durable Chewing Cotton...,₹350,,,64% off,https://www.flipkart.com/chullbull-pet-products-pack-5-durable-chewing-cotton-knotted-rope-toy-medium-small-dogs-color-vary-fetch-toy-ball-tug-dog/p/itm7de56c37ca3af?pid=PTYGZHUNEAYRPZVW&lid=LSTPTYGZHUNEAYRPZVWRDLI0A&marketplace=FLIPKART&q=pet+products&store=p3t&srno=s_1_14&otracker=search&fm=organic&iid=6a2fcac2-0643-4019-9067-781438776d05.PTYGZHUNEAYRPZVW.SEARCH&ppt=None&ppn=None&ssid=a8xanuw90w0000001780721924741&qH=0b3cad6c322744d3&ov_redirect=true&ov_redirect=true,https://rukminim2.flixcart.com/image/612/612/xif0q/pet-toy/7/0/l/5-pack-of-5-durable-chewing-cotton-knotted-rope-toys-for-medium-original-imahys9r4ws4pabq.jpeg?q=70
"chullbull pet products Pet Treats Mix Flavour, Baked Pu...",₹167,4.3,(107),81% off,https://www.flipkart.com/chullbull-pet-products-treats-mix-flavour-baked-puppy-treats-dog-training-biscuits-egg-milk-spinach-mutton-chicken-treat/p/itm6a627d10503be?pid=PTTHBKHVVFC752DG&lid=LSTPTTHBKHVVFC752DG3BRG8D&marketplace=FLIPKART&q=pet+products&store=p3t&srno=s_1_15&otracker=search&fm=organic&iid=6a2fcac2-0643-4019-9067-781438776d05.PTTHBKHVVFC752DG.SEARCH&ppt=None&ppn=None&ssid=a8xanuw90w0000001780721924741&qH=0b3cad6c322744d3&ov_redirect=true&ov_redirect=true,https://rukminim2.flixcart.com/image/612/612/xif0q/pet-treat/x/m/z/1-dog-1-tasty-dog-treat-chullbull-pet-products-original-imahbruzjnnsfynz.jpeg?q=70
chullbull pet products 1 kg Dog Bone Biscuits Chicken D...,₹127,4.2,(138),84% off,https://www.flipkart.com/chullbull-pet-products-1-kg-dog-bone-biscuits-chicken-treat-chew-treat-1-kg/p/itmf6ec189026831?pid=PTTH88H89JJGFKBQ&lid=LSTPTTH88H89JJGFKBQB1LAMS&marketplace=FLIPKART&q=pet+products&store=p3t&srno=s_1_16&otracker=search&fm=organic&iid=6a2fcac2-0643-4019-9067-781438776d05.PTTH88H89JJGFKBQ.SEARCH&ppt=None&ppn=None&ssid=a8xanuw90w0000001780721924741&qH=0b3cad6c322744d3&ov_redirect=true&ov_redirect=true,https://rukminim2.flixcart.com/image/612/612/xif0q/pet-treat/k/m/m/1-dog-1-dog-bone-biscuits-chicken-dog-treat-dog-chew-chicken-dog-original-imah8vrqgfcgymk6.jpeg?q=70
"Georgic Proteina Muscle Builder for Dogs | Weight Gain,...",₹369,5,(3),26% off,https://www.flipkart.com/georgic-proteina-muscle-builder-dogs-weight-gain-energy-stamina-growth-pet-health-supplements/p/itmdb1669ef7c125?pid=PHSHHGNTMKFZSEBY&lid=LSTPHSHHGNTMKFZSEBYSDQA64&marketplace=FLIPKART&q=pet+products&store=p3t&srno=s_1_17&otracker=search&fm=organic&iid=en_cBC2_7Q71TrgaIA-ASz91VYWA5_orFTudj-MNHE-HrUVi66eVROZync7W4j6ihzxLUIg3Ndja4Vn4_5zB1GVWPUFjCTyOHoHZs-Z5_PS_w0%3D&ppt=None&ppn=None&ssid=a8xanuw90w0000001780721924741&qH=0b3cad6c322744d3&ov_redirect=true&ov_redirect=true,https://rukminim2.flixcart.com/image/612/612/xif0q/pet-health-supplement/q/p/b/150-proteina-dog-supplement-supports-energy-stamina-georgic-original-imahhykw8gkfztgg.jpeg?q=70
Emily Pets 4 in 1 Pet Grooming Kit Shampoo Slicker Brus...,₹405,,,42% off,https://www.flipkart.com/emily-pets-4-1-pet-grooming-kit-shampoo-slicker-brush-bath-glove-dogs-cats-spa/p/itme48e01bb5069c?pid=PSKHN85HX54URCH8&lid=LSTPSKHN85HX54URCH8SF0588&marketplace=FLIPKART&q=pet+products&store=p3t&srno=s_1_18&otracker=search&fm=organic&iid=6a2fcac2-0643-4019-9067-781438776d05.PSKHN85HX54URCH8.SEARCH&ppt=None&ppn=None&ssid=a8xanuw90w0000001780721924741&qH=0b3cad6c322744d3&ov_redirect=true&ov_redirect=true,https://rukminim2.flixcart.com/image/612/612/xif0q/pet-spa-kit/w/b/j/4-in-1-pet-grooming-kit-shampoo-slicker-brush-bath-glove-dogs-original-imahn8ynfgzqqmyb.jpeg?q=70
chullbull pet products Anti Skid Pack of 2 ( each) Stai...,₹180,4.2,(153),63% off,https://www.flipkart.com/chullbull-pet-products-anti-skid-pack-2-each-stainless-steel-bowl/p/itm571b549725220?pid=PBLGYNZ5TEFPJFWD&lid=LSTPBLGYNZ5TEFPJFWDOWKABY&marketplace=FLIPKART&q=pet+products&store=p3t&srno=s_1_19&otracker=search&fm=organic&iid=6a2fcac2-0643-4019-9067-781438776d05.PBLGYNZ5TEFPJFWD.SEARCH&ppt=None&ppn=None&ssid=a8xanuw90w0000001780721924741&qH=0b3cad6c322744d3&ov_redirect=true&ov_redirect=true,https://rukminim2.flixcart.com/image/612/612/xif0q/pet-bowl-bottle/a/8/h/petbowlsil-chullbull-pet-products-850-original-imagynz5gewpxyds.jpeg?q=70
swadeshi collection TOOTHPASTE KIT Pet Toothpaste,₹252,,,49% off,https://www.flipkart.com/swadeshi-collection-toothpaste-kit-pet/p/itm688011779eb8f?pid=POOHNQWWZFHJRUVE&lid=LSTPOOHNQWWZFHJRUVE876JO8&marketplace=FLIPKART&q=pet+products&store=p3t&srno=s_1_20&otracker=search&fm=organic&iid=6a2fcac2-0643-4019-9067-781438776d05.POOHNQWWZFHJRUVE.SEARCH&ppt=None&ppn=None&ssid=a8xanuw90w0000001780721924741&qH=0b3cad6c322744d3&ov_redirect=true&ov_redirect=true,https://rukminim2.flixcart.com/image/612/612/xif0q/pet-toothpaste/6/q/3/95-toothpaste-kit-swadeshi-collection-original-imahnnxcfgyggacm.jpeg?q=70
"chullbull pet products Dog Bowls 2 Pack, Stainless Stee...",₹170,4.5,(21),57% off,https://www.flipkart.com/chullbull-pet-products-dog-bowls-2-pack-stainless-steel-feeding-water-silver-plated-bowl/p/itm1a5ccc633f388?pid=PBLGPEP9VDETGHKG&lid=LSTPBLGPEP9VDETGHKGYXQSJG&marketplace=FLIPKART&q=pet+products&store=p3t&srno=s_1_21&otracker=search&fm=organic&iid=6a2fcac2-0643-4019-9067-781438776d05.PBLGPEP9VDETGHKG.SEARCH&ppt=None&ppn=None&ssid=a8xanuw90w0000001780721924741&qH=0b3cad6c322744d3&ov_redirect=true&ov_redirect=true,https://rukminim2.flixcart.com/image/612/612/l37mtu80/pet-food-dispenser/a/p/m/stainless-steel-bowl-dogs-cat-scratch-proof-water-bowlls-for-original-imagedt5krwpdhg3.jpeg?q=70
chullbull pet products Steel Pet Bowl,₹144,4.8,(5),76% off,https://www.flipkart.com/chullbull-pet-products-steel-bowl/p/itm399d3253493c7?pid=PBLGSH89HY8YH7VX&lid=LSTPBLGSH89HY8YH7VXYLNXIF&marketplace=FLIPKART&q=pet+products&store=p3t&srno=s_1_22&otracker=search&fm=organic&iid=6a2fcac2-0643-4019-9067-781438776d05.PBLGSH89HY8YH7VX.SEARCH&ppt=None&ppn=None&ssid=a8xanuw90w0000001780721924741&qH=0b3cad6c322744d3&ov_redirect=true&ov_redirect=true,https://rukminim2.flixcart.com/image/612/612/ktlu9ow0/pet-bowl-bottle/u/i/c/yim-bowl-silver-88-yimk-1000-original-imag6xakhhpzd6fv.jpeg?q=70
"Pet Life Ticks & Dandruff Removal Kit For Dogs | Tick, ...",₹217,4.1,(80),54% off,https://www.flipkart.com/pet-life-ticks-dandruff-removal-kit-dogs-tick-flea-lice-silky-smooth-coat-spa/p/itm4ebbc07105e9d?pid=PSKH6HCFEEM6X3RX&lid=LSTPSKH6HCFEEM6X3RXDF8H6B&marketplace=FLIPKART&q=pet+products&store=p3t&srno=s_1_23&otracker=search&fm=organic&iid=6a2fcac2-0643-4019-9067-781438776d05.PSKH6HCFEEM6X3RX.SEARCH&ppt=None&ppn=None&ssid=a8xanuw90w0000001780721924741&qH=0b3cad6c322744d3&ov_redirect=true&ov_redirect=true,https://rukminim2.flixcart.com/image/612/612/xif0q/pet-spa-kit/n/b/k/ticks-dandruff-removal-kit-for-dogs-tick-flea-lice-silky-smooth-original-imah6hcf9qukp4wj.jpeg?q=70
"chullbull pet products Curry Comb for Dog, Cat",₹134,,,55% off,https://www.flipkart.com/chullbull-pet-products-curry-comb-dog-cat/p/itm54228a19bd16e?pid=PCBGMXVT5NGCKMEM&lid=LSTPCBGMXVT5NGCKMEMNB2WWL&marketplace=FLIPKART&q=pet+products&store=p3t&srno=s_1_24&otracker=search&fm=organic&iid=6a2fcac2-0643-4019-9067-781438776d05.PCBGMXVT5NGCKMEM.SEARCH&ppt=None&ppn=None&ssid=a8xanuw90w0000001780721924741&qH=0b3cad6c322744d3&ov_redirect=true&ov_redirect=true,https://rukminim2.flixcart.com/image/612/612/k6tniq80/pet-comb-brush/7/r/f/pet-hand-bath-glove-brush-adjustable-two-multi-color-nitishree-original-imafp7csaq3dpgfh.jpeg?q=70
"chullbull pet products FOR NEW -BORN, BABY 1 to 3 Month...",₹847,4,(22),71% off,https://www.flipkart.com/chullbull-pet-products-new-born-baby-1-3-month-hard-crate/p/itm3db4e39b10e19?pid=PCTH38F2QANFZN8F&lid=LSTPCTH38F2QANFZN8FHKA1CM&marketplace=FLIPKART&q=pet+products&store=p3t&srno=s_1_25&otracker=search&fm=organic&iid=6a2fcac2-0643-4019-9067-781438776d05.PCTH38F2QANFZN8F.SEARCH&ppt=None&ppn=None&ssid=a8xanuw90w0000001780721924741&qH=0b3cad6c322744d3&ov_redirect=true&ov_redirect=true,https://rukminim2.flixcart.com/image/612/612/xif0q/pet-crate/r/m/u/3-1-for-new-born-baby-1-to-3-month-chullbull-pet-products-original-imah38f2zegmntmy.jpeg?q=70
"Pet Life 3 in 1 Fur Care Kit for Dogs,Puppy |Clean, Con...",₹282,4.3,(7),41% off,https://www.flipkart.com/pet-life-3-1-fur-care-kit-dogs-puppy-clean-conditions-hair-shiny-healthy-coat-spa/p/itme196f53364056?pid=PSKH6H4PPK23KSRD&lid=LSTPSKH6H4PPK23KSRDRTH0TL&marketplace=FLIPKART&q=pet+products&store=p3t&srno=s_1_26&otracker=search&fm=organic&iid=6a2fcac2-0643-4019-9067-781438776d05.PSKH6H4PPK23KSRD.SEARCH&ppt=None&ppn=None&ssid=a8xanuw90w0000001780721924741&qH=0b3cad6c322744d3&ov_redirect=true&ov_redirect=true,https://rukminim2.flixcart.com/image/612/612/xif0q/pet-spa-kit/a/l/j/3-in-1-fur-care-kit-for-dogs-puppy-clean-conditions-hair-shiny-original-imah6h4p65d8hbpz.jpeg?q=70
"Loving Pets Anti-dandruff, Anti-fungal, Anti-itching, F...",₹176,,,49% off,https://www.flipkart.com/loving-pets-anti-dandruff-anti-fungal-anti-itching-flea-tick-itch-relief-lemon-cat-dog-shampoo/p/itm311b1f6f6c98a?pid=PSOHNUDF3XZRNY4X&lid=LSTPSOHNUDF3XZRNY4XYXI9Q7&marketplace=FLIPKART&q=pet+products&store=p3t&srno=s_1_27&otracker=search&fm=organic&iid=6a2fcac2-0643-4019-9067-781438776d05.PSOHNUDF3XZRNY4X.SEARCH&ppt=None&ppn=None&ssid=a8xanuw90w0000001780721924741&qH=0b3cad6c322744d3&ov_redirect=true&ov_redirect=true,https://rukminim2.flixcart.com/image/612/612/xif0q/pet-shampoo/2/o/z/500-3-loving-pets-original-imahnucuxyrj76aw.jpeg?q=70
skyec Herba Takepet For Dog & Cat_PHS105 Pet Health Sup...,₹252,,,13% off,https://www.flipkart.com/skyec-herba-takepet-dog-cat-phs105-pet-health-supplements/p/itm26f56686f0da9?pid=PHSHNZX89N9E8VK5&lid=LSTPHSHNZX89N9E8VK5FHDBTX&marketplace=FLIPKART&q=pet+products&store=p3t&srno=s_1_28&otracker=search&fm=organic&iid=6a2fcac2-0643-4019-9067-781438776d05.PHSHNZX89N9E8VK5.SEARCH&ppt=None&ppn=None&ssid=a8xanuw90w0000001780721924741&qH=0b3cad6c322744d3&ov_redirect=true&ov_redirect=true,https://rukminim2.flixcart.com/image/612/612/xif0q/pet-health-supplement/6/f/x/200-herba-takepet-for-dog-cat-phs105-skyec-original-imahnzx8qppvhmcu.jpeg?q=70
PETGREEN Probiotic Hairfall Reduce Powder 100gm Pet Hea...,₹160,,,59% off,https://www.flipkart.com/petgreen-probiotic-hairfall-reduce-powder-100gm-pet-health-supplements/p/itmc4450ebe8eb3b?pid=PHSHHUW4ZFF3VNSB&lid=LSTPHSHHUW4ZFF3VNSBASLKZS&marketplace=FLIPKART&q=pet+products&store=p3t&srno=s_1_29&otracker=search&fm=organic&iid=6a2fcac2-0643-4019-9067-781438776d05.PHSHHUW4ZFF3VNSB.SEARCH&ppt=None&ppn=None&ssid=a8xanuw90w0000001780721924741&qH=0b3cad6c322744d3&ov_redirect=true&ov_redirect=true,https://rukminim2.flixcart.com/image/612/612/xif0q/pet-health-supplement/l/t/m/100-probiotic-hairfall-reduce-powder-100gm-petgreen-original-imahhuw4cperdwfd.jpeg?q=70
"PET-VET Pet foods provide balanced vitamins, minerals, ...",₹795,,,37% off,https://www.flipkart.com/pet-vet-pet-foods-provide-balanced-vitamins-minerals-proteins-health-supplements/p/itm7ea78d8cf5a5e?pid=PHSHG99DDVGP7RMD&lid=LSTPHSHG99DDVGP7RMDXSHES3&marketplace=FLIPKART&q=pet+products&store=p3t&srno=s_1_30&otracker=search&fm=organic&iid=6a2fcac2-0643-4019-9067-781438776d05.PHSHG99DDVGP7RMD.SEARCH&ppt=None&ppn=None&ssid=a8xanuw90w0000001780721924741&qH=0b3cad6c322744d3&ov_redirect=true&ov_redirect=true,https://rukminim2.flixcart.com/image/612/612/xif0q/pet-health-supplement/a/l/e/1-pet-foods-provide-balanced-vitamins-minerals-and-proteins-original-imahgwm9sumzyyhd.jpeg?q=70
VJOY Pet Products White Digesible Rawhide Pressed Bone ...,₹169,4,"(2,512)",71% off,https://www.flipkart.com/vjoy-pet-products-white-digesible-rawhide-pressed-bone-dogs-honey-dog-chew/p/itm1a8abecce47c7?pid=PCWFY6J5TFRZFXTD&lid=LSTPCWFY6J5TFRZFXTDJDOI4B&marketplace=FLIPKART&q=pet+products&store=p3t&srno=s_1_31&otracker=search&fm=organic&iid=6a2fcac2-0643-4019-9067-781438776d05.PCWFY6J5TFRZFXTD.SEARCH&ppt=None&ppn=None&ssid=a8xanuw90w0000001780721924741&qH=0b3cad6c322744d3&ov_redirect=true&ov_redirect=true,https://rukminim2.flixcart.com/image/612/612/xif0q/pet-chew/y/a/y/250-dog-1-vjoy250bone-v-joy-pet-products-original-imagkep4k2qnyqkz.jpeg?q=70
chullbull pet products Stainless Steel Pet Bowl,₹169,4.5,(6),57% off,https://www.flipkart.com/chullbull-pet-products-stainless-steel-bowl/p/itm6998584c18c87?pid=PBLGYNPZCGQ9ZXGH&lid=LSTPBLGYNPZCGQ9ZXGHHOCHSA&marketplace=FLIPKART&q=pet+products&store=p3t&srno=s_1_32&otracker=search&fm=organic&iid=6a2fcac2-0643-4019-9067-781438776d05.PBLGYNPZCGQ9ZXGH.SEARCH&ppt=None&ppn=None&ssid=a8xanuw90w0000001780721924741&qH=0b3cad6c322744d3&ov_redirect=true&ov_redirect=true,https://rukminim2.flixcart.com/image/612/612/xif0q/pet-bowl-bottle/9/e/n/sf-400ml-chullbull-pet-products-400-x2-original-imagynpzsbg2kkhb.jpeg?q=70
chullbull pet products Dog Anti-stress Collar,₹209,3.7,(163),58% off,https://www.flipkart.com/chullbull-pet-products-dog-anti-stress-collar/p/itmb46cdd85da71d?pid=PCLGWZ2FPATQNYH8&lid=LSTPCLGWZ2FPATQNYH8JQ7PN0&marketplace=FLIPKART&q=pet+products&store=p3t&srno=s_1_33&otracker=search&fm=organic&iid=6a2fcac2-0643-4019-9067-781438776d05.PCLGWZ2FPATQNYH8.SEARCH&ppt=None&ppn=None&ssid=a8xanuw90w0000001780721924741&qH=0b3cad6c322744d3&ov_redirect=true&ov_redirect=true,https://rukminim2.flixcart.com/image/612/612/xif0q/pet-collar-harness/w/q/u/large-12345-japin-original-imah5nzgehsthycd.jpeg?q=70
GOOFY PET PRODUCTS CHICKEN FLAVOURED BISCUITS SMALL SIZ...,₹212,4.2,(718),29% off,https://www.flipkart.com/goofy-pet-products-chicken-flavoured-biscuits-small-size-1-kg-dog-chew/p/itmde077c73920e1?pid=PCWFZT8Z6GP3HQ8Z&lid=LSTPCWFZT8Z6GP3HQ8ZSMOKDJ&marketplace=FLIPKART&q=pet+products&store=p3t&srno=s_1_34&otracker=search&fm=organic&iid=6a2fcac2-0643-4019-9067-781438776d05.PCWFZT8Z6GP3HQ8Z.SEARCH&ppt=None&ppn=None&ssid=a8xanuw90w0000001780721924741&qH=0b3cad6c322744d3&ov_redirect=true&ov_redirect=true,https://rukminim2.flixcart.com/image/612/612/kh9gbrk0/pet-food/g/r/n/1-dog-dog-biscuit-with-the-goodness-of-protein-and-a-source-of-original-imafxbexzzxcrryz.jpeg?q=70
ALTRESSA Allergy Relief Long Coat For Pet Care Products...,₹638,,,35% off,https://www.flipkart.com/altressa-allergy-relief-long-coat-pet-care-products-pack-4-dog-shampoo/p/itm5ef1a2741f83f?pid=PSOH4JZVNFHHKT9B&lid=LSTPSOH4JZVNFHHKT9BPSFSFO&marketplace=FLIPKART&q=pet+products&store=p3t&srno=s_1_35&otracker=search&fm=organic&iid=6a2fcac2-0643-4019-9067-781438776d05.PSOH4JZVNFHHKT9B.SEARCH&ppt=None&ppn=None&ssid=a8xanuw90w0000001780721924741&qH=0b3cad6c322744d3&ov_redirect=true&ov_redirect=true,https://rukminim2.flixcart.com/image/612/612/xif0q/pet-shampoo/p/1/y/900-longct101-altressa-original-imah4jzvhyjzuyhz.jpeg?q=70
ALTRESSA Anti-itching Puppy Training Pet Spray Pet Groo...,₹253,,,36% off,https://www.flipkart.com/altressa-anti-itching-puppy-training-pet-spray-grooming-products-dog-shampoo/p/itm731131589e234?pid=PSOHFV4FZZQFQWYY&lid=LSTPSOHFV4FZZQFQWYYAJYX2E&marketplace=FLIPKART&q=pet+products&store=p3t&srno=s_1_36&otracker=search&fm=organic&iid=6a2fcac2-0643-4019-9067-781438776d05.PSOHFV4FZZQFQWYY.SEARCH&ppt=None&ppn=None&ssid=a8xanuw90w0000001780721924741&qH=0b3cad6c322744d3&ov_redirect=true&ov_redirect=true,https://rukminim2.flixcart.com/image/612/612/xif0q/pet-deodorizer/l/6/k/500-ps120-2-altressa-original-imagy4qmhnkvkdrh.jpeg?q=70
"ALTRESSA Allergy Relief, Anti-itching Long Coat + Paw C...",₹387,,,39% off,https://www.flipkart.com/altressa-allergy-relief-anti-itching-long-coat-paw-cleaning-pet-care-products-dog-shampoo/p/itma611966c30fcc?pid=PSOH3XV9HW9WEPHM&lid=LSTPSOH3XV9HW9WEPHMZUNBIZ&marketplace=FLIPKART&q=pet+products&store=p3t&srno=s_1_37&otracker=search&fm=organic&iid=6a2fcac2-0643-4019-9067-781438776d05.PSOH3XV9HW9WEPHM.SEARCH&ppt=None&ppn=None&ssid=a8xanuw90w0000001780721924741&qH=0b3cad6c322744d3&ov_redirect=true&ov_redirect=true,https://rukminim2.flixcart.com/image/612/612/xif0q/pet-shampoo/o/h/p/300-longcoatpaw-altressa-original-imah3xv9ygxbzsc4.jpeg?q=70
"chullbull pet products Grooming Gloves for Dog & Cat, C...",₹150,,,78% off,https://www.flipkart.com/chullbull-pet-products-grooming-gloves-dog-cat-dog-rabbit/p/itm496c9028f04c8?pid=PGGGTDM7MFG6JW8M&lid=LSTPGGGTDM7MFG6JW8MHAFWPT&marketplace=FLIPKART&q=pet+products&store=p3t&srno=s_1_38&otracker=search&fm=organic&iid=6a2fcac2-0643-4019-9067-781438776d05.PGGGTDM7MFG6JW8M.SEARCH&ppt=None&ppn=None&ssid=a8xanuw90w0000001780721924741&qH=0b3cad6c322744d3&ov_redirect=true&ov_redirect=true,https://rukminim2.flixcart.com/image/612/612/kxc5nrk0/pet-grooming-glove/x/4/h/1-superdog-hand-brush-grooming-gloves-pet-shampoo-brush-soothing-original-imag9tjyv3asnqpg.jpeg?q=70
"chullbull pet products Grooming Gloves for Cat, Dog, Ho...",₹126,,,78% off,https://www.flipkart.com/chullbull-pet-products-grooming-gloves-cat-dog-horse-cow-rabbit/p/itmaa4054166fb88?pid=PGGGTHNGSDCV2QAM&lid=LSTPGGGTHNGSDCV2QAMBMVYSC&marketplace=FLIPKART&q=pet+products&store=p3t&srno=s_1_39&otracker=search&fm=organic&iid=6a2fcac2-0643-4019-9067-781438776d05.PGGGTHNGSDCV2QAM.SEARCH&ppt=None&ppn=None&ssid=a8xanuw90w0000001780721924741&qH=0b3cad6c322744d3&ov_redirect=true&ov_redirect=true,https://rukminim2.flixcart.com/image/612/612/kxjav0w0/pet-grooming-glove/8/j/n/1-pet-grooming-and-deshedding-brush-hair-massager-groomer-glove-original-imag9yx2t5yqhubg.jpeg?q=70
chullbull pet products Dog Bath Pet cleaning Supplies P...,₹126,3.7,(3),68% off,https://www.flipkart.com/chullbull-pet-products-dog-bath-cleaning-supplies-glove-accessories-basic-grooming-gloves-dog-cat-donkey/p/itmad6bbe878e1e7?pid=PGGGUHQFHHZP2HNG&lid=LSTPGGGUHQFHHZP2HNGCFQ92H&marketplace=FLIPKART&q=pet+products&store=p3t&srno=s_1_40&otracker=search&fm=organic&iid=6a2fcac2-0643-4019-9067-781438776d05.PGGGUHQFHHZP2HNG.SEARCH&ppt=None&ppn=None&ssid=a8xanuw90w0000001780721924741&qH=0b3cad6c322744d3&ov_redirect=true&ov_redirect=true,https://rukminim2.flixcart.com/image/612/612/jylvde80/pet-grooming-glove/n/z/w/dog-bath-pet-cleaning-fashionhike-original-imafhvrb4zsqrgt5.jpeg?q=70
Fur Ball Story Digestive Care Liquid,₹171,4.7,(345),24% off,https://www.flipkart.com/fur-ball-story-digestive-care-liquid/p/itmc859545c30955?pid=PMDH2GT2KRTAMHCT&lid=LSTPMDH2GT2KRTAMHCTLO3HSS&marketplace=FLIPKART&q=pet+products&store=p3t&srno=s_2_41&otracker=search&iid=en_vsd2fEhpN7Iu2Q5wG9Ok1lcdsoKuQ6HLUtdUxHToikn20MN5yC-CvRg7CQbwNzIDO3nbYAUQE8m2_jCLtZETQg%3D%3D&ssid=w1p34dc32o0000001780721993447&qH=0b3cad6c322744d3&ov_redirect=true&ov_redirect=true,https://rukminim2.flixcart.com/image/612/612/xif0q/pet-medication/p/d/q/-original-imahgmhfyzfumhse.jpeg?q=70
Petroyale Digestive Probiotics Supplement Improves Gut ...,₹512,4.7,(41),21% off,https://www.flipkart.com/petroyale-digestive-probiotics-supplement-improves-gut-health-indigestion-pet-supplements/p/itm6d4434d248477?pid=PHSH3ZZHTFBRD3Q8&lid=LSTPHSH3ZZHTFBRD3Q8ZAOCTU&marketplace=FLIPKART&q=pet+products&store=p3t&srno=s_2_42&otracker=search&iid=en_vsd2fEhpN7Iu2Q5wG9Ok1lcdsoKuQ6HLUtdUxHToiknK2nmaonTPVO6v8ASoqKdaN-zYRF3_GzGNoDybsf9YnQ%3D%3D&ssid=w1p34dc32o0000001780721993447&qH=0b3cad6c322744d3&ov_redirect=true&ov_redirect=true,https://rukminim2.flixcart.com/image/612/612/xif0q/pet-health-supplement/s/6/r/100-digestive-probiotics-supplement-improves-gut-health-original-imahmsjp8ybzn8en.jpeg?q=70
"Pet Life Furry Fresh Skin & Hair Care Kit for Dog, Pupp...",₹252,2,(2),49% off,https://www.flipkart.com/pet-life-furry-fresh-skin-hair-care-kit-dog-puppy-refreshing-fall-control-conditioning-anti-itching-allergy-relief-fresh-dog-labrador-shih-tzu-all-breed-shampoo/p/itmcbf6d5ab79b7d?pid=PSOH6MSK5VHG9VPF&lid=LSTPSOH6MSK5VHG9VPFF555VX&marketplace=FLIPKART&q=pet+products&store=p3t&srno=s_2_43&otracker=search&iid=31c9b705-656d-4510-8b14-f5c384d4f12a.PSOH6MSK5VHG9VPF.SEARCH&ssid=w1p34dc32o0000001780721993447&qH=0b3cad6c322744d3&ov_redirect=true&ov_redirect=true,https://rukminim2.flixcart.com/image/612/612/xif0q/pet-shampoo/v/i/t/180-6165-furry-fresh-kit-for-dogs-pet-life-original-imah7rrusn8e9n4x.jpeg?q=70
chullbull pet products Cat Buckle Harness Full Body Wit...,₹268,,,46% off,https://www.flipkart.com/chullbull-pet-products-cat-buckle-harness-full-body-leash-double-sided-hair-grooming-pets-comb-leash/p/itmcccfd6081dce4?pid=PCLGZJ56JM5MYMVM&lid=LSTPCLGZJ56JM5MYMVMDZLK8L&marketplace=FLIPKART&q=pet+products&store=p3t&srno=s_2_44&otracker=search&iid=31c9b705-656d-4510-8b14-f5c384d4f12a.PCLGZJ56JM5MYMVM.SEARCH&ssid=w1p34dc32o0000001780721993447&qH=0b3cad6c322744d3&ov_redirect=true&ov_redirect=true,https://rukminim2.flixcart.com/image/612/612/xif0q/pet-collar-harness/4/6/4/extra-small-27-chullbull-pet-products-original-imagzj56bzsjgzvh.jpeg?q=70
chullbull pet products Cat Buckle Harness Full Body Wit...,₹250,,,49% off,https://www.flipkart.com/chullbull-pet-products-cat-buckle-harness-full-body-leash-double-sided-hair-grooming-pets-comb-leash/p/itmea3b60468d597?pid=PCLGZJ56QPGYCGVF&lid=LSTPCLGZJ56QPGYCGVF64ZNV0&marketplace=FLIPKART&q=pet+products&store=p3t&srno=s_2_45&otracker=search&iid=31c9b705-656d-4510-8b14-f5c384d4f12a.PCLGZJ56QPGYCGVF.SEARCH&ssid=w1p34dc32o0000001780721993447&qH=0b3cad6c322744d3&ov_redirect=true&ov_redirect=true,https://rukminim2.flixcart.com/image/612/612/xif0q/pet-collar-harness/x/w/q/extra-small-30-chullbull-pet-products-original-imagzj56rd5ybt7y.jpeg?q=70
chullbull pet products Dog Collar & Leash,₹267,3.8,(18),66% off,https://www.flipkart.com/chullbull-pet-products-dog-collar-leash/p/itm2e2c8df14a1aa?pid=PCLGTBHREJ7YZSC9&lid=LSTPCLGTBHREJ7YZSC9YZVXG7&marketplace=FLIPKART&q=pet+products&store=p3t&srno=s_2_46&otracker=search&iid=31c9b705-656d-4510-8b14-f5c384d4f12a.PCLGTBHREJ7YZSC9.SEARCH&ssid=w1p34dc32o0000001780721993447&qH=0b3cad6c322744d3&ov_redirect=true&ov_redirect=true,https://rukminim2.flixcart.com/image/612/612/xif0q/pet-collar-harness/t/p/q/extra-large-1-2-inch-c-l-red-chullbull-pet-products-original-imah4g3duruqrkxe.jpeg?q=70
"DR. Boro (Combo 4) Allergy Relief, Conditioning, Anti-f...",₹162,4.4,(35),89% off,https://www.flipkart.com/dr-boro-combo-4-allergy-relief-conditioning-anti-fungal-anti-microbial-pet-care-650-ml-coat-cleanser/p/itmf756d009c9bb9?pid=PETHGXSZSGJBR5UA&lid=LSTPETHGXSZSGJBR5UA8MAQD1&marketplace=FLIPKART&q=pet+products&store=p3t&srno=s_2_47&otracker=search&iid=en_vsd2fEhpN7Iu2Q5wG9Ok1lcdsoKuQ6HLUtdUxHToikkKOuLvqmVVy9wQDZbbx4nHG233jqqihyiAChndO8OOQg%3D%3D&ssid=w1p34dc32o0000001780721993447&qH=0b3cad6c322744d3&ov_redirect=true&ov_redirect=true,https://rukminim2.flixcart.com/image/612/612/xif0q/pet-cleanser/s/v/o/650-combo-of-4-pet-care-item-dr-boro-original-imahgxszkqh9zyhb.jpeg?q=70
Dogsee Chew Dogsee Chew Cheese Dog Treat,₹146,4,(455),26% off,https://www.flipkart.com/dogsee-chew-cheese-dog-treat/p/itmfgbh7yg9rhudh?pid=PTTH6G5YAVQH2JM7&lid=LSTPTTH6G5YAVQH2JM7NIZATG&marketplace=FLIPKART&q=pet+products&store=p3t&srno=s_2_48&otracker=search&iid=en_vsd2fEhpN7Iu2Q5wG9Ok1lcdsoKuQ6HLUtdUxHToikn2vJivI2kC85Mroo01ypkY4skLX3YwbelZMs2VLdN6Aw%3D%3D&ssid=w1p34dc32o0000001780721993447&qH=0b3cad6c322744d3&ov_redirect=true&ov_redirect=true,https://rukminim2.flixcart.com/image/612/612/xif0q/pet-treat/r/h/x/100-dog-3-small-p1-dogsee-chew-original-imah6jygjnh42jdy.jpeg?q=70
"DC Pet Products Basic Comb for Dog & Cat, Horse, Rabbi...",₹123,,,58% off,https://www.flipkart.com/dc-pet-products-basic-comb-dog-cat-horse-rabbit/p/itmbbe93eafd9449?pid=PCBHMNZUJ74YHZXC&lid=LSTPCBHMNZUJ74YHZXCHSYHRP&marketplace=FLIPKART&q=pet+products&store=p3t&srno=s_2_49&otracker=search&iid=31c9b705-656d-4510-8b14-f5c384d4f12a.PCBHMNZUJ74YHZXC.SEARCH&ssid=w1p34dc32o0000001780721993447&qH=0b3cad6c322744d3&ov_redirect=true&ov_redirect=true,https://rukminim2.flixcart.com/image/612/612/xif0q/pet-comb-brush/5/p/m/medium-plmbrsh1-dc-pet-products-original-imahmnzsd6uvaygh.jpeg?q=70
chullbull pet products 310771 Pet Spa Kit,₹195,,,67% off,https://www.flipkart.com/chullbull-pet-products-310771-spa-kit/p/itmb26f467b9130c?pid=PSKGZV9ETYPYZZEY&lid=LSTPSKGZV9ETYPYZZEY2JDLEV&marketplace=FLIPKART&q=pet+products&store=p3t&srno=s_2_50&otracker=search&iid=31c9b705-656d-4510-8b14-f5c384d4f12a.PSKGZV9ETYPYZZEY.SEARCH&ssid=w1p34dc32o0000001780721993447&qH=0b3cad6c322744d3&ov_redirect=true&ov_redirect=true,https://rukminim2.flixcart.com/image/612/612/xif0q/pet-comb-brush/2/n/z/medium-310771-jazzyhood-original-imagmkfwgfpwkysm.jpeg?q=70
"Georgic Proteina Muscle Builder for Dogs | Weight Gain,...",₹369,5,(3),26% off,https://www.flipkart.com/georgic-proteina-muscle-builder-dogs-weight-gain-energy-stamina-growth-pet-health-supplements/p/itmdb1669ef7c125?pid=PHSHHGNTMKFZSEBY&lid=LSTPHSHHGNTMKFZSEBYSDQA64&marketplace=FLIPKART&q=pet+products&store=p3t&srno=s_2_51&otracker=search&iid=en_vsd2fEhpN7Iu2Q5wG9Ok1lcdsoKuQ6HLUtdUxHToikmuDKfqIEqGgC7F0a0lf7C_HcIPNinxFgBBPEz7PzyjDA%3D%3D&ssid=w1p34dc32o0000001780721993447&qH=0b3cad6c322744d3&ov_redirect=true&ov_redirect=true,https://rukminim2.flixcart.com/image/612/612/xif0q/pet-health-supplement/q/p/b/150-proteina-dog-supplement-supports-energy-stamina-georgic-original-imahhykw8gkfztgg.jpeg?q=70
"Petroyale Allergy & Itch Chews for Dogs, Relief from Al...",₹379,3.9,(48),15% off,https://www.flipkart.com/petroyale-allergy-itch-chews-dogs-relief-allergies-hot-spots-dry-skin-pet-health-supplements/p/itm166a78c077518?pid=PHSH4NEDHCQFTWYB&lid=LSTPHSH4NEDHCQFTWYBIA1DKT&marketplace=FLIPKART&q=pet+products&store=p3t&srno=s_2_52&otracker=search&iid=en_vsd2fEhpN7Iu2Q5wG9Ok1lcdsoKuQ6HLUtdUxHToikkFhoccnmTNA-eEEXV2zndxXrre9Aser5PVFBEPxbqdpg%3D%3D&ssid=w1p34dc32o0000001780721993447&qH=0b3cad6c322744d3&ov_redirect=true&ov_redirect=true,https://rukminim2.flixcart.com/image/612/612/xif0q/pet-health-supplement/s/k/j/20-allergy-itch-chews-for-dogs-relief-from-allergies-hot-spots-original-imahmrezwkqhezw5.jpeg?q=70
Unik Dog Pet Food Calcium Treat Healthy Chicken Puppy D...,₹212,3.8,(17),57% off,https://www.flipkart.com/unik-dog-pet-food-calcium-treat-healthy-chicken-puppy-biscuits-pressed-bone-0-25-kg-3x0-08-kg-dry-new-born/p/itm3e71007f145a3?pid=PFDGFZTSYW8WJMDH&lid=LSTPFDGFZTSYW8WJMDHEDSRWM&marketplace=FLIPKART&q=pet+products&store=p3t&srno=s_2_53&otracker=search&iid=31c9b705-656d-4510-8b14-f5c384d4f12a.PFDGFZTSYW8WJMDH.SEARCH&ssid=w1p34dc32o0000001780721993447&qH=0b3cad6c322744d3&ov_redirect=true&ov_redirect=true,https://rukminim2.flixcart.com/image/612/612/l59xq4w0/pet-food/e/e/g/0-5-dog-3-unik-puppy-chic-bis-500gm-5in-bone-2-01-unik-original-imagfzts8jjxxhbm.jpeg?q=70
"chullbull pet products Milky Dog Biscuit For Puppy, Adu...",₹138,,,76% off,https://www.flipkart.com/chullbull-pet-products-milky-dog-biscuit-puppy-adult-training-treat-spinach-mutton-chicken-egg/p/itm29a7feb6f8a2b?pid=PTTHBZVZV8RVYDQ4&lid=LSTPTTHBZVZV8RVYDQ44EPW15&marketplace=FLIPKART&q=pet+products&store=p3t&srno=s_2_54&otracker=search&iid=31c9b705-656d-4510-8b14-f5c384d4f12a.PTTHBZVZV8RVYDQ4.SEARCH&ssid=w1p34dc32o0000001780721993447&qH=0b3cad6c322744d3&ov_redirect=true&ov_redirect=true,https://rukminim2.flixcart.com/image/612/612/xif0q/pet-treat/v/l/3/1-dog-1-tasty-dog-treat-chullbull-pet-products-original-imahbkhvzawnpzu4.jpeg?q=70
Papa Pawsome Pomeranian Complete Pet Spa Kit,"₹1,307",,,27% off,https://www.flipkart.com/papa-pawsome-pomeranian-complete-pet-spa-kit/p/itmb767541d49974?pid=PSKGKF9YN9NMA5JR&lid=LSTPSKGKF9YN9NMA5JRWZSVH8&marketplace=FLIPKART&q=pet+products&store=p3t&srno=s_2_55&otracker=search&iid=31c9b705-656d-4510-8b14-f5c384d4f12a.PSKGKF9YN9NMA5JR.SEARCH&ssid=w1p34dc32o0000001780721993447&qH=0b3cad6c322744d3&ov_redirect=true&ov_redirect=true,https://rukminim2.flixcart.com/image/612/612/xif0q/pet-shampoo/o/a/2/250-pomeranian-complete-kit-papa-pawsome-original-imagkfyhkdghpju7.jpeg?q=70
Papa Pawsome Husky Complete Pet Spa Kit,"₹1,263",,,29% off,https://www.flipkart.com/papa-pawsome-husky-complete-pet-spa-kit/p/itm3006f207b38a6?pid=PSKGKF9Y9WDW5KQM&lid=LSTPSKGKF9Y9WDW5KQMGGJVLR&marketplace=FLIPKART&q=pet+products&store=p3t&srno=s_2_56&otracker=search&iid=31c9b705-656d-4510-8b14-f5c384d4f12a.PSKGKF9Y9WDW5KQM.SEARCH&ssid=w1p34dc32o0000001780721993447&qH=0b3cad6c322744d3&ov_redirect=true&ov_redirect=true,https://rukminim2.flixcart.com/image/612/612/xif0q/pet-shampoo/q/b/p/250-husky-complete-kit-papa-pawsome-original-imagkfyhagcyxyph.jpeg?q=70
Fur Ball Story Dermaprove Ayurvedic Herbal Formula Dog ...,₹377,4.7,(719),24% off,https://www.flipkart.com/fur-ball-story-dermaprove-ayurvedic-herbal-formula-dog-shampoo-rosemary-neem-oil-aloevera-itch-relief-anti-dandruff-anti-bacterial-anti-fungal-anti-microbial-mild/p/itm4f12d039fa281?pid=PSOH7HY4WWYZTJWG&lid=LSTPSOH7HY4WWYZTJWGCZWZON&marketplace=FLIPKART&q=pet+products&store=p3t&srno=s_2_57&otracker=search&iid=en_vsd2fEhpN7Iu2Q5wG9Ok1lcdsoKuQ6HLUtdUxHToiklnmq3dZA4qZArEaR-ogcs7zjeMp9tNSEaqSNIqeejwiQ%3D%3D&ssid=w1p34dc32o0000001780721993447&qH=0b3cad6c322744d3&ov_redirect=true&ov_redirect=true,https://rukminim2.flixcart.com/image/612/612/xif0q/pet-shampoo/s/g/7/300-dermaprove-vet-recommended-ayurvedic-antifungal-rosemary-oil-original-imahm9zxnxa9fu2h.jpeg?q=70
chullbull pet products Steel Pet Bowl & Bottle,₹203,,,70% off,https://www.flipkart.com/chullbull-pet-products-steel-bowl-bottle/p/itm2b7d5298c010f?pid=PBLGXNAYZKXMDFSH&lid=LSTPBLGXNAYZKXMDFSHJANOEY&marketplace=FLIPKART&q=pet+products&store=p3t&srno=s_2_58&otracker=search&iid=31c9b705-656d-4510-8b14-f5c384d4f12a.PBLGXNAYZKXMDFSH.SEARCH&ssid=w1p34dc32o0000001780721993447&qH=0b3cad6c322744d3&ov_redirect=true&ov_redirect=true,https://rukminim2.flixcart.com/image/612/612/l4n2oi80/pet-bowl-bottle/n/7/u/dog-food-and-water-bowl-for-medium-and-large-size-dog-medium-original-imagfhp4zwqp2xyd.jpeg?q=70
chullbull pet products Basic Comb for Dog & Cat,₹103,,,87% off,https://www.flipkart.com/chullbull-pet-products-basic-comb-dog-cat/p/itm8254661ea19d1?pid=PCBGZHUDEVBGRYYP&lid=LSTPCBGZHUDEVBGRYYP426O9G&marketplace=FLIPKART&q=pet+products&store=p3t&srno=s_2_59&otracker=search&iid=31c9b705-656d-4510-8b14-f5c384d4f12a.PCBGZHUDEVBGRYYP.SEARCH&ssid=w1p34dc32o0000001780721993447&qH=0b3cad6c322744d3&ov_redirect=true&ov_redirect=true,https://rukminim2.flixcart.com/image/612/612/xif0q/pet-comb-brush/n/i/6/medium-bod-brush2-chullbull-pet-products-original-imagzhud4xj7swuu.jpeg?q=70
"chullbull pet products Basic Comb for Cat, Cow, Dog, D...",₹118,3.7,(7),83% off,https://www.flipkart.com/chullbull-pet-products-basic-comb-cat-cow-dog-dog-donkey-monkey-pony/p/itm25a3592e8d130?pid=PCBGQ77GCZ6QG5VM&lid=LSTPCBGQ77GCZ6QG5VMS3MYZ2&marketplace=FLIPKART&q=pet+products&store=p3t&srno=s_2_60&otracker=search&iid=31c9b705-656d-4510-8b14-f5c384d4f12a.PCBGQ77GCZ6QG5VM.SEARCH&ssid=w1p34dc32o0000001780721993447&qH=0b3cad6c322744d3&ov_redirect=true&ov_redirect=true,https://rukminim2.flixcart.com/image/612/612/xif0q/pet-grooming-glove/d/q/b/1-pet-grooming-brush-pearlsgreen-original-imagmfd65jyfhybf.jpeg?q=70
THE DDS STORE Naturally Organic Dog Shampoo for Dogs Gr...,₹135,3.8,(12),77% off,https://www.flipkart.com/dds-store-naturally-organic-dog-shampoo-dogs-grooming-products-brush-allergy-relief-anti-dandruff-anti-fungal-anti-itching-anti-microbial-flea-tick-black-coat/p/itm2a43dc08cd1bd?pid=PSOGSREWTZM5Y2FX&lid=LSTPSOGSREWTZM5Y2FXIJ0ME8&marketplace=FLIPKART&q=pet+products&store=p3t&srno=s_2_61&otracker=search&iid=31c9b705-656d-4510-8b14-f5c384d4f12a.PSOGSREWTZM5Y2FX.SEARCH&ssid=w1p34dc32o0000001780721993447&qH=0b3cad6c322744d3&ov_redirect=true&ov_redirect=true,https://rukminim2.flixcart.com/image/612/612/xif0q/pet-shampoo/e/v/b/200-dog-shampoo-puppy-shampoo-naturally-organic-dog-shampoo-for-original-imagsrewpa88qpzx.jpeg?q=70
ALTRESSA Good Morning Pet Spray Odour Remover Smell Rem...,₹306,,,23% off,https://www.flipkart.com/altressa-good-morning-pet-spray-odour-remover-smell-deodorizer/p/itme90c1fdb48429?pid=PDZGY95HUWCVW2GN&lid=LSTPDZGY95HUWCVW2GNTBC7EJ&marketplace=FLIPKART&q=pet+products&store=p3t&srno=s_2_62&otracker=search&iid=31c9b705-656d-4510-8b14-f5c384d4f12a.PDZGY95HUWCVW2GN.SEARCH&ssid=w1p34dc32o0000001780721993447&qH=0b3cad6c322744d3&ov_redirect=true&ov_redirect=true,https://rukminim2.flixcart.com/image/612/612/xif0q/pet-deodorizer/h/v/t/200-ps122-2-altressa-original-imagy76rwgyt38y4.jpeg?q=70
PET PERK Soothing Body Mist Perfume For Cats Pet First ...,₹405,,,18% off,https://www.flipkart.com/pet-perk-soothing-body-mist-perfume-cats-first-aid-kit/p/itmc035b137fab46?pid=PAIGXFF7JFYXAJYJ&lid=LSTPAIGXFF7JFYXAJYJHO9GCR&marketplace=FLIPKART&q=pet+products&store=p3t&srno=s_2_63&otracker=search&iid=31c9b705-656d-4510-8b14-f5c384d4f12a.PAIGXFF7JFYXAJYJ.SEARCH&ssid=w1p34dc32o0000001780721993447&qH=0b3cad6c322744d3&ov_redirect=true&ov_redirect=true,https://rukminim2.flixcart.com/image/612/612/xif0q/pet-first-aid-kit/o/s/m/1-soothing-body-mist-perfume-for-cats-pet-perk-original-imah7ss7exgmkdzs.jpeg?q=70
"chullbull pet products 2 Pack Dog Grooming Brush, Premi...",₹158,,,73% off,https://www.flipkart.com/chullbull-pet-products-2-pack-dog-grooming-brush-premium-bath-soothing-massage-rubber-comb-basic-cat-dog-guinea-pig-hamster-rabbit/p/itm1df7c25170d88?pid=PCBGUJYZZVDP29AG&lid=LSTPCBGUJYZZVDP29AGMJE8BI&marketplace=FLIPKART&q=pet+products&store=p3t&srno=s_2_64&otracker=search&iid=31c9b705-656d-4510-8b14-f5c384d4f12a.PCBGUJYZZVDP29AG.SEARCH&ssid=w1p34dc32o0000001780721993447&qH=0b3cad6c322744d3&ov_redirect=true&ov_redirect=true,https://rukminim2.flixcart.com/image/612/612/xif0q/pet-comb-brush/n/p/n/medium-2-pack-dog-grooming-brush-premium-pet-bath-brush-soothing-original-imagujyzgym9defs.jpeg?q=70
chullbull pet products Slicker Dog Comb: Daily Grooming...,₹157,,,73% off,https://www.flipkart.com/chullbull-pet-products-slicker-dog-comb-daily-grooming-clean-happy-pets-brushes-cat/p/itm4f090d208bb68?pid=PCBHHGKY7WMACZJH&lid=LSTPCBHHGKY7WMACZJHILDPE9&marketplace=FLIPKART&q=pet+products&store=p3t&srno=s_2_65&otracker=search&iid=31c9b705-656d-4510-8b14-f5c384d4f12a.PCBHHGKY7WMACZJH.SEARCH&ssid=w1p34dc32o0000001780721993447&qH=0b3cad6c322744d3&ov_redirect=true&ov_redirect=true,https://rukminim2.flixcart.com/image/612/612/xif0q/pet-comb-brush/a/n/9/medium-pets-grooming-brush-chullbull-pet-products-original-imahhgky5cxphxap.jpeg?q=70
chullbull pet products Pets Flea Comb for Cat & Dog For...,₹126,,,78% off,https://www.flipkart.com/chullbull-pet-products-pets-flea-comb-cat-dog-removing-fleas-basic-cat-dog-mouse-hamster/p/itme516e1f9af3ba?pid=PCBHHGKYFVE8WDKM&lid=LSTPCBHHGKYFVE8WDKMVTBYPE&marketplace=FLIPKART&q=pet+products&store=p3t&srno=s_2_66&otracker=search&iid=31c9b705-656d-4510-8b14-f5c384d4f12a.PCBHHGKYFVE8WDKM.SEARCH&ssid=w1p34dc32o0000001780721993447&qH=0b3cad6c322744d3&ov_redirect=true&ov_redirect=true,https://rukminim2.flixcart.com/image/612/612/xif0q/pet-comb-brush/1/g/w/large-grooming-tool-for-pets-chullbull-pet-products-original-imahhgkytjvbnxne.jpeg?q=70
"chullbull pet products Pets brush Basic Comb for Dog, ...",₹127,,,78% off,https://www.flipkart.com/chullbull-pet-products-pets-brush-basic-comb-dog-cat-dog-rabbit/p/itm7e2c4c219ae61?pid=PCBGUGWWVRHEH2HH&lid=LSTPCBGUGWWVRHEH2HHNKCSSF&marketplace=FLIPKART&q=pet+products&store=p3t&srno=s_2_67&otracker=search&iid=31c9b705-656d-4510-8b14-f5c384d4f12a.PCBGUGWWVRHEH2HH.SEARCH&ssid=w1p34dc32o0000001780721993447&qH=0b3cad6c322744d3&ov_redirect=true&ov_redirect=true,https://rukminim2.flixcart.com/image/612/612/xif0q/pet-comb-brush/1/f/o/medium-pet-shampoo-washing-soothing-massage-rubber-bristles-hand-original-imagugwvkca2ykd6.jpeg?q=70
chullbull pet products Basic Comb for Dog,₹138,,,76% off,https://www.flipkart.com/chullbull-pet-products-basic-comb-dog/p/itm601fddbdf415d?pid=PCBGR6QSSYUMRHHT&lid=LSTPCBGR6QSSYUMRHHT6PKUJ3&marketplace=FLIPKART&q=pet+products&store=p3t&srno=s_2_68&otracker=search&iid=31c9b705-656d-4510-8b14-f5c384d4f12a.PCBGR6QSSYUMRHHT.SEARCH&ssid=w1p34dc32o0000001780721993447&qH=0b3cad6c322744d3&ov_redirect=true&ov_redirect=true,https://rukminim2.flixcart.com/image/612/612/kt7jv680/pet-comb-brush/e/3/c/rubber-deshedding-dog-bath-hand-band-for-dogs-and-cats-pack-of-3-original-imag6hsrgcd3jpht.jpeg?q=70
chullbull pet products Dog and Cat Plastic Slicker Brus...,₹118,,,70% off,https://www.flipkart.com/chullbull-pet-products-dog-cat-plastic-slicker-brush-press-key-brushes-dog-cat-horse-monkey-cow-rabbit/p/itma5d5e5c792f95?pid=PCBHHGKYSDUHYCYA&lid=LSTPCBHHGKYSDUHYCYA1XYR7O&marketplace=FLIPKART&q=pet+products&store=p3t&srno=s_2_69&otracker=search&iid=31c9b705-656d-4510-8b14-f5c384d4f12a.PCBHHGKYSDUHYCYA.SEARCH&ssid=w1p34dc32o0000001780721993447&qH=0b3cad6c322744d3&ov_redirect=true&ov_redirect=true,https://rukminim2.flixcart.com/image/612/612/xif0q/shopsy-pet-comb-brush/k/w/v/large-pet-grooming-slicker-dogs-cats-rabbit-goat-long-short-hair-original-imah29zz2ykxfvg4.jpeg?q=70
chullbull pet products Stainless Steel Pet Bowl with Re...,₹241,,,65% off,https://www.flipkart.com/chullbull-pet-products-stainless-steel-bowl-removable-rubber-ring-900ml-pet-pack-2/p/itm218baa3242f46?pid=PBLGXSVHFXUMGPPU&lid=LSTPBLGXSVHFXUMGPPU52SB93&marketplace=FLIPKART&q=pet+products&store=p3t&srno=s_2_70&otracker=search&iid=31c9b705-656d-4510-8b14-f5c384d4f12a.PBLGXSVHFXUMGPPU.SEARCH&ssid=w1p34dc32o0000001780721993447&qH=0b3cad6c322744d3&ov_redirect=true&ov_redirect=true,https://rukminim2.flixcart.com/image/612/612/l4n2oi80/pet-bowl-bottle/h/o/j/dog-food-and-water-bowl-for-medium-and-large-size-dog-medium-original-imagfhp4ahgfd3fz.jpeg?q=70
Papa Pawsome Spitz Complete Pet Spa Kit,"₹1,209",,,32% off,https://www.flipkart.com/papa-pawsome-spitz-complete-pet-spa-kit/p/itm78a1135111a22?pid=PSKGKF9YCXSFHWF3&lid=LSTPSKGKF9YCXSFHWF3YAAAK4&marketplace=FLIPKART&q=pet+products&store=p3t&srno=s_2_71&otracker=search&iid=31c9b705-656d-4510-8b14-f5c384d4f12a.PSKGKF9YCXSFHWF3.SEARCH&ssid=w1p34dc32o0000001780721993447&qH=0b3cad6c322744d3&ov_redirect=true&ov_redirect=true,https://rukminim2.flixcart.com/image/612/612/xif0q/pet-shampoo/u/w/u/250-spitz-complete-kit-papa-pawsome-original-imagkfyhqydshczj.jpeg?q=70
Papa Pawsome Chinuahua Complete Pet Spa Kit,"₹1,224",,,31% off,https://www.flipkart.com/papa-pawsome-chinuahua-complete-pet-spa-kit/p/itmd4c7703fd17a4?pid=PSKGKFA6CK5SZZNX&lid=LSTPSKGKFA6CK5SZZNXUXY3CM&marketplace=FLIPKART&q=pet+products&store=p3t&srno=s_2_72&otracker=search&iid=31c9b705-656d-4510-8b14-f5c384d4f12a.PSKGKFA6CK5SZZNX.SEARCH&ssid=w1p34dc32o0000001780721993447&qH=0b3cad6c322744d3&ov_redirect=true&ov_redirect=true,https://rukminim2.flixcart.com/image/612/612/xif0q/pet-shampoo/v/q/m/250-chinuahua-complete-kit-papa-pawsome-original-imagkfyhvxryskfj.jpeg?q=70
chullbull pet products Plain/ Bristle Brushes for Dog ...,₹126,,,74% off,https://www.flipkart.com/chullbull-pet-products-plain-bristle-brushes-dog-cat-horse-rabbit/p/itm5d86e6a760ebb?pid=PCBGUYPAKUBTXJUF&lid=LSTPCBGUYPAKUBTXJUFGLLKQA&marketplace=FLIPKART&q=pet+products&store=p3t&srno=s_2_73&otracker=search&iid=31c9b705-656d-4510-8b14-f5c384d4f12a.PCBGUYPAKUBTXJUF.SEARCH&ssid=w1p34dc32o0000001780721993447&qH=0b3cad6c322744d3&ov_redirect=true&ov_redirect=true,https://rukminim2.flixcart.com/image/612/612/xif0q/pet-comb-brush/m/d/g/medium-dog-bath-brush-body-scrubber-for-bathing-soft-silicone-original-imagzvhshfzgs7yt.jpeg?q=70
chullbull pet products Dog Bath Brush Body Scrubber Sha...,₹99,,,80% off,https://www.flipkart.com/chullbull-pet-products-dog-bath-brush-body-scrubber-shampoo-dispenser-tick-remover-shower-plain-bristle-brushes/p/itm58a3c7d77a2f4?pid=PCBHHGKYVAGJZ2J3&lid=LSTPCBHHGKYVAGJZ2J3VV1VDG&marketplace=FLIPKART&q=pet+products&store=p3t&srno=s_2_74&otracker=search&iid=31c9b705-656d-4510-8b14-f5c384d4f12a.PCBHHGKYVAGJZ2J3.SEARCH&ssid=w1p34dc32o0000001780721993447&qH=0b3cad6c322744d3&ov_redirect=true&ov_redirect=true,https://rukminim2.flixcart.com/image/612/612/xif0q/pet-comb-brush/v/q/k/medium-serebrum-dog-silicone-rubber-bathing-brush-pet-massage-original-imahhgkygpgasqdy.jpeg?q=70
chullbull pet products Self Cleaning Slicker Brush for ...,₹149,,,75% off,https://www.flipkart.com/chullbull-pet-products-self-cleaning-slicker-brush-dogs-cats-brushes-dog/p/itm7582f8e78ecd0?pid=PCBHHGKYBFZBYBYJ&lid=LSTPCBHHGKYBFZBYBYJXM0MFZ&marketplace=FLIPKART&q=pet+products&store=p3t&srno=s_2_75&otracker=search&iid=31c9b705-656d-4510-8b14-f5c384d4f12a.PCBHHGKYBFZBYBYJ.SEARCH&ssid=w1p34dc32o0000001780721993447&qH=0b3cad6c322744d3&ov_redirect=true&ov_redirect=true,https://rukminim2.flixcart.com/image/612/612/xif0q/pet-comb-brush/n/c/i/medium-self-cleaning-slicker-brush-for-dogs-chullbull-pet-original-imahhgky6ajhbuzc.jpeg?q=70
chullbull pet products Dog Plastic Slicker Brush With P...,₹153,,,69% off,https://www.flipkart.com/chullbull-pet-products-dog-plastic-slicker-brush-press-key-medium-brushes/p/itm68ce74794b228?pid=PCBHHGKYRR6ATFDN&lid=LSTPCBHHGKYRR6ATFDNIYXEFW&marketplace=FLIPKART&q=pet+products&store=p3t&srno=s_2_76&otracker=search&iid=31c9b705-656d-4510-8b14-f5c384d4f12a.PCBHHGKYRR6ATFDN.SEARCH&ssid=w1p34dc32o0000001780721993447&qH=0b3cad6c322744d3&ov_redirect=true&ov_redirect=true,https://rukminim2.flixcart.com/image/612/612/xif0q/pet-comb-brush/h/0/s/large-pet-grooming-slicker-blue-slicker-dogs-cats-rabbit-goat-original-imahhgkyxbzx3a3v.jpeg?q=70
chullbull pet products Pet Flea Comb with Stainless Ste...,₹117,,,88% off,https://www.flipkart.com/chullbull-pet-products-flea-comb-stainless-steel-teeth-grooming-brush-dogs-cat-basic-dog/p/itm0b74a480f9558?pid=PCBHHGKYDMZSHZNQ&lid=LSTPCBHHGKYDMZSHZNQZVYE8A&marketplace=FLIPKART&q=pet+products&store=p3t&srno=s_2_77&otracker=search&iid=31c9b705-656d-4510-8b14-f5c384d4f12a.PCBHHGKYDMZSHZNQ.SEARCH&ssid=w1p34dc32o0000001780721993447&qH=0b3cad6c322744d3&ov_redirect=true&ov_redirect=true,https://rukminim2.flixcart.com/image/612/612/xif0q/pet-comb-brush/k/n/7/medium-pet-flea-comb-chullbull-pet-products-original-imahhgkyehyfxzga.jpeg?q=70
chullbull pet products Dog Plastic Slicker Brush with P...,₹108,,,79% off,https://www.flipkart.com/chullbull-pet-products-dog-plastic-slicker-brush-press-key-brushes-dog-cat/p/itm58182081f04a7?pid=PCBHHGKY8KZSB96U&lid=LSTPCBHHGKY8KZSB96U9ITHBV&marketplace=FLIPKART&q=pet+products&store=p3t&srno=s_2_78&otracker=search&iid=31c9b705-656d-4510-8b14-f5c384d4f12a.PCBHHGKY8KZSB96U.SEARCH&ssid=w1p34dc32o0000001780721993447&qH=0b3cad6c322744d3&ov_redirect=true&ov_redirect=true,https://rukminim2.flixcart.com/image/612/612/xif0q/pet-comb-brush/m/x/x/medium-084-chullbull-pet-products-original-imahhgkywggxpbt4.jpeg?q=70
chullbull pet products SRI Dog Plastic Slicker Brush Wi...,₹103,,,74% off,https://www.flipkart.com/chullbull-pet-products-sri-dog-plastic-slicker-brush-press-key-medium-brushes/p/itm47258afac60e8?pid=PCBHHGKYYXFAXHHP&lid=LSTPCBHHGKYYXFAXHHPLIJ6QR&marketplace=FLIPKART&q=pet+products&store=p3t&srno=s_2_79&otracker=search&iid=31c9b705-656d-4510-8b14-f5c384d4f12a.PCBHHGKYYXFAXHHP.SEARCH&ssid=w1p34dc32o0000001780721993447&qH=0b3cad6c322744d3&ov_redirect=true&ov_redirect=true,https://rukminim2.flixcart.com/image/612/612/xif0q/pet-comb-brush/q/p/0/medium-pa-a505-medium-chullbull-pet-products-original-imahhgkygjnm4b8s.jpeg?q=70
chullbull pet products Dog Hair Comb Brush - Dog Hair C...,₹157,,,84% off,https://www.flipkart.com/chullbull-pet-products-dog-hair-comb-brush-combing-slicker-brushes/p/itmb39d327b3e7c0?pid=PCBHCFX7YTN57H2H&lid=LSTPCBHCFX7YTN57H2HPXVHKC&marketplace=FLIPKART&q=pet+products&store=p3t&srno=s_2_80&otracker=search&iid=31c9b705-656d-4510-8b14-f5c384d4f12a.PCBHCFX7YTN57H2H.SEARCH&ssid=w1p34dc32o0000001780721993447&qH=0b3cad6c322744d3&ov_redirect=true&ov_redirect=true,https://rukminim2.flixcart.com/image/612/612/xif0q/pet-comb-brush/w/a/6/medium-dog-hair-comb-brush-dog-comb-for-hair-dog-hair-brush-original-imahcfx77gsyjgyr.jpeg?q=70
Fur Ball Story Digestive Care Liquid,₹171,4.7,(345),24% off,https://www.flipkart.com/fur-ball-story-digestive-care-liquid/p/itmc859545c30955?pid=PMDH2GT2KRTAMHCT&lid=LSTPMDH2GT2KRTAMHCTLO3HSS&marketplace=FLIPKART&q=pet+products&store=p3t&srno=s_3_81&otracker=search&iid=en_jHMQ1etU-yWautN9imWCABhANb9OPVzofu6Y59Gz4BA0RQ5iEmvuZrenL7iyfJR0O3nbYAUQE8m2_jCLtZETQg%3D%3D&ssid=s1kvva57pc0000001780722004637&qH=0b3cad6c322744d3&ov_redirect=true&ov_redirect=true,https://rukminim2.flixcart.com/image/612/612/xif0q/pet-medication/p/d/q/-original-imahgmhfyzfumhse.jpeg?q=70
Petroyale Digestive Probiotics Supplement Improves Gut ...,₹512,4.7,(41),21% off,https://www.flipkart.com/petroyale-digestive-probiotics-supplement-improves-gut-health-indigestion-pet-supplements/p/itm6d4434d248477?pid=PHSH3ZZHTFBRD3Q8&lid=LSTPHSH3ZZHTFBRD3Q8ZAOCTU&marketplace=FLIPKART&q=pet+products&store=p3t&srno=s_3_82&otracker=search&iid=en_jHMQ1etU-yWautN9imWCABhANb9OPVzofu6Y59Gz4BD_TwBSPEza75VLPiqAaMvBN-zYRF3_GzGNoDybsf9YnQ%3D%3D&ssid=s1kvva57pc0000001780722004637&qH=0b3cad6c322744d3&ov_redirect=true&ov_redirect=true,https://rukminim2.flixcart.com/image/612/612/xif0q/pet-health-supplement/s/6/r/100-digestive-probiotics-supplement-improves-gut-health-original-imahmsjp8ybzn8en.jpeg?q=70
chullbull pet products PP-001 pet comb blue Slicker Bru...,₹129,,,74% off,https://www.flipkart.com/chullbull-pet-products-pp-001-comb-blue-slicker-brushes-dog-cat-dog-hamster-cat/p/itmdda6abedf90d8?pid=PCBHHGKYKG7DXZJX&lid=LSTPCBHHGKYKG7DXZJXTD7YFR&marketplace=FLIPKART&q=pet+products&store=p3t&srno=s_3_83&otracker=search&iid=c0ede076-a1db-4d45-a499-af5f04f904ba.PCBHHGKYKG7DXZJX.SEARCH&ssid=s1kvva57pc0000001780722004637&qH=0b3cad6c322744d3&ov_redirect=true&ov_redirect=true,https://rukminim2.flixcart.com/image/612/612/xif0q/pet-comb-brush/s/g/5/medium-pp001-pet-slicker-brushes-and-basic-comb-for-dog-cat-original-imahhgkyuvcfeweb.jpeg?q=70
"chullbull pet products Pet Grooming Kit -PALM GLOVES ,D...",₹214,,,64% off,https://www.flipkart.com/chullbull-pet-products-grooming-kit-palm-gloves-d-sheeding-gloves-shampoo-brush-pack-3-plain-bristle-brushes-dog-cat/p/itmcacb90d298848?pid=PCBHBKJG77BJ7KWS&lid=LSTPCBHBKJG77BJ7KWSU4SJEC&marketplace=FLIPKART&q=pet+products&store=p3t&srno=s_3_84&otracker=search&iid=c0ede076-a1db-4d45-a499-af5f04f904ba.PCBHBKJG77BJ7KWS.SEARCH&ssid=s1kvva57pc0000001780722004637&qH=0b3cad6c322744d3&ov_redirect=true&ov_redirect=true,https://rukminim2.flixcart.com/image/612/612/xif0q/pet-comb-brush/o/z/x/medium-palm-gloves-shampoo-brush-d-sheeding-gloves-chullbull-pet-original-imahbkjgnhwhxan5.jpeg?q=70
chullbull pet products Dog Hair Brush - Dog Hair Comb -...,₹152,,,69% off,https://www.flipkart.com/chullbull-pet-products-dog-hair-brush-comb-grooming-slicker-brushes-cat/p/itmd202fe9626b23?pid=PCBHHGKYMGR2YZYV&lid=LSTPCBHHGKYMGR2YZYVUVWXZ5&marketplace=FLIPKART&q=pet+products&store=p3t&srno=s_3_85&otracker=search&iid=c0ede076-a1db-4d45-a499-af5f04f904ba.PCBHHGKYMGR2YZYV.SEARCH&ssid=s1kvva57pc0000001780722004637&qH=0b3cad6c322744d3&ov_redirect=true&ov_redirect=true,https://rukminim2.flixcart.com/image/612/612/xif0q/pet-comb-brush/v/w/b/medium-dog-hair-brush-chullbull-pet-products-original-imahhgky5jpdn84z.jpeg?q=70
chullbull pet products Pet Hair Grooming and Bathing br...,₹115,,,71% off,https://www.flipkart.com/chullbull-pet-products-hair-grooming-bathing-brush-all-breeds-basic-comb-dog-cat/p/itmf66a7d1bfe4bc?pid=PCBHHGKYWTQYE5QF&lid=LSTPCBHHGKYWTQYE5QFTFMTMZ&marketplace=FLIPKART&q=pet+products&store=p3t&srno=s_3_86&otracker=search&iid=c0ede076-a1db-4d45-a499-af5f04f904ba.PCBHHGKYWTQYE5QF.SEARCH&ssid=s1kvva57pc0000001780722004637&qH=0b3cad6c322744d3&ov_redirect=true&ov_redirect=true,https://rukminim2.flixcart.com/image/612/612/xif0q/pet-comb-brush/l/6/n/medium-gl-1-chullbull-pet-products-original-imahhgky36mjyqgb.jpeg?q=70
"DR. Boro (Combo 4) Allergy Relief, Conditioning, Anti-f...",₹162,4.4,(35),89% off,https://www.flipkart.com/dr-boro-combo-4-allergy-relief-conditioning-anti-fungal-anti-microbial-pet-care-650-ml-coat-cleanser/p/itmf756d009c9bb9?pid=PETHGXSZSGJBR5UA&lid=LSTPETHGXSZSGJBR5UA8MAQD1&marketplace=FLIPKART&q=pet+products&store=p3t&srno=s_3_87&otracker=search&iid=en_jHMQ1etU-yWautN9imWCABhANb9OPVzofu6Y59Gz4BCMZPYY1gUc7ax1G_hfT9byG233jqqihyiAChndO8OOQg%3D%3D&ssid=s1kvva57pc0000001780722004637&qH=0b3cad6c322744d3&ov_redirect=true&ov_redirect=true,https://rukminim2.flixcart.com/image/612/612/xif0q/pet-cleanser/s/v/o/650-combo-of-4-pet-care-item-dr-boro-original-imahgxszkqh9zyhb.jpeg?q=70
"Georgic Proteina Muscle Builder for Dogs | Weight Gain,...",₹369,5,(3),26% off,https://www.flipkart.com/georgic-proteina-muscle-builder-dogs-weight-gain-energy-stamina-growth-pet-health-supplements/p/itmdb1669ef7c125?pid=PHSHHGNTMKFZSEBY&lid=LSTPHSHHGNTMKFZSEBYSDQA64&marketplace=FLIPKART&q=pet+products&store=p3t&srno=s_3_88&otracker=search&iid=en_jHMQ1etU-yWautN9imWCABhANb9OPVzofu6Y59Gz4BAX3OMwDXf-j41G8bxXV8iOj-bidQS0ZqTGFlFJviCfmQ%3D%3D&ssid=s1kvva57pc0000001780722004637&qH=0b3cad6c322744d3&ov_redirect=true&ov_redirect=true,https://rukminim2.flixcart.com/image/612/612/xif0q/pet-health-supplement/q/p/b/150-proteina-dog-supplement-supports-energy-stamina-georgic-original-imahhykw8gkfztgg.jpeg?q=70
chullbull pet products DeShedding Mat&Tangled Hair.Brus...,₹170,,,82% off,https://www.flipkart.com/chullbull-pet-products-deshedding-mat-tangled-hair-brush-grooming-short-long-haired-slicker-brushes-dog-cat-dog-guinea-pig-hamster-rabbit/p/itm72803532e0859?pid=PCBHCFWSPAVCEPHU&lid=LSTPCBHCFWSPAVCEPHUVOXO9Y&marketplace=FLIPKART&q=pet+products&store=p3t&srno=s_3_89&otracker=search&iid=c0ede076-a1db-4d45-a499-af5f04f904ba.PCBHCFWSPAVCEPHU.SEARCH&ssid=s1kvva57pc0000001780722004637&qH=0b3cad6c322744d3&ov_redirect=true&ov_redirect=true,https://rukminim2.flixcart.com/image/612/612/xif0q/pet-comb-brush/q/0/g/large-self-cleaning-slicker-brush-dog-brush-cat-brush-shedding-original-imahcfwskhns8hvq.jpeg?q=70
chullbull pet products Dog Bath Kit ( Pack of 3 ) Paw C...,₹309,,,55% off,https://www.flipkart.com/chullbull-pet-products-dog-bath-kit-pack-3-paw-cleaner-brush-shampoo-slicker-brushes/p/itm243eff8d079fa?pid=PCBHHGKYFATZRFC3&lid=LSTPCBHHGKYFATZRFC3KBUNZF&marketplace=FLIPKART&q=pet+products&store=p3t&srno=s_3_90&otracker=search&iid=c0ede076-a1db-4d45-a499-af5f04f904ba.PCBHHGKYFATZRFC3.SEARCH&ssid=s1kvva57pc0000001780722004637&qH=0b3cad6c322744d3&ov_redirect=true&ov_redirect=true,https://rukminim2.flixcart.com/image/612/612/xif0q/pet-comb-brush/j/h/m/medium-dog-bath-kit-pack-of-3-chullbull-pet-products-original-imahhgky5xek4fzx.jpeg?q=70
"Petroyale Allergy & Itch Chews for Dogs, Relief from Al...",₹379,3.9,(48),15% off,https://www.flipkart.com/petroyale-allergy-itch-chews-dogs-relief-allergies-hot-spots-dry-skin-pet-health-supplements/p/itm166a78c077518?pid=PHSH4NEDHCQFTWYB&lid=LSTPHSH4NEDHCQFTWYBIA1DKT&marketplace=FLIPKART&q=pet+products&store=p3t&srno=s_3_91&otracker=search&iid=en_jHMQ1etU-yWautN9imWCABhANb9OPVzofu6Y59Gz4BDS4U7yz3t1-WzgNb5hvn6Q0AyVIdb2dbiSknzw1fZvUw%3D%3D&ssid=s1kvva57pc0000001780722004637&qH=0b3cad6c322744d3&ov_redirect=true&ov_redirect=true,https://rukminim2.flixcart.com/image/612/612/xif0q/pet-health-supplement/s/k/j/20-allergy-itch-chews-for-dogs-relief-from-allergies-hot-spots-original-imahmrezwkqhezw5.jpeg?q=70
Dogsee Chew Dogsee Chew Cheese Dog Treat,₹146,4,(455),26% off,https://www.flipkart.com/dogsee-chew-cheese-dog-treat/p/itmfgbh7yg9rhudh?pid=PTTH6G5YAVQH2JM7&lid=LSTPTTH6G5YAVQH2JM7NIZATG&marketplace=FLIPKART&q=pet+products&store=p3t&srno=s_3_92&otracker=search&iid=en_jHMQ1etU-yWautN9imWCABhANb9OPVzofu6Y59Gz4BANWfEZQFc6_TEAEHJR7xLv1s7lFcfy_Pp0zL5wyqzKEQ%3D%3D&ssid=s1kvva57pc0000001780722004637&qH=0b3cad6c322744d3&ov_redirect=true&ov_redirect=true,https://rukminim2.flixcart.com/image/612/612/xif0q/pet-treat/r/h/x/100-dog-3-small-p1-dogsee-chew-original-imah6jygjnh42jdy.jpeg?q=70
chullbull pet products Dog Hair Brush Combo | Pet Hair ...,₹158,,,73% off,https://www.flipkart.com/chullbull-pet-products-dog-hair-brush-combo-slicker-brushes-cat/p/itmc728946104292?pid=PCBHHGKYG2RDHD4H&lid=LSTPCBHHGKYG2RDHD4H4HOMXN&marketplace=FLIPKART&q=pet+products&store=p3t&srno=s_3_93&otracker=search&iid=c0ede076-a1db-4d45-a499-af5f04f904ba.PCBHHGKYG2RDHD4H.SEARCH&ssid=s1kvva57pc0000001780722004637&qH=0b3cad6c322744d3&ov_redirect=true&ov_redirect=true,https://rukminim2.flixcart.com/image/612/612/xif0q/pet-comb-brush/t/5/9/medium-dog-hair-brush-dog-bath-brush-combo-chullbull-pet-original-imahhgkym3s2k5vp.jpeg?q=70
chullbull pet products Curry Comb for Dog,₹108,,,72% off,https://www.flipkart.com/chullbull-pet-products-curry-comb-dog/p/itm7696c4e7907a4?pid=PCBHHGKYBHHHS4G5&lid=LSTPCBHHGKYBHHHS4G5ZQUQMH&marketplace=FLIPKART&q=pet+products&store=p3t&srno=s_3_94&otracker=search&iid=c0ede076-a1db-4d45-a499-af5f04f904ba.PCBHHGKYBHHHS4G5.SEARCH&ssid=s1kvva57pc0000001780722004637&qH=0b3cad6c322744d3&ov_redirect=true&ov_redirect=true,https://rukminim2.flixcart.com/image/612/612/xif0q/pet-comb-brush/s/i/w/medium-pet-shampoo-brush-soothing-massage-rubber-bristles-curry-original-imahhgkyrqxxprk7.jpeg?q=70
chullbull pet products Dog Bath Brush Body Scrubber Sha...,₹98,,,83% off,https://www.flipkart.com/chullbull-pet-products-dog-bath-brush-body-scrubber-shampoo-dispenser-tick-remover-shower-plain-bristle-brushes/p/itmbd6533ba41c3a?pid=PCBGMH48HD5AVUFJ&lid=LSTPCBGMH48HD5AVUFJURAY05&marketplace=FLIPKART&q=pet+products&store=p3t&srno=s_3_95&otracker=search&iid=c0ede076-a1db-4d45-a499-af5f04f904ba.PCBGMH48HD5AVUFJ.SEARCH&ssid=s1kvva57pc0000001780722004637&qH=0b3cad6c322744d3&ov_redirect=true&ov_redirect=true,https://rukminim2.flixcart.com/image/612/612/xif0q/pet-comb-brush/z/s/v/medium-dog-silicone-rubber-bathing-brush-pet-massage-shampoo-original-imahhgkygkyvywxv.jpeg?q=70
chullbull pet products Dog Bath Brush Body Scrubber Sha...,₹135,,,72% off,https://www.flipkart.com/chullbull-pet-products-dog-bath-brush-body-scrubber-shampoo-dispenser-groomers-slicker-brushes-donkey-monkey-rabbit-cat-horse-dog-cow-cat/p/itmee51b53bd7b78?pid=PCBGTBPZXDJT9UTE&lid=LSTPCBGTBPZXDJT9UTE8I3GTF&marketplace=FLIPKART&q=pet+products&store=p3t&srno=s_3_96&otracker=search&iid=c0ede076-a1db-4d45-a499-af5f04f904ba.PCBGTBPZXDJT9UTE.SEARCH&ssid=s1kvva57pc0000001780722004637&qH=0b3cad6c322744d3&ov_redirect=true&ov_redirect=true,https://rukminim2.flixcart.com/image/612/612/xif0q/bath-brush/t/3/1/body-cleaning-brush-for-use-in-shower-soft-bath-room-brush-foot-original-imagjwzgaeerdahd.jpeg?q=70
Fur Ball Story Dermaprove Ayurvedic Herbal Formula Dog ...,₹377,4.7,(719),24% off,https://www.flipkart.com/fur-ball-story-dermaprove-ayurvedic-herbal-formula-dog-shampoo-rosemary-neem-oil-aloevera-itch-relief-anti-dandruff-anti-bacterial-anti-fungal-anti-microbial-mild/p/itm4f12d039fa281?pid=PSOH7HY4WWYZTJWG&lid=LSTPSOH7HY4WWYZTJWGCZWZON&marketplace=FLIPKART&q=pet+products&store=p3t&srno=s_3_97&otracker=search&iid=en_jHMQ1etU-yWautN9imWCABhANb9OPVzofu6Y59Gz4BCxCkosdE-BnJVZRgrVD_QHzjeMp9tNSEaqSNIqeejwiQ%3D%3D&ssid=s1kvva57pc0000001780722004637&qH=0b3cad6c322744d3&ov_redirect=true&ov_redirect=true,https://rukminim2.flixcart.com/image/612/612/xif0q/pet-shampoo/s/g/7/300-dermaprove-vet-recommended-ayurvedic-antifungal-rosemary-oil-original-imahm9zxnxa9fu2h.jpeg?q=70
"chullbull pet products Basic Comb for Dog, Cat",₹169,,,66% off,https://www.flipkart.com/chullbull-pet-products-basic-comb-dog-cat/p/itmf91b62c647484?pid=PCBHY2YCRFUEYWAG&lid=LSTPCBHY2YCRFUEYWAGSNRXNQ&marketplace=FLIPKART&q=pet+products&store=p3t&srno=s_3_98&otracker=search&iid=c0ede076-a1db-4d45-a499-af5f04f904ba.PCBHY2YCRFUEYWAG.SEARCH&ssid=s1kvva57pc0000001780722004637&qH=0b3cad6c322744d3&ov_redirect=true&ov_redirect=true,https://rukminim2.flixcart.com/image/612/612/xif0q/pet-comb-brush/1/a/h/medium-pc1smn13-chullbull-pet-products-original-imahy2ycybvahpvp.jpeg?q=70
"chullbull pet products DOG AND CAT SHEDDING BRUSH, Slic...",₹158,,,60% off,https://www.flipkart.com/chullbull-pet-products-dog-cat-shedding-brush-slicker-brushes/p/itm3318f83390786?pid=PCBHCFWSZQCGZV6U&lid=LSTPCBHCFWSZQCGZV6UDTVLS1&marketplace=FLIPKART&q=pet+products&store=p3t&srno=s_3_99&otracker=search&iid=c0ede076-a1db-4d45-a499-af5f04f904ba.PCBHCFWSZQCGZV6U.SEARCH&ssid=s1kvva57pc0000001780722004637&qH=0b3cad6c322744d3&ov_redirect=true&ov_redirect=true,https://rukminim2.flixcart.com/image/612/612/xif0q/pet-comb-brush/c/w/8/medium-slicker-brush-chullbull-pet-products-original-imahcfwsgwsbccht.jpeg?q=70
chullbull pet products Dog Bath Brush Body Scrubber Sha...,₹95,,,84% off,https://www.flipkart.com/chullbull-pet-products-dog-bath-brush-body-scrubber-shampoo-dispenser-soft-silicone-groomers-slicker-brushes-donkey-monkey-rabbit-cat-horse-dog-cow-cat/p/itme5174093c0f1e?pid=PCBHHGKY2FNT7WCJ&lid=LSTPCBHHGKY2FNT7WCJXFYEZV&marketplace=FLIPKART&q=pet+products&store=p3t&srno=s_3_100&otracker=search&iid=c0ede076-a1db-4d45-a499-af5f04f904ba.PCBHHGKY2FNT7WCJ.SEARCH&ssid=s1kvva57pc0000001780722004637&qH=0b3cad6c322744d3&ov_redirect=true&ov_redirect=true,https://rukminim2.flixcart.com/image/612/612/xif0q/pet-comb-brush/w/b/f/small-fa-b-1pc-n-chullbull-pet-products-original-imahhgkyqjqqbtha.jpeg?q=70
chullbull pet products Plain/ Bristle Brushes for Dog,₹98,,,75% off,https://www.flipkart.com/chullbull-pet-products-plain-bristle-brushes-dog/p/itm95a9bc82830d1?pid=PCBHHGKYVRYUGFHR&lid=LSTPCBHHGKYVRYUGFHRQK1HW3&marketplace=FLIPKART&q=pet+products&store=p3t&srno=s_3_101&otracker=search&iid=c0ede076-a1db-4d45-a499-af5f04f904ba.PCBHHGKYVRYUGFHR.SEARCH&ssid=s1kvva57pc0000001780722004637&qH=0b3cad6c322744d3&ov_redirect=true&ov_redirect=true,https://rukminim2.flixcart.com/image/612/612/xif0q/shopsy-pet-comb-brush/h/m/l/medium-dog-bath-brush-shampoo-dispenser-grooming-brush-silicone-original-imahctpf2evvbkwr.jpeg?q=70
chullbull pet products Pet Dog Cat Puppy Kitten Flea Co...,₹113,,,71% off,https://www.flipkart.com/chullbull-pet-products-dog-cat-puppy-kitten-flea-comb-stainless-pin-hair-fur-grooming-brush-basic/p/itmb420b19b139f9?pid=PCBHHGKY46YMZCTH&lid=LSTPCBHHGKY46YMZCTHTTTWTF&marketplace=FLIPKART&q=pet+products&store=p3t&srno=s_3_102&otracker=search&iid=c0ede076-a1db-4d45-a499-af5f04f904ba.PCBHHGKY46YMZCTH.SEARCH&ssid=s1kvva57pc0000001780722004637&qH=0b3cad6c322744d3&ov_redirect=true&ov_redirect=true,https://rukminim2.flixcart.com/image/612/612/xif0q/pet-comb-brush/0/i/h/medium-pet-dog-cat-puppy-kitten-flea-comb-stainless-pin-hair-and-original-imahhgkyupjxyz9t.jpeg?q=70
chullbull pet products Cat Buckle Harness Full Body Wit...,₹243,,,51% off,https://www.flipkart.com/chullbull-pet-products-cat-buckle-harness-full-body-leash-double-sided-hair-grooming-pets-comb-leash/p/itmc14e18488448e?pid=PCLGZJ56HS3A5DDT&lid=LSTPCLGZJ56HS3A5DDT5T0YO1&marketplace=FLIPKART&q=pet+products&store=p3t&srno=s_3_103&otracker=search&iid=c0ede076-a1db-4d45-a499-af5f04f904ba.PCLGZJ56HS3A5DDT.SEARCH&ssid=s1kvva57pc0000001780722004637&qH=0b3cad6c322744d3&ov_redirect=true&ov_redirect=true,https://rukminim2.flixcart.com/image/612/612/xif0q/pet-collar-harness/x/l/i/extra-small-28-chullbull-pet-products-original-imagzj56p3epymrh.jpeg?q=70
chullbull pet products Cat Harness & Leash,₹244,,,51% off,https://www.flipkart.com/chullbull-pet-products-cat-harness-leash/p/itma2bdabc03de62?pid=PCLGZJ56ZRZWZXQC&lid=LSTPCLGZJ56ZRZWZXQCCWU67H&marketplace=FLIPKART&q=pet+products&store=p3t&srno=s_3_104&otracker=search&iid=c0ede076-a1db-4d45-a499-af5f04f904ba.PCLGZJ56ZRZWZXQC.SEARCH&ssid=s1kvva57pc0000001780722004637&qH=0b3cad6c322744d3&ov_redirect=true&ov_redirect=true,https://rukminim2.flixcart.com/image/612/612/xif0q/pet-collar-harness/f/v/g/extra-small-25-chullbull-pet-products-original-imagzj56ffmxqp7w.jpeg?q=70
chullbull pet products Dog & Cat Everyday Collar,₹136,,,77% off,https://www.flipkart.com/chullbull-pet-products-dog-cat-everyday-collar/p/itma2c63b62c3a26?pid=PCLHEBD8ZERX2TSJ&lid=LSTPCLHEBD8ZERX2TSJSMIEDO&marketplace=FLIPKART&q=pet+products&store=p3t&srno=s_3_105&otracker=search&iid=c0ede076-a1db-4d45-a499-af5f04f904ba.PCLHEBD8ZERX2TSJ.SEARCH&ssid=s1kvva57pc0000001780722004637&qH=0b3cad6c322744d3&ov_redirect=true&ov_redirect=true,https://rukminim2.flixcart.com/image/612/612/xif0q/pet-collar-harness/y/x/i/small-pack-of-2-pcs-collar-paw-collar-for-your-kitten-pupies-dog-original-imahebd8spgg8vus.jpeg?q=70
chullbull pet products Cat Harness & Leash,₹350,,,49% off,https://www.flipkart.com/chullbull-pet-products-cat-harness-leash/p/itm66910a3777c00?pid=PCLGZJ56ZAHDDW4C&lid=LSTPCLGZJ56ZAHDDW4C418BMN&marketplace=FLIPKART&q=pet+products&store=p3t&srno=s_3_106&otracker=search&iid=c0ede076-a1db-4d45-a499-af5f04f904ba.PCLGZJ56ZAHDDW4C.SEARCH&ssid=s1kvva57pc0000001780722004637&qH=0b3cad6c322744d3&ov_redirect=true&ov_redirect=true,https://rukminim2.flixcart.com/image/612/612/xif0q/pet-collar-harness/y/7/n/extra-small-17-chullbull-pet-products-original-imagzj56rmpgtzys.jpeg?q=70
chullbull pet products Dog NA Harness,₹312,,,51% off,https://www.flipkart.com/chullbull-pet-products-dog-na-harness/p/itm206a4e367f456?pid=PCLGU7ZFXQQHS7G4&lid=LSTPCLGU7ZFXQQHS7G4G90OJJ&marketplace=FLIPKART&q=pet+products&store=p3t&srno=s_3_107&otracker=search&iid=c0ede076-a1db-4d45-a499-af5f04f904ba.PCLGU7ZFXQQHS7G4.SEARCH&ssid=s1kvva57pc0000001780722004637&qH=0b3cad6c322744d3&ov_redirect=true&ov_redirect=true,https://rukminim2.flixcart.com/image/612/612/xif0q/pet-collar-harness/v/v/3/medium-dog-k9-police-harness-dog-vest-with-hook-and-loop-straps-original-imagu7zycrwg5skh.jpeg?q=70
chullbull pet products Dog Collar & Leash,₹132,,,73% off,https://www.flipkart.com/chullbull-pet-products-dog-collar-leash/p/itm98391aa197ac8?pid=PCLHDCK2GFPFYSPD&lid=LSTPCLHDCK2GFPFYSPDKVBYST&marketplace=FLIPKART&q=pet+products&store=p3t&srno=s_3_108&otracker=search&iid=c0ede076-a1db-4d45-a499-af5f04f904ba.PCLHDCK2GFPFYSPD.SEARCH&ssid=s1kvva57pc0000001780722004637&qH=0b3cad6c322744d3&ov_redirect=true&ov_redirect=true,https://rukminim2.flixcart.com/image/612/612/xif0q/pet-collar-harness/p/t/k/small-sr-chullbull-pet-products-original-imahdck2cs3dzg4p.jpeg?q=70
chullbull pet products Regular Dog Everyday Collar,₹129,,,48% off,https://www.flipkart.com/chullbull-pet-products-regular-dog-everyday-collar/p/itmd04d14ac3e0d1?pid=PCLH96XEFGAX2XRM&lid=LSTPCLH96XEFGAX2XRMTIQBWH&marketplace=FLIPKART&q=pet+products&store=p3t&srno=s_3_109&otracker=search&iid=c0ede076-a1db-4d45-a499-af5f04f904ba.PCLH96XEFGAX2XRM.SEARCH&ssid=s1kvva57pc0000001780722004637&qH=0b3cad6c322744d3&ov_redirect=true&ov_redirect=true,https://rukminim2.flixcart.com/image/612/612/xif0q/pet-collar-harness/l/a/k/medium-tmsc-20-petstorez-original-imah4wd26z6e6w2w.jpeg?q=70
"chullbull pet products Stainless Steel Pet Bowl, Anti-S...",₹405,,,59% off,https://www.flipkart.com/chullbull-pet-products-stainless-steel-bowl-anti-skid-food-water-pack-2-bowl/p/itm0dca3d8f18f07?pid=PBLH77FUSVXGWFPB&lid=LSTPBLH77FUSVXGWFPBHOPNAX&marketplace=FLIPKART&q=pet+products&store=p3t&srno=s_3_110&otracker=search&iid=c0ede076-a1db-4d45-a499-af5f04f904ba.PBLH77FUSVXGWFPB.SEARCH&ssid=s1kvva57pc0000001780722004637&qH=0b3cad6c322744d3&ov_redirect=true&ov_redirect=true,https://rukminim2.flixcart.com/image/612/612/xif0q/pet-bowl-bottle/i/z/t/bowl2ss-chullbull-pet-products-400-original-imah77fumjejhhbr.jpeg?q=70
W9 Pet Products Stainless Steel Pin Comb With Grooming ...,₹172,,,71% off,https://www.flipkart.com/w9-pet-products-stainless-steel-pin-comb-grooming-gloves-puppy-dog-pets-red-black-rakes/p/itm1dc8fe0832645?pid=PCBGSFUYDRZCFSDF&lid=LSTPCBGSFUYDRZCFSDFJGX8KZ&marketplace=FLIPKART&q=pet+products&store=p3t&srno=s_3_111&otracker=search&iid=c0ede076-a1db-4d45-a499-af5f04f904ba.PCBGSFUYDRZCFSDF.SEARCH&ssid=s1kvva57pc0000001780722004637&qH=0b3cad6c322744d3&ov_redirect=true&ov_redirect=true,https://rukminim2.flixcart.com/image/612/612/xif0q/pet-comb-brush/f/i/c/medium-pa-br-64-blkred-com-stainless-steel-tooth-grooming-pin-original-imagsfsbngyzfzh9.jpeg?q=70
PET PERK Skin Hygiene Care Kit for Dog Pet First Aid Ki...,₹570,,,42% off,https://www.flipkart.com/pet-perk-skin-hygiene-care-kit-dog-first-aid/p/itm8a93d3818d36a?pid=PAIHGS5HHZJZHM8J&lid=LSTPAIHGS5HHZJZHM8JT04SHO&marketplace=FLIPKART&q=pet+products&store=p3t&srno=s_3_112&otracker=search&iid=c0ede076-a1db-4d45-a499-af5f04f904ba.PAIHGS5HHZJZHM8J.SEARCH&ssid=s1kvva57pc0000001780722004637&qH=0b3cad6c322744d3&ov_redirect=true&ov_redirect=true,https://rukminim2.flixcart.com/image/612/612/xif0q/pet-first-aid-kit/n/j/c/2-skin-hygiene-care-kit-for-dog-pet-perk-original-imahhx36zn8hyhwh.jpeg?q=70
PET PERK Grooming Skin Care Kit for Dog Pet First Aid K...,₹574,,,42% off,https://www.flipkart.com/pet-perk-grooming-skin-care-kit-dog-first-aid/p/itmcfcbae457733a?pid=PAIHGS53FY2KPHEX&lid=LSTPAIHGS53FY2KPHEXBCCP1S&marketplace=FLIPKART&q=pet+products&store=p3t&srno=s_3_113&otracker=search&iid=c0ede076-a1db-4d45-a499-af5f04f904ba.PAIHGS53FY2KPHEX.SEARCH&ssid=s1kvva57pc0000001780722004637&qH=0b3cad6c322744d3&ov_redirect=true&ov_redirect=true,https://rukminim2.flixcart.com/image/612/612/xif0q/pet-first-aid-kit/b/a/5/2-grooming-skin-care-kit-for-dog-pet-perk-original-imahj26fvceeghun.jpeg?q=70
W9 Pet Products Oh My Dog Brightening Dog Shampoo with ...,₹521,,,50% off,https://www.flipkart.com/w9-pet-products-oh-my-dog-brightening-shampoo-soft-dispenser-brush-1000ml-spa-kit/p/itm09505608c3d30?pid=PSKGX33HG3YZCGKG&lid=LSTPSKGX33HG3YZCGKGRCCTMU&marketplace=FLIPKART&q=pet+products&store=p3t&srno=s_3_114&otracker=search&iid=c0ede076-a1db-4d45-a499-af5f04f904ba.PSKGX33HG3YZCGKG.SEARCH&ssid=s1kvva57pc0000001780722004637&qH=0b3cad6c322744d3&ov_redirect=true&ov_redirect=true,https://rukminim2.flixcart.com/image/612/612/xif0q/pet-spa-kit/x/b/s/oh-my-dog-brightening-dog-shampoo-with-soft-dispenser-brush-original-imagx33hvmabw77c.jpeg?q=70
W9 Pet Products Ultimate Oatmeal and Itch Relief Dog Sh...,₹315,,,50% off,https://www.flipkart.com/w9-pet-products-ultimate-oatmeal-itch-relief-dog-shampoo-dispenser-brush-500ml-spa-kit/p/itmc4a6a7deb5348?pid=PSKGX37VNHQQHJY6&lid=LSTPSKGX37VNHQQHJY6DMU05U&marketplace=FLIPKART&q=pet+products&store=p3t&srno=s_3_115&otracker=search&iid=c0ede076-a1db-4d45-a499-af5f04f904ba.PSKGX37VNHQQHJY6.SEARCH&ssid=s1kvva57pc0000001780722004637&qH=0b3cad6c322744d3&ov_redirect=true&ov_redirect=true,https://rukminim2.flixcart.com/image/612/612/xif0q/pet-spa-kit/i/0/v/ultimate-oatmeal-and-itch-relief-dog-shampoo-with-shampoo-original-imagx37ve755zbmr.jpeg?q=70
W9 Pet Products Ultimate De-Tanging Dog Shampoo with Sh...,₹302,,,49% off,https://www.flipkart.com/w9-pet-products-ultimate-de-tanging-dog-shampoo-dispenser-brush-500ml-spa-kit/p/itma44fc22471ce2?pid=PSKGX37RY6C8ZGZS&lid=LSTPSKGX37RY6C8ZGZSX26CPD&marketplace=FLIPKART&q=pet+products&store=p3t&srno=s_3_116&otracker=search&iid=c0ede076-a1db-4d45-a499-af5f04f904ba.PSKGX37RY6C8ZGZS.SEARCH&ssid=s1kvva57pc0000001780722004637&qH=0b3cad6c322744d3&ov_redirect=true&ov_redirect=true,https://rukminim2.flixcart.com/image/612/612/xif0q/pet-spa-kit/2/d/p/ultimate-de-tanging-dog-shampoo-with-shampoo-dispenser-brush-original-imagx3xpkwjctfkf.jpeg?q=70
W9 Pet Products Oh My Dog Ultimate Berry Coconut Dog Sh...,₹335,,,47% off,https://www.flipkart.com/w9-pet-products-oh-my-dog-ultimate-berry-coconut-shampoo-dispenser-brush-500ml-spa-kit/p/itm0bcf68d747c73?pid=PSKGX37YKZQZDF7G&lid=LSTPSKGX37YKZQZDF7GTSKAVH&marketplace=FLIPKART&q=pet+products&store=p3t&srno=s_3_117&otracker=search&iid=c0ede076-a1db-4d45-a499-af5f04f904ba.PSKGX37YKZQZDF7G.SEARCH&ssid=s1kvva57pc0000001780722004637&qH=0b3cad6c322744d3&ov_redirect=true&ov_redirect=true,https://rukminim2.flixcart.com/image/612/612/xif0q/pet-spa-kit/y/0/q/oh-my-dog-ultimate-berry-coconut-dog-shampoo-with-shampoo-original-imagx3ykvphfsa46.jpeg?q=70
Pet Life Pure Organic Dog Shampoo For Healthy Shiny Coa...,₹382,,,41% off,https://www.flipkart.com/pet-life-pure-organic-dog-shampoo-healthy-shiny-coat-200-ml-ultra-moisturising-conditioner-nourishing-hair-body-wash-safe-effective-friendly-formula-all-breeds-spa-kit/p/itmd25ae40f5b0b1?pid=PSKG5QPCVYWUHH6C&lid=LSTPSKG5QPCVYWUHH6CXHFIT7&marketplace=FLIPKART&q=pet+products&store=p3t&srno=s_3_118&otracker=search&iid=c0ede076-a1db-4d45-a499-af5f04f904ba.PSKG5QPCVYWUHH6C.SEARCH&ssid=s1kvva57pc0000001780722004637&qH=0b3cad6c322744d3&ov_redirect=true&ov_redirect=true,https://rukminim2.flixcart.com/image/612/612/ks243gw0/pet-shampoo/m/p/p/400-pure-organic-dog-shampoo-for-healthy-shiny-coat-200-ml-and-original-imag5zx3wmywzzdt.jpeg?q=70
W9 Pet Products Basic Comb for Dog & Cat,₹189,,,62% off,https://www.flipkart.com/w9-pet-products-basic-comb-dog-cat/p/itm6a7ab5815dbf3?pid=PCBGSHDBD2JRCCCE&lid=LSTPCBGSHDBD2JRCCCEKKRXLL&marketplace=FLIPKART&q=pet+products&store=p3t&srno=s_3_119&otracker=search&iid=c0ede076-a1db-4d45-a499-af5f04f904ba.PCBGSHDBD2JRCCCE.SEARCH&ssid=s1kvva57pc0000001780722004637&qH=0b3cad6c322744d3&ov_redirect=true&ov_redirect=true,https://rukminim2.flixcart.com/image/612/612/xif0q/pet-comb-brush/7/b/e/small-pa-br-69-combo-stainless-steel-pin-flea-grooming-comb-non-original-imagshdbypztnzst.jpeg?q=70
W9 Pet Products Slicker Brushes for Dog,₹309,,,55% off,https://www.flipkart.com/w9-pet-products-slicker-brushes-dog/p/itm112a9aea02d89?pid=PCBGSE6SH2GCBZBZ&lid=LSTPCBGSE6SH2GCBZBZRWZITM&marketplace=FLIPKART&q=pet+products&store=p3t&srno=s_3_120&otracker=search&iid=c0ede076-a1db-4d45-a499-af5f04f904ba.PCBGSE6SH2GCBZBZ.SEARCH&ssid=s1kvva57pc0000001780722004637&qH=0b3cad6c322744d3&ov_redirect=true&ov_redirect=true,https://rukminim2.flixcart.com/image/612/612/xif0q/pet-comb-brush/d/v/6/small-pa-br-61-yel-pet-grooming-slicker-brush-for-puppies-dogs-original-imagse6snb7rcthx.jpeg?q=70
Fur Ball Story Digestive Care Liquid,₹171,4.7,(345),24% off,https://www.flipkart.com/fur-ball-story-digestive-care-liquid/p/itmc859545c30955?pid=PMDH2GT2KRTAMHCT&lid=LSTPMDH2GT2KRTAMHCTLO3HSS&marketplace=FLIPKART&q=pet+products&store=p3t&srno=s_4_121&otracker=search&iid=en_fMb7jJfZ4KBU_nCd7e5teE9RWErYyJGSs7I24ZaskNtaisKdbZRR9iru7Rf-E1qkO3nbYAUQE8m2_jCLtZETQg%3D%3D&ssid=fmd80vjvfk0000001780722017247&qH=0b3cad6c322744d3&ov_redirect=true&ov_redirect=true,https://rukminim2.flixcart.com/image/612/612/xif0q/pet-medication/p/d/q/-original-imahgmhfyzfumhse.jpeg?q=70
Petroyale Digestive Probiotics Supplement Improves Gut ...,₹512,4.7,(41),21% off,https://www.flipkart.com/petroyale-digestive-probiotics-supplement-improves-gut-health-indigestion-pet-supplements/p/itm6d4434d248477?pid=PHSH3ZZHTFBRD3Q8&lid=LSTPHSH3ZZHTFBRD3Q8ZAOCTU&marketplace=FLIPKART&q=pet+products&store=p3t&srno=s_4_122&otracker=search&iid=en_fMb7jJfZ4KBU_nCd7e5teE9RWErYyJGSs7I24ZaskNvEobj8-eiRAcSOqiD__1kZN-zYRF3_GzGNoDybsf9YnQ%3D%3D&ssid=fmd80vjvfk0000001780722017247&qH=0b3cad6c322744d3&ov_redirect=true&ov_redirect=true,https://rukminim2.flixcart.com/image/612/612/xif0q/pet-health-supplement/s/6/r/100-digestive-probiotics-supplement-improves-gut-health-original-imahmsjp8ybzn8en.jpeg?q=70
Dogaholic Max Chicken Bacon BBQ Strips Treat for Dogs -...,"₹1,888",,,11% off,https://www.flipkart.com/dogaholic-max-chicken-bacon-bbq-strips-treat-dogs-130gm-pack-5-dog/p/itm7db71f3a3c9c6?pid=PTTH7SQVWYNN3ZBH&lid=LSTPTTH7SQVWYNN3ZBHHNERXA&marketplace=FLIPKART&q=pet+products&store=p3t&srno=s_4_123&otracker=search&iid=b8da9f81-e731-4610-baac-14357d01a7a2.PTTH7SQVWYNN3ZBH.SEARCH&ssid=fmd80vjvfk0000001780722017247&qH=0b3cad6c322744d3&ov_redirect=true&ov_redirect=true,https://rukminim2.flixcart.com/image/612/612/xif0q/pet-treat/z/k/r/0-65-dog-5-mp0039-dogaholic-original-imah7sqvpaprzm7e.jpeg?q=70
Quantum Retail Sugar Size Blue Crystal Sand/Quartz Sili...,₹145,4.4,(24),63% off,https://www.flipkart.com/quantum-retail-sugar-size-blue-crystal-sand-quartz-silica-sand-lawn-decore-home-garden-decoration-aquarium-substrate-terrarium-sand-quartz-1-kg-planted-substrate/p/itm05e1ed22d9e9e?pid=AQSGY7QDHVNF87TC&lid=LSTAQSGY7QDHVNF87TC8FJIWT&marketplace=FLIPKART&q=pet+products&store=p3t&srno=s_4_124&otracker=search&iid=b8da9f81-e731-4610-baac-14357d01a7a2.AQSGY7QDHVNF87TC.SEARCH&ssid=fmd80vjvfk0000001780722017247&qH=0b3cad6c322744d3&ov_redirect=true&ov_redirect=true,https://rukminim2.flixcart.com/image/612/612/kkzrpu80/aquarium-substrate/v/d/t/qr-blue-quartz-sand-1-5-kg-quantum-retail-original-imagy7q7dqu8z2t5.jpeg?q=70
pawllo Pawllo Crunchy Chicken Trachea Treat for Dogs: D...,₹324,,,28% off,https://www.flipkart.com/pawllo-crunchy-chicken-trachea-treat-dogs-dental-chews-joint-health-dog/p/itm5769e0b9a1da4?pid=PTTGTPUNFG8HDHZ8&lid=LSTPTTGTPUNFG8HDHZ8FNY6W0&marketplace=FLIPKART&q=pet+products&store=p3t&srno=s_4_125&otracker=search&iid=b8da9f81-e731-4610-baac-14357d01a7a2.PTTGTPUNFG8HDHZ8.SEARCH&ssid=fmd80vjvfk0000001780722017247&qH=0b3cad6c322744d3&ov_redirect=true&ov_redirect=true,https://rukminim2.flixcart.com/image/612/612/xif0q/pet-treat/j/m/w/15-dog-1-il-1246-pawllo-original-imahyvuhwgq3shgf.jpeg?q=70
BARK OUT LOUD Vivaldis-Easy Pill Dog Tasty Pill Pockets...,₹636,4.3,(19),3% off,https://www.flipkart.com/bark-out-loud-vivaldis-easy-pill-dog-tasty-pockets-feed-tablets-liquid-medicines-chicken-duck-treat/p/itm0ee5e7cc38a56?pid=PTTGYHNTCXKJQYGG&lid=LSTPTTGYHNTCXKJQYGGME8JEW&marketplace=FLIPKART&q=pet+products&store=p3t&srno=s_4_126&otracker=search&iid=b8da9f81-e731-4610-baac-14357d01a7a2.PTTGYHNTCXKJQYGG.SEARCH&ssid=fmd80vjvfk0000001780722017247&qH=0b3cad6c322744d3&ov_redirect=true&ov_redirect=true,https://rukminim2.flixcart.com/image/612/612/xif0q/pet-treat/b/l/o/20-dog-1-easy-pill-dog-1-bark-out-loud-original-imah7g8pjw7gtdyh.jpeg?q=70
"DR. Boro (Combo 4) Allergy Relief, Conditioning, Anti-f...",₹162,4.4,(35),89% off,https://www.flipkart.com/dr-boro-combo-4-allergy-relief-conditioning-anti-fungal-anti-microbial-pet-care-650-ml-coat-cleanser/p/itmf756d009c9bb9?pid=PETHGXSZSGJBR5UA&lid=LSTPETHGXSZSGJBR5UA8MAQD1&marketplace=FLIPKART&q=pet+products&store=p3t&srno=s_4_127&otracker=search&iid=en_fMb7jJfZ4KBU_nCd7e5teE9RWErYyJGSs7I24ZaskNuoA55T9GGWCusE0_IOY1J6G233jqqihyiAChndO8OOQg%3D%3D&ssid=fmd80vjvfk0000001780722017247&qH=0b3cad6c322744d3&ov_redirect=true&ov_redirect=true,https://rukminim2.flixcart.com/image/612/612/xif0q/pet-cleanser/s/v/o/650-combo-of-4-pet-care-item-dr-boro-original-imahgxszkqh9zyhb.jpeg?q=70
"Georgic Proteina Muscle Builder for Dogs | Weight Gain,...",₹369,5,(3),26% off,https://www.flipkart.com/georgic-proteina-muscle-builder-dogs-weight-gain-energy-stamina-growth-pet-health-supplements/p/itmdb1669ef7c125?pid=PHSHHGNTMKFZSEBY&lid=LSTPHSHHGNTMKFZSEBYSDQA64&marketplace=FLIPKART&q=pet+products&store=p3t&srno=s_4_128&otracker=search&iid=en_fMb7jJfZ4KBU_nCd7e5teE9RWErYyJGSs7I24ZaskNuUbC5E9y-NTqtgJ--NDTAPj-bidQS0ZqTGFlFJviCfmQ%3D%3D&ssid=fmd80vjvfk0000001780722017247&qH=0b3cad6c322744d3&ov_redirect=true&ov_redirect=true,https://rukminim2.flixcart.com/image/612/612/xif0q/pet-health-supplement/q/p/b/150-proteina-dog-supplement-supports-energy-stamina-georgic-original-imahhykw8gkfztgg.jpeg?q=70
Auto Avenue K5D 3D Vinyl Angel Wings Car Emblem Waterpr...,₹270,,,61% off,https://www.flipkart.com/auto-avenue-k5d-3d-vinyl-angel-wings-car-emblem-waterproof-decal-trucks-pet-door-protector/p/itm4a81a80d44be5?pid=RTDHNRC4NZEJX7XD&lid=LSTRTDHNRC4NZEJX7XDG8RDWP&marketplace=FLIPKART&q=pet+products&store=p3t&srno=s_4_129&otracker=search&iid=b8da9f81-e731-4610-baac-14357d01a7a2.RTDHNRC4NZEJX7XD.SEARCH&ssid=fmd80vjvfk0000001780722017247&qH=0b3cad6c322744d3&ov_redirect=true&ov_redirect=true,https://rukminim2.flixcart.com/image/612/612/xif0q/car-pet-door-protector/l/z/i/2-k5d-3d-vinyl-angel-wings-car-emblem-waterproof-decal-for-original-imahnrfhyuj7hmyh.jpeg?q=70
PETSWARE 5 in 1 Almond Milk Cat Shampoo with Conditione...,₹124,4.1,(91),87% off,https://www.flipkart.com/petsware-5-1-almond-milk-cat-shampoo-conditioner-persian-all-types-anti-fungal-anti-microbial-conditioning-flea-tick-whitening-color-enhancing-marigold/p/itm6b7a409b4719c?pid=PSOH6PT48KGZGZZG&lid=LSTPSOH6PT48KGZGZZGN1CFMG&marketplace=FLIPKART&q=pet+products&store=p3t&srno=s_4_130&otracker=search&iid=b8da9f81-e731-4610-baac-14357d01a7a2.PSOH6PT48KGZGZZG.SEARCH&ssid=fmd80vjvfk0000001780722017247&qH=0b3cad6c322744d3&ov_redirect=true&ov_redirect=true,https://rukminim2.flixcart.com/image/612/612/xif0q/pet-shampoo/w/a/u/200-5-in-1-cat-shampoo-with-conditioner-for-persian-cat-all-cat-original-imahn2wfmkfakkrk.jpeg?q=70
"Petroyale Allergy & Itch Chews for Dogs, Relief from Al...",₹379,3.9,(48),15% off,https://www.flipkart.com/petroyale-allergy-itch-chews-dogs-relief-allergies-hot-spots-dry-skin-pet-health-supplements/p/itm166a78c077518?pid=PHSH4NEDHCQFTWYB&lid=LSTPHSH4NEDHCQFTWYBIA1DKT&marketplace=FLIPKART&q=pet+products&store=p3t&srno=s_4_131&otracker=search&iid=en_fMb7jJfZ4KBU_nCd7e5teE9RWErYyJGSs7I24ZaskNv4Nh5FzpDIFJtZz-ssyFOE0AyVIdb2dbiSknzw1fZvUw%3D%3D&ssid=fmd80vjvfk0000001780722017247&qH=0b3cad6c322744d3&ov_redirect=true&ov_redirect=true,https://rukminim2.flixcart.com/image/612/612/xif0q/pet-health-supplement/s/k/j/20-allergy-itch-chews-for-dogs-relief-from-allergies-hot-spots-original-imahmrezwkqhezw5.jpeg?q=70
Fur Ball Story Dermaprove Ayurvedic Herbal Formula Dog ...,₹377,4.7,(719),24% off,https://www.flipkart.com/fur-ball-story-dermaprove-ayurvedic-herbal-formula-dog-shampoo-rosemary-neem-oil-aloevera-itch-relief-anti-dandruff-anti-bacterial-anti-fungal-anti-microbial-mild/p/itm4f12d039fa281?pid=PSOH7HY4WWYZTJWG&lid=LSTPSOH7HY4WWYZTJWGCZWZON&marketplace=FLIPKART&q=pet+products&store=p3t&srno=s_4_132&otracker=search&iid=en_fMb7jJfZ4KBU_nCd7e5teE9RWErYyJGSs7I24ZaskNu7blBLAgBrGKn4foOPBk0BGDZ17TkHS8Qik7M9EstzGQ%3D%3D&ssid=fmd80vjvfk0000001780722017247&qH=0b3cad6c322744d3&ov_redirect=true&ov_redirect=true,https://rukminim2.flixcart.com/image/612/612/xif0q/pet-shampoo/s/g/7/300-dermaprove-vet-recommended-ayurvedic-antifungal-rosemary-oil-original-imahm9zxnxa9fu2h.jpeg?q=70
Zoivane Pet Ditch to Itch Shampoo Anti-Bacterial Dog Sh...,₹97,4.2,(454),70% off,https://www.flipkart.com/zoivane-pet-ditch-itch-shampoo-anti-bacterial-dog-conditioner-200-ml-pack-anti-itching-anti-dandruff-anti-fungal-conditioning-whitening-color-enhancing-rose-cologne/p/itm4260209b7169d?pid=PSOGCSK8GTE7VVEH&lid=LSTPSOGCSK8GTE7VVEHKTWJXG&marketplace=FLIPKART&q=pet+products&store=p3t&srno=s_4_133&otracker=search&iid=b8da9f81-e731-4610-baac-14357d01a7a2.PSOGCSK8GTE7VVEH.SEARCH&ssid=fmd80vjvfk0000001780722017247&qH=0b3cad6c322744d3&ov_redirect=true&ov_redirect=true,https://rukminim2.flixcart.com/image/612/612/xif0q/pet-shampoo/v/3/1/200-zv-dti-200ml-zoivane-original-imahexfyurcxmaax.jpeg?q=70
W9 Pet Products Latex Cute Squeaky Rubber Tennis Ball T...,₹250,,,58% off,https://www.flipkart.com/w9-pet-products-latex-cute-squeaky-rubber-tennis-ball-toy-puppy-ball-fetch-toy-plush-soft-dog/p/itm3cd22b4c68314?pid=PTYGRDC4RVGFFGJU&lid=LSTPTYGRDC4RVGFFGJU9IRLHP&marketplace=FLIPKART&q=pet+products&store=p3t&srno=s_4_134&otracker=search&iid=b8da9f81-e731-4610-baac-14357d01a7a2.PTYGRDC4RVGFFGJU.SEARCH&ssid=fmd80vjvfk0000001780722017247&qH=0b3cad6c322744d3&ov_redirect=true&ov_redirect=true,https://rukminim2.flixcart.com/image/612/612/xif0q/pet-toy/a/d/t/1-pa-ty-353-latex-cute-squeaky-rubber-tennis-ball-toy-for-puppy-original-imagrdc3zadfchj8.jpeg?q=70
W9 Pet Products Squeaky Toys For Small Puppy Rubber Bal...,₹212,,,57% off,https://www.flipkart.com/w9-pet-products-squeaky-toys-small-puppy-rubber-ball-fetch-toy-soft-toy-dog-cat/p/itm70e3049bfb627?pid=PTYGQZ54CDN42XXQ&lid=LSTPTYGQZ54CDN42XXQRIOQU1&marketplace=FLIPKART&q=pet+products&store=p3t&srno=s_4_135&otracker=search&iid=b8da9f81-e731-4610-baac-14357d01a7a2.PTYGQZ54CDN42XXQ.SEARCH&ssid=fmd80vjvfk0000001780722017247&qH=0b3cad6c322744d3&ov_redirect=true&ov_redirect=true,https://rukminim2.flixcart.com/image/612/612/xif0q/pet-toy/m/o/i/4-pa-ty-327-combo-of-4-soft-latex-rubber-interactive-squeaky-original-imagqz54xagvhzwr.jpeg?q=70
chullbull pet products Rubber Ring Dog Chew Toy Silicon...,₹144,3.3,(3),51% off,https://www.flipkart.com/chullbull-pet-products-rubber-ring-dog-chew-toy-silicone-toy-fetch-soft-tug-cat/p/itm536c09304e819?pid=PTYGHUEEP4SEQPGE&lid=LSTPTYGHUEEP4SEQPGETURDDP&marketplace=FLIPKART&q=pet+products&store=p3t&srno=s_4_136&otracker=search&iid=b8da9f81-e731-4610-baac-14357d01a7a2.PTYGHUEEP4SEQPGE.SEARCH&ssid=fmd80vjvfk0000001780722017247&qH=0b3cad6c322744d3&ov_redirect=true&ov_redirect=true,https://rukminim2.flixcart.com/image/612/612/xif0q/pet-toy/r/j/s/1-0014p3-chullbull-pet-products-original-imaghueezusg2nvr.jpeg?q=70
Breedo Dog Need (Combo of 2) Flea-Tick Shampoo Conditio...,₹170,4,"(1,543)",71% off,https://www.flipkart.com/breedo-dog-need-combo-2-flea-tick-shampoo-conditioner-gloves-allergy-relief-conditioning-anti-fungal-anti-microbial-anti-itching-anti-dandruff-natural/p/itm1700b14137a17?pid=PSOGDGVUXY8B2ZFG&lid=LSTPSOGDGVUXY8B2ZFGHFRTF0&marketplace=FLIPKART&q=pet+products&store=p3t&srno=s_4_137&otracker=search&iid=en_fMb7jJfZ4KBU_nCd7e5teE9RWErYyJGSs7I24ZaskNtW1LCdqigYiVBUF1KPqBaRPmNPPd5lhKCs5u1iSeQqXw%3D%3D&ssid=fmd80vjvfk0000001780722017247&qH=0b3cad6c322744d3&ov_redirect=true&ov_redirect=true,https://rukminim2.flixcart.com/image/612/612/xif0q/pet-shampoo/d/l/r/250-dog-need-combo-of-2-flea-tick-shampoo-conditioner-gloves-original-imah7hyhwhnp3bb8.jpeg?q=70
Petroyale Urinary Tract Health Tablets For Dogs With Cr...,₹720,5,(3),24% off,https://www.flipkart.com/petroyale-urinary-tract-health-tablets-dogs-cranberry-extract-pet-supplements/p/itmd2a2a50d08421?pid=PHSGZZXAWWZFMEXB&lid=LSTPHSGZZXAWWZFMEXBOF5UVD&marketplace=FLIPKART&q=pet+products&store=p3t&srno=s_4_138&otracker=search&iid=en_fMb7jJfZ4KBU_nCd7e5teE9RWErYyJGSs7I24ZaskNsHPI8ELa7E5PsBQff8Nbjzyh_phO8hSJxPtaowczhUOA%3D%3D&ssid=fmd80vjvfk0000001780722017247&qH=0b3cad6c322744d3&ov_redirect=true&ov_redirect=true,https://rukminim2.flixcart.com/image/612/612/xif0q/pet-health-supplement/n/0/d/30-urinary-tract-health-tablets-for-dogs-with-cranberry-extract-original-imahm43cdgauez9g.jpeg?q=70
W9 Pet Products Squeaky Bone and Ball Toy for Small Pup...,₹257,,,57% off,https://www.flipkart.com/w9-pet-products-squeaky-bone-ball-toy-small-puppy-dark-green-rubber-ball-bone-chew-toy-fetch-dog/p/itm248efa0dc5e26?pid=PTYGS4355NBRUV5S&lid=LSTPTYGS4355NBRUV5SIGSGZN&marketplace=FLIPKART&q=pet+products&store=p3t&srno=s_4_139&otracker=search&iid=b8da9f81-e731-4610-baac-14357d01a7a2.PTYGS4355NBRUV5S.SEARCH&ssid=fmd80vjvfk0000001780722017247&qH=0b3cad6c322744d3&ov_redirect=true&ov_redirect=true,https://rukminim2.flixcart.com/image/612/612/xif0q/pet-toy/h/3/q/2-pa-ty-480-dgre-rubber-2-squeaky-teeth-cleaning-bone-and-ball-original-imags435utbf9gza.jpeg?q=70
"Nitishre Outlet Tube Adjustable Connector, Aquarium Mul...",₹167,,,44% off,https://www.flipkart.com/nitishre-outlet-tube-adjustable-connector-aquarium-multi-uses-10-meter-s-p-20-air-stone/p/itm780142172d791?pid=AASHMGNFVBG5BKWV&lid=LSTAASHMGNFVBG5BKWVGFLKO4&marketplace=FLIPKART&q=pet+products&store=p3t&srno=s_4_140&otracker=search&iid=b8da9f81-e731-4610-baac-14357d01a7a2.AASHMGNFVBG5BKWV.SEARCH&ssid=fmd80vjvfk0000001780722017247&qH=0b3cad6c322744d3&ov_redirect=true&ov_redirect=true,https://rukminim2.flixcart.com/image/612/612/xif0q/aquarium-air-stone/n/o/f/26-outlet-tube-adjustable-connector-aquarium-multi-uses-of-10-original-imahmgnfx78ghf7x.jpeg?q=70
"Jainsons Pet Products Rubber Bone, Treat Dispensing Toy...",₹367,,,38% off,https://www.flipkart.com/jainsons-pet-products-rubber-bone-treat-dispensing-toy-dog/p/itm0271bd593ec7f?pid=PTYG76UJMSAER6UT&lid=LSTPTYG76UJMSAER6UTHCKICR&marketplace=FLIPKART&q=pet+products&store=p3t&srno=s_4_141&otracker=search&iid=b8da9f81-e731-4610-baac-14357d01a7a2.PTYG76UJMSAER6UT.SEARCH&ssid=fmd80vjvfk0000001780722017247&qH=0b3cad6c322744d3&ov_redirect=true&ov_redirect=true,https://rukminim2.flixcart.com/image/612/612/ktyp8cw0/pet-toy/3/a/5/cotton-rope-chew-toy-and-interactive-non-toxic-natural-rubber-original-imag76uj3fnfwa52.jpeg?q=70
"chullbull pet products Cotton Ball, Chew Toy, Tough Toy...",₹164,,,83% off,https://www.flipkart.com/chullbull-pet-products-cotton-ball-chew-toy-tough-fetch-training-aid-tug-toy-dog/p/itmc51855c13bc5b?pid=PTYGZHEZNGBH2ASH&lid=LSTPTYGZHEZNGBH2ASHLFGXIG&marketplace=FLIPKART&q=pet+products&store=p3t&srno=s_4_142&otracker=search&iid=b8da9f81-e731-4610-baac-14357d01a7a2.PTYGZHEZNGBH2ASH.SEARCH&ssid=fmd80vjvfk0000001780722017247&qH=0b3cad6c322744d3&ov_redirect=true&ov_redirect=true,https://rukminim2.flixcart.com/image/612/612/xif0q/pet-toy/y/r/u/3-dog-rope-toy-interactive-pet-chew-toys-set-washable-braided-original-imahys9r4ghkfetx.jpeg?q=70
Jainsons Pet Products Natural & Safe Dog (Puppy) Traini...,₹412,4.1,(18),41% off,https://www.flipkart.com/jainsons-pet-products-natural-safe-dog-puppy-training-rope-toy-rubber-chew-toys-small-pets-set-5-color-may-vary-bone-treat-dispensing/p/itm7ccadf20dc6a0?pid=PTYG76YSSG9CYCPX&lid=LSTPTYG76YSSG9CYCPXA0BAOL&marketplace=FLIPKART&q=pet+products&store=p3t&srno=s_4_143&otracker=search&iid=b8da9f81-e731-4610-baac-14357d01a7a2.PTYG76YSSG9CYCPX.SEARCH&ssid=fmd80vjvfk0000001780722017247&qH=0b3cad6c322744d3&ov_redirect=true&ov_redirect=true,https://rukminim2.flixcart.com/image/612/612/kv2pk7k0/pet-toy/5/v/t/dog-puppy-training-rope-toy-rubber-chew-toys-small-dog-and-pets-original-imag8fypsfyhmwtg.jpeg?q=70
Jainsons Pet Products Turtle Toy Decorative Ornament La...,₹295,4,(279),50% off,https://www.flipkart.com/jainsons-pet-products-turtle-toy-decorative-ornament-laterite-unplanted-substrate/p/itmfbv2jzshzyzxr?pid=AQSFBUY7UMTVQHZG&lid=LSTAQSFBUY7UMTVQHZGP446IJ&marketplace=FLIPKART&q=pet+products&store=p3t&srno=s_4_144&otracker=search&iid=b8da9f81-e731-4610-baac-14357d01a7a2.AQSFBUY7UMTVQHZG.SEARCH&ssid=fmd80vjvfk0000001780722017247&qH=0b3cad6c322744d3&ov_redirect=true&ov_redirect=true,https://rukminim2.flixcart.com/image/612/612/jpodaq80/aquarium-substrate/h/z/g/turtle-jainsons-pet-products-original-imafbtzydgpfj9zx.jpeg?q=70
GIG BAZAAR Aquarium Shelter Pipe Caves Decoration Ornam...,₹236,3.6,(17),60% off,https://www.flipkart.com/gig-bazaar-aquarium-shelter-pipe-caves-decoration-ornaments-create-cozy-hideaway-laterite-unplanted-substrate/p/itm51282f4c78084?pid=AQSGSDASBBVP6JHD&lid=LSTAQSGSDASBBVP6JHDL1MSQ5&marketplace=FLIPKART&q=pet+products&store=p3t&srno=s_4_145&otracker=search&iid=b8da9f81-e731-4610-baac-14357d01a7a2.AQSGSDASBBVP6JHD.SEARCH&ssid=fmd80vjvfk0000001780722017247&qH=0b3cad6c322744d3&ov_redirect=true&ov_redirect=true,https://rukminim2.flixcart.com/image/612/612/xif0q/aquarium-substrate/c/z/l/0-2-ab-09-gig-bazaar-original-imagsf4qpfwgv5gz.jpeg?q=70
GIG BAZAAR Beautiful Monk House Aquarium Decoration for...,₹229,3.7,(19),61% off,https://www.flipkart.com/gig-bazaar-beautiful-monk-house-aquarium-decoration-fish-underwater-world-laterite-unplanted-substrate/p/itm60683fa4eb33b?pid=AQSH2YVXKHW8NTZN&lid=LSTAQSH2YVXKHW8NTZNQ6CTZZ&marketplace=FLIPKART&q=pet+products&store=p3t&srno=s_4_146&otracker=search&iid=b8da9f81-e731-4610-baac-14357d01a7a2.AQSH2YVXKHW8NTZN.SEARCH&ssid=fmd80vjvfk0000001780722017247&qH=0b3cad6c322744d3&ov_redirect=true&ov_redirect=true,https://rukminim2.flixcart.com/image/612/612/xif0q/aquarium-substrate/f/9/s/0-2-1-gig-bazaar-original-imahj5ehbhze2neg.jpeg?q=70
Quantum Retail Sugar Size Aqua Green Aquarium Quartz Sa...,₹150,4.8,(6),66% off,https://www.flipkart.com/quantum-retail-sugar-size-aqua-green-aquarium-quartz-sand-2-kg-planted-substrate/p/itm7c2e30bb2c5bd?pid=AQSGYQKCCNKD6VZW&lid=LSTAQSGYQKCCNKD6VZWTKF2IO&marketplace=FLIPKART&q=pet+products&store=p3t&srno=s_4_147&otracker=search&iid=b8da9f81-e731-4610-baac-14357d01a7a2.AQSGYQKCCNKD6VZW.SEARCH&ssid=fmd80vjvfk0000001780722017247&qH=0b3cad6c322744d3&ov_redirect=true&ov_redirect=true,https://rukminim2.flixcart.com/image/612/612/klo27bk0/aquarium-substrate/a/y/s/qr-aqua-green-quartz-sand-6-kg-quantum-retail-original-imagyqkc6yztdj8h.jpeg?q=70
ALTRESSA Puppy Training Dogs Spray (250ml) With Jasmine...,₹502,,,49% off,https://www.flipkart.com/altressa-puppy-training-dogs-spray-250ml-jasmine-fragrance-pack-2-deodorizer/p/itmeb5a406ccb552?pid=PDZGY4QMVSGFQHWY&lid=LSTPDZGY4QMVSGFQHWY6UKHJ0&marketplace=FLIPKART&q=pet+products&store=p3t&srno=s_4_148&otracker=search&iid=b8da9f81-e731-4610-baac-14357d01a7a2.PDZGY4QMVSGFQHWY.SEARCH&ssid=fmd80vjvfk0000001780722017247&qH=0b3cad6c322744d3&ov_redirect=true&ov_redirect=true,https://rukminim2.flixcart.com/image/612/612/xif0q/pet-deodorizer/3/a/4/500-ps120-2-altressa-original-imagy4qm2de7tftz.jpeg?q=70
"Bada Bakra Goat and Sheep increase Immunity, Growth Pro...",₹639,4.3,(32),14% off,https://www.flipkart.com/bada-bakra-goat-sheep-increase-immunity-growth-promotor-pet-health-supplements/p/itm1b63f9e701da6?pid=PHSHJESGVTT9EZKH&lid=LSTPHSHJESGVTT9EZKHXP8BD7&marketplace=FLIPKART&q=pet+products&store=p3t&srno=s_4_149&otracker=search&iid=b8da9f81-e731-4610-baac-14357d01a7a2.PHSHJESGVTT9EZKH.SEARCH&ssid=fmd80vjvfk0000001780722017247&qH=0b3cad6c322744d3&ov_redirect=true&ov_redirect=true,https://rukminim2.flixcart.com/image/612/612/xif0q/pet-health-supplement/w/k/n/1-goat-and-sheep-increase-immunity-growth-promotor-bada-bakra-original-imahjj5kyz2swfqy.jpeg?q=70
Nissi 3-in-1 Design Polyester Pet Bowl & Bottle,₹448,,,40% off,https://www.flipkart.com/nissi-3-in-1-design-polyester-pet-bowl-bottle/p/itm7adc59a451714?pid=PBLHMQAUVME8DNSJ&lid=LSTPBLHMQAUVME8DNSJDKJQFR&marketplace=FLIPKART&q=pet+products&store=p3t&srno=s_4_150&otracker=search&iid=b8da9f81-e731-4610-baac-14357d01a7a2.PBLHMQAUVME8DNSJ.SEARCH&ssid=fmd80vjvfk0000001780722017247&qH=0b3cad6c322744d3&ov_redirect=true&ov_redirect=true,https://rukminim2.flixcart.com/image/612/612/xif0q/pet-chew/a/d/k/1-dog-1-199012-nissi-original-imahmgdbmzds6sgm.jpeg?q=70
"Pet Life Organic Dry Bath Shampoo For Small Pets, Rabbi...",₹219,4.1,(379),23% off,https://www.flipkart.com/pet-life-organic-dry-bath-shampoo-small-pets-rabbits-kitten-dry-waterless-spray-made-natural-ingredients-cleaner-smoother-shinier-coat-whitening-color-enhancing-lemon-rabbit/p/itmcc8aa62bbad8e?pid=PSOG4CY7SQJ344FH&lid=LSTPSOG4CY7SQJ344FHZ4PSOX&marketplace=FLIPKART&q=pet+products&store=p3t&srno=s_4_151&otracker=search&iid=b8da9f81-e731-4610-baac-14357d01a7a2.PSOG4CY7SQJ344FH.SEARCH&ssid=fmd80vjvfk0000001780722017247&qH=0b3cad6c322744d3&ov_redirect=true&ov_redirect=true,https://rukminim2.flixcart.com/image/612/612/xif0q/pet-shampoo/q/0/r/200-organic-dry-bath-shampoo-for-small-pets-rabbits-kitten-dry-original-imagy7hyk4c4pvxg.jpeg?q=70
W9 Pet Products Dog Bath Glove with Spiked Ball Toy for...,₹212,,,64% off,https://www.flipkart.com/w9-pet-products-dog-bath-glove-spiked-ball-toy-rubber-ball-chew-toy-fetch-bone/p/itmf497bc6da8072?pid=PTYGS35XKMASHQFH&lid=LSTPTYGS35XKMASHQFHNVJEGL&marketplace=FLIPKART&q=pet+products&store=p3t&srno=s_4_152&otracker=search&iid=b8da9f81-e731-4610-baac-14357d01a7a2.PTYGS35XKMASHQFH.SEARCH&ssid=fmd80vjvfk0000001780722017247&qH=0b3cad6c322744d3&ov_redirect=true&ov_redirect=true,https://rukminim2.flixcart.com/image/612/612/xif0q/pet-toy/d/n/0/2-pa-ty-478-combo-of-2-rubber-de-shedding-massaging-grooming-dog-original-imags35xgt5zr48q.jpeg?q=70
W9 Pet Products Molar Stick Bone Toy with Squeaky Pimpl...,₹209,,,58% off,https://www.flipkart.com/w9-pet-products-molar-stick-bone-toy-squeaky-pimple-ball-small-puppy-rubber-ball-fetch-toy-dog/p/itm78aafab98c206?pid=PTYGSCB4AZG7TSCB&lid=LSTPTYGSCB4AZG7TSCBYOVE6S&marketplace=FLIPKART&q=pet+products&store=p3t&srno=s_4_153&otracker=search&iid=b8da9f81-e731-4610-baac-14357d01a7a2.PTYGSCB4AZG7TSCB.SEARCH&ssid=fmd80vjvfk0000001780722017247&qH=0b3cad6c322744d3&ov_redirect=true&ov_redirect=true,https://rukminim2.flixcart.com/image/612/612/xif0q/pet-toy/d/d/7/2-pa-ty-487-gre-molar-stick-bone-toy-with-squeaky-pimple-ball-original-imagscb4cmz2cqf6.jpeg?q=70
"W9 Pet Products Cotton, Rubber Chew Toy, Fetch Toy, Tug...",₹191,,,61% off,https://www.flipkart.com/w9-pet-products-cotton-rubber-chew-toy-fetch-tug-bone-ball-dog/p/itmd69e3123eb73a?pid=PTYGZA566ZXZZSXW&lid=LSTPTYGZA566ZXZZSXWHNW40V&marketplace=FLIPKART&q=pet+products&store=p3t&srno=s_4_154&otracker=search&iid=b8da9f81-e731-4610-baac-14357d01a7a2.PTYGZA566ZXZZSXW.SEARCH&ssid=fmd80vjvfk0000001780722017247&qH=0b3cad6c322744d3&ov_redirect=true&ov_redirect=true,https://rukminim2.flixcart.com/image/612/612/xif0q/pet-toy/k/c/8/3-pa-ty-548-combo-of-3-dog-chew-toy-for-small-breed-puppy-rope-original-imagz9fxbzzky4qj.jpeg?q=70
W9 Pet Products Durable Teeth Cleaning Chewing Biting K...,₹209,,,65% off,https://www.flipkart.com/w9-pet-products-durable-teeth-cleaning-chewing-biting-knotted-cotton-rope-toys-small-puppy-cotton-plastic-ball-chew-toy-fetch-tug-toy-dog/p/itme0f59a78ba754?pid=PTYGREHJUFTH9BM5&lid=LSTPTYGREHJUFTH9BM5ATEUJV&marketplace=FLIPKART&q=pet+products&store=p3t&srno=s_4_155&otracker=search&iid=b8da9f81-e731-4610-baac-14357d01a7a2.PTYGREHJUFTH9BM5.SEARCH&ssid=fmd80vjvfk0000001780722017247&qH=0b3cad6c322744d3&ov_redirect=true&ov_redirect=true,https://rukminim2.flixcart.com/image/612/612/xif0q/pet-toy/o/o/j/3-pa-ty-369-combo-of-3-durable-pet-teeth-cleaning-chewing-biting-original-imagrehjagpshsmj.jpeg?q=70
chullbull pet products 1 pc Puppy Teething (Red) Polyre...,₹146,,,63% off,https://www.flipkart.com/chullbull-pet-products-1-pc-puppy-teething-red-polyresin-ball-chew-toy-rubber-toy-dog-cat/p/itmf0299e2f57f8b?pid=PTYGZ55XHZQHXG93&lid=LSTPTYGZ55XHZQHXG93FKGPWP&marketplace=FLIPKART&q=pet+products&store=p3t&srno=s_4_156&otracker=search&iid=b8da9f81-e731-4610-baac-14357d01a7a2.PTYGZ55XHZQHXG93.SEARCH&ssid=fmd80vjvfk0000001780722017247&qH=0b3cad6c322744d3&ov_redirect=true&ov_redirect=true,https://rukminim2.flixcart.com/image/612/612/xif0q/pet-toy/o/q/l/1-spike-ball-1-chullbull-pet-products-original-imahys9ky8ktztkm.jpeg?q=70
"W9 Pet Products Cotton Chew Toy, Fetch Toy, Tug Toy For...",₹191,,,68% off,https://www.flipkart.com/w9-pet-products-cotton-chew-toy-fetch-tug-toy-dog/p/itm086dfe30a4774?pid=PTYGRZQRRPFDPXGE&lid=LSTPTYGRZQRRPFDPXGEHO3M6Z&marketplace=FLIPKART&q=pet+products&store=p3t&srno=s_4_157&otracker=search&iid=b8da9f81-e731-4610-baac-14357d01a7a2.PTYGRZQRRPFDPXGE.SEARCH&ssid=fmd80vjvfk0000001780722017247&qH=0b3cad6c322744d3&ov_redirect=true&ov_redirect=true,https://rukminim2.flixcart.com/image/612/612/xif0q/pet-toy/k/b/r/3-pa-ty-453-combo-of-3-durable-pet-teeth-cleaning-chewing-biting-original-imagrzqrjppphcc6.jpeg?q=70
W9 Pet Products Combo of 2 Colorful Squeaky Rubber Ball...,₹155,,,68% off,https://www.flipkart.com/w9-pet-products-combo-2-colorful-squeaky-rubber-ball-toy-small-puppy-chew-toy-fetch-dog/p/itma208059e8cb88?pid=PTYGRMHWY4P93PZP&lid=LSTPTYGRMHWY4P93PZPIRENRQ&marketplace=FLIPKART&q=pet+products&store=p3t&srno=s_4_158&otracker=search&iid=b8da9f81-e731-4610-baac-14357d01a7a2.PTYGRMHWY4P93PZP.SEARCH&ssid=fmd80vjvfk0000001780722017247&qH=0b3cad6c322744d3&ov_redirect=true&ov_redirect=true,https://rukminim2.flixcart.com/image/612/612/xif0q/pet-toy/r/c/u/2-pa-ty-416-combo-of-2-colorful-squeaky-rubber-ball-toy-for-original-imagrmhvhhbf3yjv.jpeg?q=70
GIG BAZAAR Aquarium Stone Shelter Rock Small Fish Shrim...,₹193,4.3,(11),75% off,https://www.flipkart.com/gig-bazaar-aquarium-stone-shelter-rock-small-fish-shrimp-hideaway-decoration-ornament-laterite-unplanted-substrate/p/itm994ab81acf427?pid=AQSH3GDGF5GPV7HN&lid=LSTAQSH3GDGF5GPV7HNMEFSKB&marketplace=FLIPKART&q=pet+products&store=p3t&srno=s_4_159&otracker=search&iid=b8da9f81-e731-4610-baac-14357d01a7a2.AQSH3GDGF5GPV7HN.SEARCH&ssid=fmd80vjvfk0000001780722017247&qH=0b3cad6c322744d3&ov_redirect=true&ov_redirect=true,https://rukminim2.flixcart.com/image/612/612/xif0q/aquarium-substrate/f/r/5/0-2-rock-4-gig-bazaar-original-imah3gdg8hb5mrqs.jpeg?q=70
"Nitishree Stones - 500g for Art & Craft Vase Fillers, A...",₹104,4.2,(18),58% off,https://www.flipkart.com/nitishree-stones-500g-art-craft-vase-fillers-aquarium-fish-tank-garden-lawn-gravel-unplanted-substrate/p/itm1690e68e27218?pid=AQSH6WUXRUKNEKDX&lid=LSTAQSH6WUXRUKNEKDXGFIHKG&marketplace=FLIPKART&q=pet+products&store=p3t&srno=s_4_160&otracker=search&iid=b8da9f81-e731-4610-baac-14357d01a7a2.AQSH6WUXRUKNEKDX.SEARCH&ssid=fmd80vjvfk0000001780722017247&qH=0b3cad6c322744d3&ov_redirect=true&ov_redirect=true,https://rukminim2.flixcart.com/image/612/612/xif0q/aquarium-substrate/q/6/e/1-decorative-multicolor-stones-1000g-small-for-home-outdoor-original-imah733jygyh4h82.jpeg?q=70
Fur Ball Story Digestive Care Liquid,₹171,4.7,(345),24% off,https://www.flipkart.com/fur-ball-story-digestive-care-liquid/p/itmc859545c30955?pid=PMDH2GT2KRTAMHCT&lid=LSTPMDH2GT2KRTAMHCTLO3HSS&marketplace=FLIPKART&q=pet+products&store=p3t&srno=s_5_161&otracker=search&iid=en_vgGQW6f2YKCX5gAmIOvY66JM8JCD03meE74BnD4gT9A06N0swkitaUU7C4Hi01oGO3nbYAUQE8m2_jCLtZETQg%3D%3D&ssid=a3acuv6cjk0000001780722031329&qH=0b3cad6c322744d3&ov_redirect=true&ov_redirect=true,https://rukminim2.flixcart.com/image/612/612/xif0q/pet-medication/p/d/q/-original-imahgmhfyzfumhse.jpeg?q=70
Petroyale Digestive Probiotics Supplement Improves Gut ...,₹512,4.7,(41),21% off,https://www.flipkart.com/petroyale-digestive-probiotics-supplement-improves-gut-health-indigestion-pet-supplements/p/itm6d4434d248477?pid=PHSH3ZZHTFBRD3Q8&lid=LSTPHSH3ZZHTFBRD3Q8ZAOCTU&marketplace=FLIPKART&q=pet+products&store=p3t&srno=s_5_162&otracker=search&iid=en_vgGQW6f2YKCX5gAmIOvY66JM8JCD03meE74BnD4gT9BwqV8JSwHJ-svdiFUzftB9N-zYRF3_GzGNoDybsf9YnQ%3D%3D&ssid=a3acuv6cjk0000001780722031329&qH=0b3cad6c322744d3&ov_redirect=true&ov_redirect=true,https://rukminim2.flixcart.com/image/612/612/xif0q/pet-health-supplement/s/6/r/100-digestive-probiotics-supplement-improves-gut-health-original-imahmsjp8ybzn8en.jpeg?q=70
W9 Pet Products Combo of 2 Colorful Squeaky Rubber Ball...,₹169,,,66% off,https://www.flipkart.com/w9-pet-products-combo-2-colorful-squeaky-rubber-ball-toy-puppy-small-ball-chew-toy-dog/p/itmbfa1525097816?pid=PTYGRND8GXZAZRFZ&lid=LSTPTYGRND8GXZAZRFZBFINQR&marketplace=FLIPKART&q=pet+products&store=p3t&srno=s_5_163&otracker=search&iid=3092e719-28a0-48d6-a780-f03807bde162.PTYGRND8GXZAZRFZ.SEARCH&ssid=a3acuv6cjk0000001780722031329&qH=0b3cad6c322744d3&ov_redirect=true&ov_redirect=true,https://rukminim2.flixcart.com/image/612/612/xif0q/pet-toy/e/h/b/2-pa-ty-417-2-combo-of-2-colorful-squeaky-rubber-ball-toy-for-original-imagrnd8q9nqee2f.jpeg?q=70
Jainsons Pet Products Dog & Puppy Toys - Puppy chew Toy...,₹199,,,50% off,https://www.flipkart.com/jainsons-pet-products-dog-puppy-toys-chew-cotton-toy-cotton-ring/p/itm27c17bc323b2f?pid=PTYGADFHHGEYGHNC&lid=LSTPTYGADFHHGEYGHNCZE3PYO&marketplace=FLIPKART&q=pet+products&store=p3t&srno=s_5_164&otracker=search&iid=3092e719-28a0-48d6-a780-f03807bde162.PTYGADFHHGEYGHNC.SEARCH&ssid=a3acuv6cjk0000001780722031329&qH=0b3cad6c322744d3&ov_redirect=true&ov_redirect=true,https://rukminim2.flixcart.com/image/612/612/ky1vl3k0/pet-toy/t/8/n/1-dog-toys-aggressive-chewers-puppy-toys-puppy-chew-toys-dog-original-imagadfgqgvhs7fu.jpeg?q=70
DC Pet Products Dog Frisbee Flying Disc Toy for Puppies...,₹170,,,57% off,https://www.flipkart.com/dc-pet-products-dog-frisbee-flying-disc-toy-puppies-dogs-chew-resistant-multicolor-plastic/p/itm6777ee6dee1fd?pid=PTYHNZQWCWKKGRGP&lid=LSTPTYHNZQWCWKKGRGPO6FTOV&marketplace=FLIPKART&q=pet+products&store=p3t&srno=s_5_165&otracker=search&iid=3092e719-28a0-48d6-a780-f03807bde162.PTYHNZQWCWKKGRGP.SEARCH&ssid=a3acuv6cjk0000001780722031329&qH=0b3cad6c322744d3&ov_redirect=true&ov_redirect=true,https://rukminim2.flixcart.com/image/612/612/xif0q/pet-toy/u/3/l/1-plastic-frisbee-dc-pet-products-original-imahnzqwq7t2w4n8.jpeg?q=70
"W9 Pet Products Interactive Chew Squeaky Toys,Tough Rop...",₹352,,,58% off,https://www.flipkart.com/w9-pet-products-interactive-chew-squeaky-toys-tough-rope-toys-small-dog-combo-c-cotton-rubber-ball-toy-fetch-toy-dog/p/itm581626969e77d?pid=PTYGRMGFW3HG24JY&lid=LSTPTYGRMGFW3HG24JYX1LKSZ&marketplace=FLIPKART&q=pet+products&store=p3t&srno=s_5_166&otracker=search&iid=3092e719-28a0-48d6-a780-f03807bde162.PTYGRMGFW3HG24JY.SEARCH&ssid=a3acuv6cjk0000001780722031329&qH=0b3cad6c322744d3&ov_redirect=true&ov_redirect=true,https://rukminim2.flixcart.com/image/612/612/xif0q/pet-toy/q/w/t/6-pa-ty-413-c-dog-toys-6-pack-puppy-chew-toys-gift-sets-original-imagrmgfwmyqnfbz.jpeg?q=70
"DR. Boro (Combo 4) Allergy Relief, Conditioning, Anti-f...",₹162,4.4,(35),89% off,https://www.flipkart.com/dr-boro-combo-4-allergy-relief-conditioning-anti-fungal-anti-microbial-pet-care-650-ml-coat-cleanser/p/itmf756d009c9bb9?pid=PETHGXSZSGJBR5UA&lid=LSTPETHGXSZSGJBR5UA8MAQD1&marketplace=FLIPKART&q=pet+products&store=p3t&srno=s_5_167&otracker=search&iid=en_vgGQW6f2YKCX5gAmIOvY66JM8JCD03meE74BnD4gT9BzcwcLhm6XVoHsqDO2h11eG233jqqihyiAChndO8OOQg%3D%3D&ssid=a3acuv6cjk0000001780722031329&qH=0b3cad6c322744d3&ov_redirect=true&ov_redirect=true,https://rukminim2.flixcart.com/image/612/612/xif0q/pet-cleanser/s/v/o/650-combo-of-4-pet-care-item-dr-boro-original-imahgxszkqh9zyhb.jpeg?q=70
Dogsee Chew Dogsee Chew Cheese Dog Treat,₹146,4,(455),26% off,https://www.flipkart.com/dogsee-chew-cheese-dog-treat/p/itmfgbh7yg9rhudh?pid=PTTH6G5YAVQH2JM7&lid=LSTPTTH6G5YAVQH2JM7NIZATG&marketplace=FLIPKART&q=pet+products&store=p3t&srno=s_5_168&otracker=search&iid=en_vgGQW6f2YKCX5gAmIOvY66JM8JCD03meE74BnD4gT9CIlic9qbj-5Kbab7YY2DJs4skLX3YwbelZMs2VLdN6Aw%3D%3D&ssid=a3acuv6cjk0000001780722031329&qH=0b3cad6c322744d3&ov_redirect=true&ov_redirect=true,https://rukminim2.flixcart.com/image/612/612/xif0q/pet-treat/r/h/x/100-dog-3-small-p1-dogsee-chew-original-imah6jygjnh42jdy.jpeg?q=70
chullbull pet products Dog collar belt with Leash | Ext...,₹146,3.6,(26),79% off,https://www.flipkart.com/chullbull-pet-products-dog-collar-belt-leash-extra-large-1-50-length-4ft-everyday-red/p/itm5a5e47e6b6484?pid=PCLGTBZ6QE6ZX9BA&lid=LSTPCLGTBZ6QE6ZX9BAVBDZJG&marketplace=FLIPKART&q=pet+products&store=p3t&srno=s_5_169&otracker=search&iid=3092e719-28a0-48d6-a780-f03807bde162.PCLGTBZ6QE6ZX9BA.SEARCH&ssid=a3acuv6cjk0000001780722031329&qH=0b3cad6c322744d3&ov_redirect=true&ov_redirect=true,https://rukminim2.flixcart.com/image/612/612/kiow6fk0-0/pet-collar-harness/p/w/9/dog-belt-and-leash-1-25-vmpets-original-imafyfazte9e5bqu.jpeg?q=70
deepak badkur Organic Natural River Sand for Gardening ...,₹200,,,59% off,https://www.flipkart.com/deepak-badkur-organic-natural-river-sand-gardening-ideal-cactus-succulent-bonsai-adenium-potting-planted-substrate/p/itmafe791739278f?pid=AQSG3JVYG8ZUYH8B&lid=LSTAQSG3JVYG8ZUYH8BJTRVTC&marketplace=FLIPKART&q=pet+products&store=p3t&srno=s_5_170&otracker=search&iid=3092e719-28a0-48d6-a780-f03807bde162.AQSG3JVYG8ZUYH8B.SEARCH&ssid=a3acuv6cjk0000001780722031329&qH=0b3cad6c322744d3&ov_redirect=true&ov_redirect=true,https://rukminim2.flixcart.com/image/612/612/kpmy8i80/aquarium-substrate/f/q/6/natural-river-sand-for-gardening-ideal-for-cactus-succulent-original-imag3tufhudgaeqv.jpeg?q=70
"Georgic Proteina Muscle Builder for Dogs | Weight Gain,...",₹369,5,(3),26% off,https://www.flipkart.com/georgic-proteina-muscle-builder-dogs-weight-gain-energy-stamina-growth-pet-health-supplements/p/itmdb1669ef7c125?pid=PHSHHGNTMKFZSEBY&lid=LSTPHSHHGNTMKFZSEBYSDQA64&marketplace=FLIPKART&q=pet+products&store=p3t&srno=s_5_171&otracker=search&iid=en_vgGQW6f2YKCX5gAmIOvY66JM8JCD03meE74BnD4gT9CnQ-sRMtpKoanifDRVcKoQHcIPNinxFgBBPEz7PzyjDA%3D%3D&ssid=a3acuv6cjk0000001780722031329&qH=0b3cad6c322744d3&ov_redirect=true&ov_redirect=true,https://rukminim2.flixcart.com/image/612/612/xif0q/pet-health-supplement/q/p/b/150-proteina-dog-supplement-supports-energy-stamina-georgic-original-imahhykw8gkfztgg.jpeg?q=70
"Petroyale Allergy & Itch Chews for Dogs, Relief from Al...",₹379,3.9,(48),15% off,https://www.flipkart.com/petroyale-allergy-itch-chews-dogs-relief-allergies-hot-spots-dry-skin-pet-health-supplements/p/itm166a78c077518?pid=PHSH4NEDHCQFTWYB&lid=LSTPHSH4NEDHCQFTWYBIA1DKT&marketplace=FLIPKART&q=pet+products&store=p3t&srno=s_5_172&otracker=search&iid=en_vgGQW6f2YKCX5gAmIOvY66JM8JCD03meE74BnD4gT9AmUZXzs4LV9mmyJH4GVw8uXrre9Aser5PVFBEPxbqdpg%3D%3D&ssid=a3acuv6cjk0000001780722031329&qH=0b3cad6c322744d3&ov_redirect=true&ov_redirect=true,https://rukminim2.flixcart.com/image/612/612/xif0q/pet-health-supplement/s/k/j/20-allergy-itch-chews-for-dogs-relief-from-allergies-hot-spots-original-imahmrezwkqhezw5.jpeg?q=70
GIG BAZAAR Aquarium Decor Caves Stone Shelter Rock Hidd...,₹374,,,62% off,https://www.flipkart.com/gig-bazaar-aquarium-decor-caves-stone-shelter-rock-hidden-space-small-betta-fish-ornament-laterite-unplanted-substrate/p/itmedb60556f4b4b?pid=AQSHF8Z4UJCWF2XB&lid=LSTAQSHF8Z4UJCWF2XBZ57UWU&marketplace=FLIPKART&q=pet+products&store=p3t&srno=s_5_173&otracker=search&iid=3092e719-28a0-48d6-a780-f03807bde162.AQSHF8Z4UJCWF2XB.SEARCH&ssid=a3acuv6cjk0000001780722031329&qH=0b3cad6c322744d3&ov_redirect=true&ov_redirect=true,https://rukminim2.flixcart.com/image/612/612/xif0q/aquarium-substrate/h/s/t/0-350-r-056-white-gig-bazaar-original-imahf8z4xzcjrmta.jpeg?q=70
RIOSHELL veterinary Vitamin gold with a upgraded Formul...,₹692,3.3,(3),56% off,https://www.flipkart.com/rioshell-veterinary-vitamin-gold-upgraded-formulation-a-d3-e-c-h-b6-b1-pet-health-supplements/p/itm36353828068d6?pid=PHSHGXMABJJKY6MR&lid=LSTPHSHGXMABJJKY6MRJ1W3SM&marketplace=FLIPKART&q=pet+products&store=p3t&srno=s_5_174&otracker=search&iid=3092e719-28a0-48d6-a780-f03807bde162.PHSHGXMABJJKY6MR.SEARCH&ssid=a3acuv6cjk0000001780722031329&qH=0b3cad6c322744d3&ov_redirect=true&ov_redirect=true,https://rukminim2.flixcart.com/image/612/612/xif0q/pet-health-supplement/b/z/s/1-veterinary-vitamin-gold-with-a-upgraded-formulation-vitamin-a-original-imahhk7hg7wg8apa.jpeg?q=70
bhopal pigeons RECOVER XT 50 CAPSULES FOR PIGEONS Pet H...,₹414,4.3,(39),17% off,https://www.flipkart.com/bhopal-pigeons-recover-xt-50-capsules-pet-health-supplements/p/itm0c0649c893a0b?pid=PHSHYCVA9TCYUW4H&lid=LSTPHSHYCVA9TCYUW4HHNGBOQ&marketplace=FLIPKART&q=pet+products&store=p3t&srno=s_5_175&otracker=search&iid=3092e719-28a0-48d6-a780-f03807bde162.PHSHYCVA9TCYUW4H.SEARCH&ssid=a3acuv6cjk0000001780722031329&qH=0b3cad6c322744d3&ov_redirect=true&ov_redirect=true,https://rukminim2.flixcart.com/image/612/612/xif0q/pet-health-supplement/x/p/j/1-recover-xt-50-capsules-for-pigeons-bhopal-pigeons-original-imahycvagvsmj3bb.jpeg?q=70
chullbull pet products Puppy Teether Silicone Chew Toy ...,₹126,2.3,(3),57% off,https://www.flipkart.com/chullbull-pet-products-puppy-teether-silicone-chew-toy-dog-cat/p/itm457c3ebc315bc?pid=PTYGHUEEZMSZEXRG&lid=LSTPTYGHUEEZMSZEXRG2YPM2Z&marketplace=FLIPKART&q=pet+products&store=p3t&srno=s_5_176&otracker=search&iid=3092e719-28a0-48d6-a780-f03807bde162.PTYGHUEEZMSZEXRG.SEARCH&ssid=a3acuv6cjk0000001780722031329&qH=0b3cad6c322744d3&ov_redirect=true&ov_redirect=true,https://rukminim2.flixcart.com/image/612/612/xif0q/pet-toy/j/t/r/1-0006p1-chullbull-pet-products-original-imahys9rzzcfsxak.jpeg?q=70
Fur Ball Story Dermaprove Ayurvedic Herbal Formula Dog ...,₹377,4.7,(719),24% off,https://www.flipkart.com/fur-ball-story-dermaprove-ayurvedic-herbal-formula-dog-shampoo-rosemary-neem-oil-aloevera-itch-relief-anti-dandruff-anti-bacterial-anti-fungal-anti-microbial-mild/p/itm4f12d039fa281?pid=PSOH7HY4WWYZTJWG&lid=LSTPSOH7HY4WWYZTJWGCZWZON&marketplace=FLIPKART&q=pet+products&store=p3t&srno=s_5_177&otracker=search&iid=en_vgGQW6f2YKCX5gAmIOvY66JM8JCD03meE74BnD4gT9DbYo1KxBeGrQLcUQNShY8KzjeMp9tNSEaqSNIqeejwiQ%3D%3D&ssid=a3acuv6cjk0000001780722031329&qH=0b3cad6c322744d3&ov_redirect=true&ov_redirect=true,https://rukminim2.flixcart.com/image/612/612/xif0q/pet-shampoo/s/g/7/300-dermaprove-vet-recommended-ayurvedic-antifungal-rosemary-oil-original-imahm9zxnxa9fu2h.jpeg?q=70
Jainsons Pet Products Toy Ribcord with TPR Brown for Sm...,₹394,,,43% off,https://www.flipkart.com/jainsons-pet-products-toy-ribcord-tpr-brown-small-medium-breed-blue-cotton-soft-dog/p/itmcde4776a37029?pid=PTYH89E3PHUYMBRH&lid=LSTPTYH89E3PHUYMBRH68HJAG&marketplace=FLIPKART&q=pet+products&store=p3t&srno=s_5_178&otracker=search&iid=3092e719-28a0-48d6-a780-f03807bde162.PTYH89E3PHUYMBRH.SEARCH&ssid=a3acuv6cjk0000001780722031329&qH=0b3cad6c322744d3&ov_redirect=true&ov_redirect=true,https://rukminim2.flixcart.com/image/612/612/xif0q/pet-toy/s/r/z/1-dog-soft-toy-ribcord-with-tpr-brown-for-small-medium-breed-original-imah89h77jzfgyzw.jpeg?q=70
Jainsons Pet Products Soft Toy Ribcord with TPR Brown S...,₹399,,,42% off,https://www.flipkart.com/jainsons-pet-products-soft-toy-ribcord-tpr-brown-small-breed-blue-cotton-dog/p/itm787bd359ff2a2?pid=PTYH89DEPGVAYMUQ&lid=LSTPTYH89DEPGVAYMUQKF2ONI&marketplace=FLIPKART&q=pet+products&store=p3t&srno=s_5_179&otracker=search&iid=3092e719-28a0-48d6-a780-f03807bde162.PTYH89DEPGVAYMUQ.SEARCH&ssid=a3acuv6cjk0000001780722031329&qH=0b3cad6c322744d3&ov_redirect=true&ov_redirect=true,https://rukminim2.flixcart.com/image/612/612/xif0q/pet-toy/9/o/w/1-dog-soft-toy-ribcord-with-tpr-brown-small-breed-blue-jainsons-original-imah89h8byemwnrv.jpeg?q=70
"W9 Pet Products Rubber Ball, Fetch Toy, Rubber Toy, Squ...",₹304,,,53% off,https://www.flipkart.com/w9-pet-products-rubber-ball-fetch-toy-squeaky-toy-dog/p/itm4d6f89b5804cf?pid=PTYGSCAM9RFXTZ2M&lid=LSTPTYGSCAM9RFXTZ2MH144SQ&marketplace=FLIPKART&q=pet+products&store=p3t&srno=s_5_180&otracker=search&iid=3092e719-28a0-48d6-a780-f03807bde162.PTYGSCAM9RFXTZ2M.SEARCH&ssid=a3acuv6cjk0000001780722031329&qH=0b3cad6c322744d3&ov_redirect=true&ov_redirect=true,https://rukminim2.flixcart.com/image/612/612/xif0q/pet-toy/2/m/w/3-pa-ty-485-pack-of-3-colorful-squeaky-ball-toy-puppy-boredom-original-imagscamxev7anhz.jpeg?q=70
"W9 Pet Products Cotton, Rubber Ball, Chew Toy, Fetch To...",₹355,,,68% off,https://www.flipkart.com/w9-pet-products-cotton-rubber-ball-chew-toy-fetch-squeaky-toy-dog/p/itm196f15cc8518e?pid=PTYGRMEU7SXZGAXZ&lid=LSTPTYGRMEU7SXZGAXZVMCWWQ&marketplace=FLIPKART&q=pet+products&store=p3t&srno=s_5_181&otracker=search&iid=3092e719-28a0-48d6-a780-f03807bde162.PTYGRMEU7SXZGAXZ.SEARCH&ssid=a3acuv6cjk0000001780722031329&qH=0b3cad6c322744d3&ov_redirect=true&ov_redirect=true,https://rukminim2.flixcart.com/image/612/612/xif0q/pet-toy/1/7/c/6-pa-ty-413-d-dog-toys-6-pack-puppy-chew-toys-gift-sets-original-imagrmeuq6d2gsx7.jpeg?q=70
W9 Pet Products Squeaky Ball Toy with Horn for Interact...,₹207,4,(6),58% off,https://www.flipkart.com/w9-pet-products-squeaky-ball-toy-horn-interactive-play-rubber-ball-chew-toy-fetch-dog/p/itm210d76c0f5d28?pid=PTYGRKGHK67MZUEG&lid=LSTPTYGRKGHK67MZUEGNV5RPI&marketplace=FLIPKART&q=pet+products&store=p3t&srno=s_5_182&otracker=search&iid=3092e719-28a0-48d6-a780-f03807bde162.PTYGRKGHK67MZUEG.SEARCH&ssid=a3acuv6cjk0000001780722031329&qH=0b3cad6c322744d3&ov_redirect=true&ov_redirect=true,https://rukminim2.flixcart.com/image/612/612/xif0q/pet-toy/a/v/t/1-pa-ty-406-yellow-interactive-squeaky-toy-with-horn-for-small-original-imagrkghyqgmx8sx.jpeg?q=70
chullbull pet products Triangle Shaped Toy For Dog Prom...,₹169,,,43% off,https://www.flipkart.com/chullbull-pet-products-triangle-shaped-toy-dog-promote-dental-hygiene-silicone-rubber-toy-chew-tough-training-aid-cat/p/itm9d00a2c20ca33?pid=PTYGHUEEEVMFQKAC&lid=LSTPTYGHUEEEVMFQKACUFWNA8&marketplace=FLIPKART&q=pet+products&store=p3t&srno=s_5_183&otracker=search&iid=3092e719-28a0-48d6-a780-f03807bde162.PTYGHUEEEVMFQKAC.SEARCH&ssid=a3acuv6cjk0000001780722031329&qH=0b3cad6c322744d3&ov_redirect=true&ov_redirect=true,https://rukminim2.flixcart.com/image/612/612/xif0q/pet-toy/9/w/q/1-0022p2-chullbull-pet-products-original-imahys9rgat2tnez.jpeg?q=70
anky Anky Lemon green stone/pebbles 1kg Marble Planted ...,₹126,4.7,(3),74% off,https://www.flipkart.com/anky-lemon-green-stone-pebbles-1kg-marble-planted-substrate/p/itm0d87a669ae49b?pid=AQSH4PN9WUZCVYBJ&lid=LSTAQSH4PN9WUZCVYBJTE71QD&marketplace=FLIPKART&q=pet+products&store=p3t&srno=s_5_184&otracker=search&iid=3092e719-28a0-48d6-a780-f03807bde162.AQSH4PN9WUZCVYBJ.SEARCH&ssid=a3acuv6cjk0000001780722031329&qH=0b3cad6c322744d3&ov_redirect=true&ov_redirect=true,https://rukminim2.flixcart.com/image/612/612/xif0q/aquarium-substrate/y/j/z/1-beautiful-and-colorful-decorative-pebbles-stones-1kg-anky-original-imah4pn9jja5ummw.jpeg?q=70
jerhigh jerhigh Morning Time Stick Dog Meaty Treat Dog ...,₹506,,,19% off,https://www.flipkart.com/jerhigh-morning-time-stick-dog-meaty-treat/p/itmd2300bfb7fc04?pid=PTTHKBRUG7FSZAAH&lid=LSTPTTHKBRUG7FSZAAHPK1HYK&marketplace=FLIPKART&q=pet+products&store=p3t&srno=s_5_185&otracker=search&iid=3092e719-28a0-48d6-a780-f03807bde162.PTTHKBRUG7FSZAAH.SEARCH&ssid=a3acuv6cjk0000001780722031329&qH=0b3cad6c322744d3&ov_redirect=true&ov_redirect=true,https://rukminim2.flixcart.com/image/612/612/xif0q/pet-treat/q/v/v/60-dog-3-morning-time-3-pcs-jerhigh-original-imahkbru9xywdyfh.jpeg?q=70
SUPER High Quality 15MM Black Rope Leash For Medium Dog...,₹108,3.3,(18),81% off,https://www.flipkart.com/super-high-quality-15mm-black-rope-leash-medium-dog/p/itm9d94e2b686e41?pid=PCLHY7E7HUJ7RBM4&lid=LSTPCLHY7E7HUJ7RBM4BBTIVN&marketplace=FLIPKART&q=pet+products&store=p3t&srno=s_5_186&otracker=search&iid=3092e719-28a0-48d6-a780-f03807bde162.PCLHY7E7HUJ7RBM4.SEARCH&ssid=a3acuv6cjk0000001780722031329&qH=0b3cad6c322744d3&ov_redirect=true&ov_redirect=true,https://rukminim2.flixcart.com/image/612/612/xif0q/pet-collar-harness/p/m/y/small-high-quality-15mm-black-rope-leash-for-small-dog-super-original-imah362dkvbajgyz.jpeg?q=70
Weldecor Pebbles/Gravels/Stone 500g Gravel Unplanted Su...,₹123,4.3,(19),79% off,https://www.flipkart.com/weldecor-pebbles-gravels-stone-500g-gravel-unplanted-substrate/p/itmfc6b0ef1e1423?pid=AQSFVFBGHZRBUQUD&lid=LSTAQSFVFBGHZRBUQUD0NTOWH&marketplace=FLIPKART&q=pet+products&store=p3t&srno=s_5_187&otracker=search&iid=3092e719-28a0-48d6-a780-f03807bde162.AQSFVFBGHZRBUQUD.SEARCH&ssid=a3acuv6cjk0000001780722031329&qH=0b3cad6c322744d3&ov_redirect=true&ov_redirect=true,https://rukminim2.flixcart.com/image/612/612/kerfl3k0/aquarium-substrate/d/9/q/wd-purple-5kg-weldecor-original-imafvdppe2b94tf8.jpeg?q=70
"Furever Friends Dog Bowls 2 Pack, Stainless Steel Pet F...",₹153,4.2,"(3,034)",36% off,https://www.flipkart.com/furever-friends-dog-bowls-2-pack-stainless-steel-pet-feeding-water-silver-plated-bowl/p/itmb932e64fe6399?pid=PBLGF2JGW3DPYYGR&lid=LSTPBLGF2JGW3DPYYGRBJLWEQ&marketplace=FLIPKART&q=pet+products&store=p3t&srno=s_5_188&otracker=search&iid=3092e719-28a0-48d6-a780-f03807bde162.PBLGF2JGW3DPYYGR.SEARCH&ssid=a3acuv6cjk0000001780722031329&qH=0b3cad6c322744d3&ov_redirect=true&ov_redirect=true,https://rukminim2.flixcart.com/image/612/612/xif0q/pet-bowl-bottle/q/t/g/asf-400ml-furever-friends-400-original-imahcuqxtrper8re.jpeg?q=70
Pet Life Pure Organic White And Bright Pet Shampoo For ...,₹252,4.3,(524),20% off,https://www.flipkart.com/pet-life-pure-organic-white-bright-shampoo-small-pets-rabbits-kitten-healthy-shiny-coat-nourishing-hair-body-wash-safe-effective-friendly-formula-all-whitening-color-enhancing-conditioning-anti-itching-rose-water-rabbit/p/itma1bd14d1d2b0a?pid=PSOG7FTPSGP7BZRB&lid=LSTPSOG7FTPSGP7BZRBQ6WGFU&marketplace=FLIPKART&q=pet+products&store=p3t&srno=s_5_189&otracker=search&iid=3092e719-28a0-48d6-a780-f03807bde162.PSOG7FTPSGP7BZRB.SEARCH&ssid=a3acuv6cjk0000001780722031329&qH=0b3cad6c322744d3&ov_redirect=true&ov_redirect=true,https://rukminim2.flixcart.com/image/612/612/xif0q/pet-shampoo/o/g/7/200-pure-organic-white-and-bright-pet-shampoo-for-small-pets-original-imagy7hzphhkztgs.jpeg?q=70
chullbull pet products Toys for Puppies & Small Dogs To...,₹338,,,67% off,https://www.flipkart.com/chullbull-pet-products-toys-puppies-small-dogs-rope-ball-toy-color-may-vary-chew-cotton-toy-tug-ball-training-aid-dog-cat/p/itm1099a22a15a62?pid=PTYHY7ZVAPGCMZMZ&lid=LSTPTYHY7ZVAPGCMZMZKXL4ME&marketplace=FLIPKART&q=pet+products&store=p3t&srno=s_5_190&otracker=search&iid=3092e719-28a0-48d6-a780-f03807bde162.PTYHY7ZVAPGCMZMZ.SEARCH&ssid=a3acuv6cjk0000001780722031329&qH=0b3cad6c322744d3&ov_redirect=true&ov_redirect=true,https://rukminim2.flixcart.com/image/612/612/xif0q/pet-toy/r/9/c/5-combo-toys-for-puppies-dogs-toy-rubber-ball-chew-toy-training-original-imahys9rpcn9ucjt.jpeg?q=70
"chullbull pet products Dog Teething Toy Silicone, Rubbe...",₹138,1.5,(4),53% off,https://www.flipkart.com/chullbull-pet-products-dog-teething-toy-silicone-rubber-chew-toy-fetch-training-aid-bone-cat/p/itm5324f7e06f9b1?pid=PTYGHUEEGEUYNGVQ&lid=LSTPTYGHUEEGEUYNGVQJKRBUN&marketplace=FLIPKART&q=pet+products&store=p3t&srno=s_5_191&otracker=search&iid=3092e719-28a0-48d6-a780-f03807bde162.PTYGHUEEGEUYNGVQ.SEARCH&ssid=a3acuv6cjk0000001780722031329&qH=0b3cad6c322744d3&ov_redirect=true&ov_redirect=true,https://rukminim2.flixcart.com/image/612/612/xif0q/pet-toy/f/k/h/1-0006p3-chullbull-pet-products-original-imahys9r8wgsccg4.jpeg?q=70
Jainsons Pet Products Dog & Puppy Toys - Puppy chew Toy...,₹178,,,55% off,https://www.flipkart.com/jainsons-pet-products-dog-puppy-toys-chew-cotton-toy-cotton-dumble-toy/p/itm4475870fdd379?pid=PTYGADFVGPRWFVWA&lid=LSTPTYGADFVGPRWFVWAS3KV23&marketplace=FLIPKART&q=pet+products&store=p3t&srno=s_5_192&otracker=search&iid=3092e719-28a0-48d6-a780-f03807bde162.PTYGADFVGPRWFVWA.SEARCH&ssid=a3acuv6cjk0000001780722031329&qH=0b3cad6c322744d3&ov_redirect=true&ov_redirect=true,https://rukminim2.flixcart.com/image/612/612/ky1vl3k0/pet-toy/u/c/w/1-dog-toys-aggressive-chewers-puppy-toys-puppy-chew-toys-dog-original-imagadfvpxprazee.jpeg?q=70
Jainsons Pet Products Cotton Chew Toy For Dog,₹144,,,71% off,https://www.flipkart.com/jainsons-pet-products-cotton-chew-toy-dog/p/itmfazyy2gfezpwn?pid=PTYFAZXPYZG4FCNN&lid=LSTPTYFAZXPYZG4FCNN0BTUJK&marketplace=FLIPKART&q=pet+products&store=p3t&srno=s_5_193&otracker=search&iid=3092e719-28a0-48d6-a780-f03807bde162.PTYFAZXPYZG4FCNN.SEARCH&ssid=a3acuv6cjk0000001780722031329&qH=0b3cad6c322744d3&ov_redirect=true&ov_redirect=true,https://rukminim2.flixcart.com/image/612/612/jo62kcw0/pet-toy/c/n/n/mj00745amz-jainsons-pet-products-original-imafapyhzpfsbkey.jpeg?q=70
Jainsons Pet Products Soft Toy Ribcord with TPR Brown f...,₹399,,,42% off,https://www.flipkart.com/jainsons-pet-products-soft-toy-ribcord-tpr-brown-small-breed-brown-cotton-dog/p/itmf681d4ccf3462?pid=PTYH89DMXYXHCM4K&lid=LSTPTYH89DMXYXHCM4KTTQUBU&marketplace=FLIPKART&q=pet+products&store=p3t&srno=s_5_194&otracker=search&iid=3092e719-28a0-48d6-a780-f03807bde162.PTYH89DMXYXHCM4K.SEARCH&ssid=a3acuv6cjk0000001780722031329&qH=0b3cad6c322744d3&ov_redirect=true&ov_redirect=true,https://rukminim2.flixcart.com/image/612/612/xif0q/pet-toy/z/r/c/1-dog-soft-toy-ribcord-with-tpr-brown-for-small-breed-brown-original-imah89h2skusgeur.jpeg?q=70
Jainsons Pet Products Cotton Chew Toy For Dog,₹132,,,73% off,https://www.flipkart.com/jainsons-pet-products-cotton-chew-toy-dog/p/itmfazyyzr7pmgzp?pid=PTYFAZXPYFP8UGFC&lid=LSTPTYFAZXPYFP8UGFCLJRGTW&marketplace=FLIPKART&q=pet+products&store=p3t&srno=s_5_195&otracker=search&iid=3092e719-28a0-48d6-a780-f03807bde162.PTYFAZXPYFP8UGFC.SEARCH&ssid=a3acuv6cjk0000001780722031329&qH=0b3cad6c322744d3&ov_redirect=true&ov_redirect=true,https://rukminim2.flixcart.com/image/612/612/jo62kcw0/pet-toy/g/f/c/mj00705amz-jainsons-pet-products-original-imafazyynghkrdwu.jpeg?q=70
DC Pet Products PVC Disco Ball Dog Toy | Durable Bouncy...,₹175,,,64% off,https://www.flipkart.com/dc-pet-products-pvc-disco-ball-dog-toy-durable-bouncy-chew-dogs-multicolor-rubber-cat/p/itmd80bd30ac4d00?pid=PTYHN4V7PY6SPUJC&lid=LSTPTYHN4V7PY6SPUJCUHDZNO&marketplace=FLIPKART&q=pet+products&store=p3t&srno=s_5_196&otracker=search&iid=3092e719-28a0-48d6-a780-f03807bde162.PTYHN4V7PY6SPUJC.SEARCH&ssid=a3acuv6cjk0000001780722031329&qH=0b3cad6c322744d3&ov_redirect=true&ov_redirect=true,https://rukminim2.flixcart.com/image/612/612/xif0q/pet-toy/q/7/m/1-pvcdscball-dc-pet-products-original-imahn4v7zafjwufh.jpeg?q=70
Ds Company Marble Planted Substrate,₹247,,,69% off,https://www.flipkart.com/ds-company-marble-planted-substrate/p/itm8e5e71f328eaf?pid=AQSGPHVYUFJNDZJG&lid=LSTAQSGPHVYUFJNDZJGVUOJVU&marketplace=FLIPKART&q=pet+products&store=p3t&srno=s_5_197&otracker=search&iid=3092e719-28a0-48d6-a780-f03807bde162.AQSGPHVYUFJNDZJG.SEARCH&ssid=a3acuv6cjk0000001780722031329&qH=0b3cad6c322744d3&ov_redirect=true&ov_redirect=true,https://rukminim2.flixcart.com/image/612/612/xif0q/aquarium-substrate/w/d/a/0-49-90-piece-plane-glass-yellow-colour-kanche-marble-glass-ball-original-imagphvyt7p4w9qh.jpeg?q=70
GIG BAZAAR Aquarium Decor Stone Shelter Rock Hidden Spa...,₹259,,,74% off,https://www.flipkart.com/gig-bazaar-aquarium-decor-stone-shelter-rock-hidden-space-small-betta-fish-ornament-laterite-unplanted-substrate/p/itm4f6f600536644?pid=AQSHF8PHMXYBBG6N&lid=LSTAQSHF8PHMXYBBG6NWOBBUJ&marketplace=FLIPKART&q=pet+products&store=p3t&srno=s_5_198&otracker=search&iid=3092e719-28a0-48d6-a780-f03807bde162.AQSHF8PHMXYBBG6N.SEARCH&ssid=a3acuv6cjk0000001780722031329&qH=0b3cad6c322744d3&ov_redirect=true&ov_redirect=true,https://rukminim2.flixcart.com/image/612/612/xif0q/aquarium-substrate/7/r/z/0-350-r-057-black-gig-bazaar-original-imahf8phqnfvzhrd.jpeg?q=70
SYMKARD River Rock Unplanted Substrate,₹243,,,59% off,https://www.flipkart.com/symkard-river-rock-unplanted-substrate/p/itm33f1ee0a09225?pid=AQSH9SS9BW6K6GGD&lid=LSTAQSH9SS9BW6K6GGDTPDHX9&marketplace=FLIPKART&q=pet+products&store=p3t&srno=s_5_199&otracker=search&iid=3092e719-28a0-48d6-a780-f03807bde162.AQSH9SS9BW6K6GGD.SEARCH&ssid=a3acuv6cjk0000001780722031329&qH=0b3cad6c322744d3&ov_redirect=true&ov_redirect=true,https://rukminim2.flixcart.com/image/612/612/xif0q/aquarium-substrate/s/f/y/0-2-new-rock-01-symkard-original-imah9ss9zhpheuaa.jpeg?q=70
Chip Chops chip chop grilled chicken jerky 70gm pack of...,₹753,,,15% off,https://www.flipkart.com/chip-chops-chop-grilled-chicken-jerky-70gm-pack-3-dog-treat/p/itm8fa4748b2998d?pid=PTTHKHJYV8UC3TG9&lid=LSTPTTHKHJYV8UC3TG9ISWTRD&marketplace=FLIPKART&q=pet+products&store=p3t&srno=s_5_200&otracker=search&iid=3092e719-28a0-48d6-a780-f03807bde162.PTTHKHJYV8UC3TG9.SEARCH&ssid=a3acuv6cjk0000001780722031329&qH=0b3cad6c322744d3&ov_redirect=true&ov_redirect=true,https://rukminim2.flixcart.com/image/612/612/xif0q/pet-treat/b/s/i/0-7-dog-3-abk-imports-chip-chop-original-imahkhjwctmwtxg5.jpeg?q=70
Fur Ball Story Digestive Care Liquid,₹171,4.7,(345),24% off,https://www.flipkart.com/fur-ball-story-digestive-care-liquid/p/itmc859545c30955?pid=PMDH2GT2KRTAMHCT&lid=LSTPMDH2GT2KRTAMHCTLO3HSS&marketplace=FLIPKART&q=pet+products&store=p3t&srno=s_6_201&otracker=search&iid=en_JmjuluYyQqjbh50qxua5667Wek1GY5fueIycNWAZLrbdH18sYqYXTOczPphOuuWeO3nbYAUQE8m2_jCLtZETQg%3D%3D&ssid=yodi5feqkg0000001780722044932&qH=0b3cad6c322744d3&ov_redirect=true&ov_redirect=true,https://rukminim2.flixcart.com/image/612/612/xif0q/pet-medication/p/d/q/-original-imahgmhfyzfumhse.jpeg?q=70
Petroyale Digestive Probiotics Supplement Improves Gut ...,₹512,4.7,(41),21% off,https://www.flipkart.com/petroyale-digestive-probiotics-supplement-improves-gut-health-indigestion-pet-supplements/p/itm6d4434d248477?pid=PHSH3ZZHTFBRD3Q8&lid=LSTPHSH3ZZHTFBRD3Q8ZAOCTU&marketplace=FLIPKART&q=pet+products&store=p3t&srno=s_6_202&otracker=search&iid=en_JmjuluYyQqjbh50qxua5667Wek1GY5fueIycNWAZLrboSddeq91olPdxOJmUtoLxN-zYRF3_GzGNoDybsf9YnQ%3D%3D&ssid=yodi5feqkg0000001780722044932&qH=0b3cad6c322744d3&ov_redirect=true&ov_redirect=true,https://rukminim2.flixcart.com/image/612/612/xif0q/pet-health-supplement/s/6/r/100-digestive-probiotics-supplement-improves-gut-health-original-imahmsjp8ybzn8en.jpeg?q=70
chullbull pet products Teething & Fetching Toy For Smal...,₹130,,,56% off,https://www.flipkart.com/chullbull-pet-products-teething-fetching-toy-small-medium-sized-pets-cotton-tug-toy-fetch-chew-soft-ball-dog-cat/p/itm7066cdbff100b?pid=PTYGHYM28N4NEYXA&lid=LSTPTYGHYM28N4NEYXAJOU5TD&marketplace=FLIPKART&q=pet+products&store=p3t&srno=s_6_203&otracker=search&iid=0e7d9a4e-a88e-443d-8237-c1a7fb0d6e41.PTYGHYM28N4NEYXA.SEARCH&ssid=yodi5feqkg0000001780722044932&qH=0b3cad6c322744d3&ov_redirect=true&ov_redirect=true,https://rukminim2.flixcart.com/image/612/612/xif0q/pet-toy/s/j/w/1-0031p3-chullbull-pet-products-original-imahys9rjuvvemvq.jpeg?q=70
smarty pet products Plastic Tug Toy For Dog & Cat,₹434,,,27% off,https://www.flipkart.com/smarty-pet-products-plastic-tug-toy-dog-cat/p/itm1d6c0f48392b0?pid=PTYHKVJZC5CSMPYQ&lid=LSTPTYHKVJZC5CSMPYQPWAKPG&marketplace=FLIPKART&q=pet+products&store=p3t&srno=s_6_204&otracker=search&iid=0e7d9a4e-a88e-443d-8237-c1a7fb0d6e41.PTYHKVJZC5CSMPYQ.SEARCH&ssid=yodi5feqkg0000001780722044932&qH=0b3cad6c322744d3&ov_redirect=true&ov_redirect=true,https://rukminim2.flixcart.com/image/612/612/xif0q/pet-toy/m/7/n/1-ap00067-smarty-pet-products-original-imahkvjzymxydage.jpeg?q=70
Primo Goan beach sand Sand Planted Substrate,₹225,,,62% off,https://www.flipkart.com/primo-goan-beach-sand-planted-substrate/p/itmdf6d57c9085e7?pid=AQSH6ZVVRSYC8WQ8&lid=LSTAQSH6ZVVRSYC8WQ8GUOO8C&marketplace=FLIPKART&q=pet+products&store=p3t&srno=s_6_205&otracker=search&iid=0e7d9a4e-a88e-443d-8237-c1a7fb0d6e41.AQSH6ZVVRSYC8WQ8.SEARCH&ssid=yodi5feqkg0000001780722044932&qH=0b3cad6c322744d3&ov_redirect=true&ov_redirect=true,https://rukminim2.flixcart.com/image/612/612/xif0q/aquarium-substrate/m/w/q/0-2-p1913143-primo-original-imah74a9sbyhtqqa.jpeg?q=70
Quantum Retail Sugar Size Aquarium Quartz Sand – 250 Gr...,₹108,4.5,(6),63% off,https://www.flipkart.com/quantum-retail-sugar-size-aquarium-quartz-sand-250-grams-white-sand-orange-planted-substrate/p/itm376b9a390d983?pid=AQSGYWG4Q2BURSXA&lid=LSTAQSGYWG4Q2BURSXATXQXAG&marketplace=FLIPKART&q=pet+products&store=p3t&srno=s_6_206&otracker=search&iid=0e7d9a4e-a88e-443d-8237-c1a7fb0d6e41.AQSGYWG4Q2BURSXA.SEARCH&ssid=yodi5feqkg0000001780722044932&qH=0b3cad6c322744d3&ov_redirect=true&ov_redirect=true,https://rukminim2.flixcart.com/image/612/612/kmmcrrk0/aquarium-substrate/r/u/l/qr-250-grams-white-sand-250-grams-orange-sand-quantum-retail-original-imagfh6f83tsuz3m.jpeg?q=70
"DR. Boro (Combo 4) Allergy Relief, Conditioning, Anti-f...",₹162,4.4,(35),89% off,https://www.flipkart.com/dr-boro-combo-4-allergy-relief-conditioning-anti-fungal-anti-microbial-pet-care-650-ml-coat-cleanser/p/itmf756d009c9bb9?pid=PETHGXSZSGJBR5UA&lid=LSTPETHGXSZSGJBR5UA8MAQD1&marketplace=FLIPKART&q=pet+products&store=p3t&srno=s_6_207&otracker=search&iid=en_JmjuluYyQqjbh50qxua5667Wek1GY5fueIycNWAZLrZGFKSsZR54eQ9nxVa_nJPtG233jqqihyiAChndO8OOQg%3D%3D&ssid=yodi5feqkg0000001780722044932&qH=0b3cad6c322744d3&ov_redirect=true&ov_redirect=true,https://rukminim2.flixcart.com/image/612/612/xif0q/pet-cleanser/s/v/o/650-combo-of-4-pet-care-item-dr-boro-original-imahgxszkqh9zyhb.jpeg?q=70
Dogsee Chew Dogsee Chew Cheese Dog Treat,₹146,4,(455),26% off,https://www.flipkart.com/dogsee-chew-cheese-dog-treat/p/itmfgbh7yg9rhudh?pid=PTTH6G5YAVQH2JM7&lid=LSTPTTH6G5YAVQH2JM7NIZATG&marketplace=FLIPKART&q=pet+products&store=p3t&srno=s_6_208&otracker=search&iid=en_JmjuluYyQqjbh50qxua5667Wek1GY5fueIycNWAZLrb5zNML41TmrEke-Hv7zH0K4skLX3YwbelZMs2VLdN6Aw%3D%3D&ssid=yodi5feqkg0000001780722044932&qH=0b3cad6c322744d3&ov_redirect=true&ov_redirect=true,https://rukminim2.flixcart.com/image/612/612/xif0q/pet-treat/r/h/x/100-dog-3-small-p1-dogsee-chew-original-imah6jygjnh42jdy.jpeg?q=70
deepak badkur Organic Natural River Sand for Gardening ...,₹121,2.7,(16),69% off,https://www.flipkart.com/deepak-badkur-organic-natural-river-sand-gardening-ideal-cactus-succulent-bonsai-adenium-potting-soil-planted-substrate/p/itmb56b4e4d851b7?pid=AQSGF9NCZHAR9GEE&lid=LSTAQSGF9NCZHAR9GEELU993X&marketplace=FLIPKART&q=pet+products&store=p3t&srno=s_6_209&otracker=search&iid=0e7d9a4e-a88e-443d-8237-c1a7fb0d6e41.AQSGF9NCZHAR9GEE.SEARCH&ssid=yodi5feqkg0000001780722044932&qH=0b3cad6c322744d3&ov_redirect=true&ov_redirect=true,https://rukminim2.flixcart.com/image/612/612/xif0q/aquarium-substrate/v/4/p/1-organic-natural-river-sand-for-gardening-ideal-for-cactus-original-imahc7g3tuxvdgdz.jpeg?q=70
GIG BAZAAR Aquarium Resin Wood Ship Decoration Ornament...,₹264,4.6,(5),62% off,https://www.flipkart.com/gig-bazaar-aquarium-resin-wood-ship-decoration-ornaments-small-broken-holes-laterite-unplanted-substrate/p/itmfadd036833ad2?pid=AQSH7YRX2NXPHWKG&lid=LSTAQSH7YRX2NXPHWKGE2OG2R&marketplace=FLIPKART&q=pet+products&store=p3t&srno=s_6_210&otracker=search&iid=0e7d9a4e-a88e-443d-8237-c1a7fb0d6e41.AQSH7YRX2NXPHWKG.SEARCH&ssid=yodi5feqkg0000001780722044932&qH=0b3cad6c322744d3&ov_redirect=true&ov_redirect=true,https://rukminim2.flixcart.com/image/612/612/xif0q/aquarium-substrate/d/j/8/0-2-ship-03-gig-bazaar-original-imahhntmcgwbbpcz.jpeg?q=70
"Georgic Proteina Muscle Builder for Dogs | Weight Gain,...",₹369,5,(3),26% off,https://www.flipkart.com/georgic-proteina-muscle-builder-dogs-weight-gain-energy-stamina-growth-pet-health-supplements/p/itmdb1669ef7c125?pid=PHSHHGNTMKFZSEBY&lid=LSTPHSHHGNTMKFZSEBYSDQA64&marketplace=FLIPKART&q=pet+products&store=p3t&srno=s_6_211&otracker=search&iid=en_JmjuluYyQqjbh50qxua5667Wek1GY5fueIycNWAZLrboOFletU5FwAaCwXfLuIxaHcIPNinxFgBBPEz7PzyjDA%3D%3D&ssid=yodi5feqkg0000001780722044932&qH=0b3cad6c322744d3&ov_redirect=true&ov_redirect=true,https://rukminim2.flixcart.com/image/612/612/xif0q/pet-health-supplement/q/p/b/150-proteina-dog-supplement-supports-energy-stamina-georgic-original-imahhykw8gkfztgg.jpeg?q=70
"Petroyale Allergy & Itch Chews for Dogs, Relief from Al...",₹379,3.9,(48),15% off,https://www.flipkart.com/petroyale-allergy-itch-chews-dogs-relief-allergies-hot-spots-dry-skin-pet-health-supplements/p/itm166a78c077518?pid=PHSH4NEDHCQFTWYB&lid=LSTPHSH4NEDHCQFTWYBIA1DKT&marketplace=FLIPKART&q=pet+products&store=p3t&srno=s_6_212&otracker=search&iid=en_JmjuluYyQqjbh50qxua5667Wek1GY5fueIycNWAZLrZMgvowwp2Y7qTMN3fOU4qUXrre9Aser5PVFBEPxbqdpg%3D%3D&ssid=yodi5feqkg0000001780722044932&qH=0b3cad6c322744d3&ov_redirect=true&ov_redirect=true,https://rukminim2.flixcart.com/image/612/612/xif0q/pet-health-supplement/s/k/j/20-allergy-itch-chews-for-dogs-relief-from-allergies-hot-spots-original-imahmrezwkqhezw5.jpeg?q=70
Pet Life Anti Ticks Birds Bath Waterless Spray for Poul...,₹113,4.1,(121),31% off,https://www.flipkart.com/pet-life-anti-ticks-birds-bath-waterless-spray-poultry-birds-parrot-sparrow-pigeon-flea-tick-itch-relief-allergy-anti-fungal-anti-parasitic-anti-microbial-fresh-made-natural-actives-waterless-tick-shampoo-easy-use-all-bird-breed/p/itm139efc39dfe68?pid=PSOH5C9TDZ4RZGUF&lid=LSTPSOH5C9TDZ4RZGUFN9WBUC&marketplace=FLIPKART&q=pet+products&store=p3t&srno=s_6_213&otracker=search&iid=0e7d9a4e-a88e-443d-8237-c1a7fb0d6e41.PSOH5C9TDZ4RZGUF.SEARCH&ssid=yodi5feqkg0000001780722044932&qH=0b3cad6c322744d3&ov_redirect=true&ov_redirect=true,https://rukminim2.flixcart.com/image/612/612/xif0q/pet-shampoo/2/4/y/60-6271-60ml-anti-tiicks-birds-bath-pet-life-original-imah6fa2zpf28nex.jpeg?q=70
Dr Venture Anti-Dandruff & Conditioning shampoo 200 ml+...,₹215,4.2,"(1,480)",55% off,https://www.flipkart.com/venture-anti-dandruff-conditioning-shampoo-200-ml-pet-brush-allergy-relief-anti-dandruff-anti-fungal-anti-itching-anti-microbial-eucalyptus-dog/p/itme8f2a6ea19543?pid=PSOGAQXW4GCNMRGP&lid=LSTPSOGAQXW4GCNMRGPWUYGRD&marketplace=FLIPKART&q=pet+products&store=p3t&srno=s_6_214&otracker=search&iid=0e7d9a4e-a88e-443d-8237-c1a7fb0d6e41.PSOGAQXW4GCNMRGP.SEARCH&ssid=yodi5feqkg0000001780722044932&qH=0b3cad6c322744d3&ov_redirect=true&ov_redirect=true,https://rukminim2.flixcart.com/image/612/612/xif0q/pet-shampoo/r/b/n/200-anti-dandruff-conditioning-eucalyptus-dog-cat-shampoo-original-imah4egdh7rg8eks.jpeg?q=70
W9 Pet Products Set Of 3 Cotton Rope Toys Teeth Cleanin...,₹158,,,73% off,https://www.flipkart.com/w9-pet-products-set-3-cotton-rope-toys-teeth-cleaning-small-puppy-chew-toy-fetch-tug-toy-dog/p/itm4cbed7c7af886?pid=PTYGSDFVGM9GDK7G&lid=LSTPTYGSDFVGM9GDK7G54IYWG&marketplace=FLIPKART&q=pet+products&store=p3t&srno=s_6_215&otracker=search&iid=0e7d9a4e-a88e-443d-8237-c1a7fb0d6e41.PTYGSDFVGM9GDK7G.SEARCH&ssid=yodi5feqkg0000001780722044932&qH=0b3cad6c322744d3&ov_redirect=true&ov_redirect=true,https://rukminim2.flixcart.com/image/612/612/xif0q/pet-toy/m/8/p/3-pa-ty-372-old-combo-of-3-durable-pet-teeth-cleaning-chewing-original-imagsdfuxpfwpgft.jpeg?q=70
W9 Pet Products Dental Care Rubber Tooth Cleaning Stick...,₹193,,,67% off,https://www.flipkart.com/w9-pet-products-dental-care-rubber-tooth-cleaning-stick-chew-toy-small-puppy-orange-toy-fetch-dog/p/itm7f76d68165ddd?pid=PTYGRGQTFQHZNUNE&lid=LSTPTYGRGQTFQHZNUNE2FX24Y&marketplace=FLIPKART&q=pet+products&store=p3t&srno=s_6_216&otracker=search&iid=0e7d9a4e-a88e-443d-8237-c1a7fb0d6e41.PTYGRGQTFQHZNUNE.SEARCH&ssid=yodi5feqkg0000001780722044932&qH=0b3cad6c322744d3&ov_redirect=true&ov_redirect=true,https://rukminim2.flixcart.com/image/612/612/xif0q/pet-toy/a/r/z/1-pa-ty-387-ora-dental-care-rubber-tooth-cleaning-stick-chew-toy-original-imagrgqtuvc2bxer.jpeg?q=70
Fur Ball Story Dermaprove Ayurvedic Herbal Formula Dog ...,₹377,4.7,(719),24% off,https://www.flipkart.com/fur-ball-story-dermaprove-ayurvedic-herbal-formula-dog-shampoo-rosemary-neem-oil-aloevera-itch-relief-anti-dandruff-anti-bacterial-anti-fungal-anti-microbial-mild/p/itm4f12d039fa281?pid=PSOH7HY4WWYZTJWG&lid=LSTPSOH7HY4WWYZTJWGCZWZON&marketplace=FLIPKART&q=pet+products&store=p3t&srno=s_6_217&otracker=search&iid=en_JmjuluYyQqjbh50qxua5667Wek1GY5fueIycNWAZLraZt5QUoBrU3S6tKFGIIhYUzjeMp9tNSEaqSNIqeejwiQ%3D%3D&ssid=yodi5feqkg0000001780722044932&qH=0b3cad6c322744d3&ov_redirect=true&ov_redirect=true,https://rukminim2.flixcart.com/image/612/612/xif0q/pet-shampoo/s/g/7/300-dermaprove-vet-recommended-ayurvedic-antifungal-rosemary-oil-original-imahm9zxnxa9fu2h.jpeg?q=70
W9 Pet Products Cute Squeaky Rubber Hedgehog and Tennis...,₹448,,,50% off,https://www.flipkart.com/w9-pet-products-cute-squeaky-rubber-hedgehog-tennis-shape-toy-puppy-small-fetch-toy-ball-plush-dog/p/itm667132d294dd1?pid=PTYGRDJHAAVNEJVR&lid=LSTPTYGRDJHAAVNEJVRNZWMTX&marketplace=FLIPKART&q=pet+products&store=p3t&srno=s_6_218&otracker=search&iid=0e7d9a4e-a88e-443d-8237-c1a7fb0d6e41.PTYGRDJHAAVNEJVR.SEARCH&ssid=yodi5feqkg0000001780722044932&qH=0b3cad6c322744d3&ov_redirect=true&ov_redirect=true,https://rukminim2.flixcart.com/image/612/612/xif0q/pet-toy/6/4/0/2-pa-ty-359-combo-of-2-latex-cute-squeaky-rubber-hedgehog-and-original-imagrdjhsx6hq4zh.jpeg?q=70
"Jainsons Pet Products Spike Bone Chew Toy, 2 Knot Rope ...",₹240,,,51% off,https://www.flipkart.com/jainsons-pet-products-spike-bone-chew-toy-2-knot-rope-toy-ring-toys-dog-color-may-vary-rubber-cotton-rubber-soft-dog/p/itm061ad8cf65c57?pid=PTYGEDW2YDF7A3NQ&lid=LSTPTYGEDW2YDF7A3NQJEGT1S&marketplace=FLIPKART&q=pet+products&store=p3t&srno=s_6_219&otracker=search&iid=0e7d9a4e-a88e-443d-8237-c1a7fb0d6e41.PTYGEDW2YDF7A3NQ.SEARCH&ssid=yodi5feqkg0000001780722044932&qH=0b3cad6c322744d3&ov_redirect=true&ov_redirect=true,https://rukminim2.flixcart.com/image/612/612/l37mtu80/pet-toy/c/h/q/3-spike-bone-chew-toy-2-knot-rope-toy-spike-ring-toys-for-dog-original-imagedw2sphyqzrs.jpeg?q=70
W9 Pet Products Squeaky Interactive Fetch Floating Toy ...,₹299,,,57% off,https://www.flipkart.com/w9-pet-products-squeaky-interactive-fetch-floating-toy-small-puppy-hydrangea-yellow-rubber-ball-toy-soft-dog/p/itm1f08ac83b945b?pid=PTYGRK558TV8VBZR&lid=LSTPTYGRK558TV8VBZRYPQEJN&marketplace=FLIPKART&q=pet+products&store=p3t&srno=s_6_220&otracker=search&iid=0e7d9a4e-a88e-443d-8237-c1a7fb0d6e41.PTYGRK558TV8VBZR.SEARCH&ssid=yodi5feqkg0000001780722044932&qH=0b3cad6c322744d3&ov_redirect=true&ov_redirect=true,https://rukminim2.flixcart.com/image/612/612/xif0q/pet-toy/n/k/u/1-pa-ty-403-s-squeaky-interactive-fetch-floating-toy-for-small-original-imagrk555eyamqab.jpeg?q=70
W9 Pet Products 3-Pack Squeaky Spiky Chew Floatable Fet...,₹265,,,62% off,https://www.flipkart.com/w9-pet-products-3-pack-squeaky-spiky-chew-floatable-fetch-ball-small-medium-dogs-rubber-ball-toy-toy-dog/p/itm6de302cb33e07?pid=PTYGS38XSACVSCD5&lid=LSTPTYGS38XSACVSCD5LYN7G1&marketplace=FLIPKART&q=pet+products&store=p3t&srno=s_6_221&otracker=search&iid=0e7d9a4e-a88e-443d-8237-c1a7fb0d6e41.PTYGS38XSACVSCD5.SEARCH&ssid=yodi5feqkg0000001780722044932&qH=0b3cad6c322744d3&ov_redirect=true&ov_redirect=true,https://rukminim2.flixcart.com/image/612/612/xif0q/pet-toy/2/j/u/3-pa-ty-479-3-pack-rubber-tpr-teeth-cleaning-squeaky-spiky-chew-original-imags38wccyx3nfb.jpeg?q=70
W9 Pet Products Rubber Teeth Cleaning Floating Fetch Bo...,₹423,,,52% off,https://www.flipkart.com/w9-pet-products-rubber-teeth-cleaning-floating-fetch-bone-toy-dog-bone-chew-toy/p/itma96826cb68907?pid=PTYGS3Y8ERXZUHYR&lid=LSTPTYGS3Y8ERXZUHYRH6QBQF&marketplace=FLIPKART&q=pet+products&store=p3t&srno=s_6_222&otracker=search&iid=0e7d9a4e-a88e-443d-8237-c1a7fb0d6e41.PTYGS3Y8ERXZUHYR.SEARCH&ssid=yodi5feqkg0000001780722044932&qH=0b3cad6c322744d3&ov_redirect=true&ov_redirect=true,https://rukminim2.flixcart.com/image/612/612/xif0q/pet-toy/d/u/y/1-pa-ty-474-rubber-bite-resistant-teeth-cleaning-floating-fetch-original-imags3y7ztxnxvxt.jpeg?q=70
GIG BAZAAR Aquarium Exotic Environments Human Skull for...,₹302,,,69% off,https://www.flipkart.com/gig-bazaar-aquarium-exotic-environments-human-skull-shelter-caves-decoration-laterite-unplanted-substrate/p/itmff32ee44b2f8b?pid=AQSHBCHU8YBGH9MH&lid=LSTAQSHBCHU8YBGH9MHCAPGFT&marketplace=FLIPKART&q=pet+products&store=p3t&srno=s_6_223&otracker=search&iid=0e7d9a4e-a88e-443d-8237-c1a7fb0d6e41.AQSHBCHU8YBGH9MH.SEARCH&ssid=yodi5feqkg0000001780722044932&qH=0b3cad6c322744d3&ov_redirect=true&ov_redirect=true,https://rukminim2.flixcart.com/image/612/612/xif0q/aquarium-substrate/u/6/p/0-3-human-skull-0322-gig-bazaar-original-imahcc2zk4hjrbx2.jpeg?q=70
ShopTalk 250 gram multicolour stone with Cowrie shell m...,₹115,3.8,(5),61% off,https://www.flipkart.com/shoptalk-250-gram-multicolour-stone-cowrie-shell-mix-river-rock-unplanted-substrate/p/itm845088f06b927?pid=AQSG9Z6PAJEZH9YG&lid=LSTAQSG9Z6PAJEZH9YG9BRBLQ&marketplace=FLIPKART&q=pet+products&store=p3t&srno=s_6_224&otracker=search&iid=0e7d9a4e-a88e-443d-8237-c1a7fb0d6e41.AQSG9Z6PAJEZH9YG.SEARCH&ssid=yodi5feqkg0000001780722044932&qH=0b3cad6c322744d3&ov_redirect=true&ov_redirect=true,https://rukminim2.flixcart.com/image/612/612/kxjav0w0/aquarium-substrate/y/w/d/0-10-stone-with-cowries-shoptalk-original-imag9z6pzhwg5ypw.jpeg?q=70
jerhigh Dog Treats Mini Burger Chicken Dog Snacks High ...,₹265,,,10% off,https://www.flipkart.com/jerhigh-dog-treats-mini-burger-chicken-snacks-high-protein-pack-1-treat/p/itmc3a4451850e9c?pid=PTTHEZCFUFGHA2B3&lid=LSTPTTHEZCFUFGHA2B328ASFO&marketplace=FLIPKART&q=pet+products&store=p3t&srno=s_6_225&otracker=search&iid=0e7d9a4e-a88e-443d-8237-c1a7fb0d6e41.PTTHEZCFUFGHA2B3.SEARCH&ssid=yodi5feqkg0000001780722044932&qH=0b3cad6c322744d3&ov_redirect=true&ov_redirect=true,https://rukminim2.flixcart.com/image/612/612/xif0q/pet-treat/h/b/z/0-2-dog-2-dncjh100mb02-jerhigh-original-imagqq24xwp3hpkf.jpeg?q=70
mannikabytanish SWEET KISS Deodorizer,₹215,,,54% off,https://www.flipkart.com/mannikabytanish-sweet-kiss-deodorizer/p/itm795827f05ffab?pid=PDZH96GNHWQM44FK&lid=LSTPDZH96GNHWQM44FKXMKUCK&marketplace=FLIPKART&q=pet+products&store=p3t&srno=s_6_226&otracker=search&iid=0e7d9a4e-a88e-443d-8237-c1a7fb0d6e41.PDZH96GNHWQM44FK.SEARCH&ssid=yodi5feqkg0000001780722044932&qH=0b3cad6c322744d3&ov_redirect=true&ov_redirect=true,https://rukminim2.flixcart.com/image/612/612/xif0q/pet-deodorizer/v/k/w/250-the-pet-bar-sweet-kiss-dog-and-cat-perfume-250-ml-1-original-imahmdysezzdmgg2.jpeg?q=70
Quantum Retail Sugar Size Multi Colour Mix Crystal Sand...,₹123,4.7,(6),79% off,https://www.flipkart.com/quantum-retail-sugar-size-multi-colour-mix-crystal-sand-quartz-silica-sand-lawn-decore-home-garden-decoration-aquarium-substrate-terrarium-sand-quartz-3-kg-planted-substrate/p/itm1b42c13cdea49?pid=AQSGYQGYW6PJQGKG&lid=LSTAQSGYQGYW6PJQGKGVXOC3T&marketplace=FLIPKART&q=pet+products&store=p3t&srno=s_6_227&otracker=search&iid=0e7d9a4e-a88e-443d-8237-c1a7fb0d6e41.AQSGYQGYW6PJQGKG.SEARCH&ssid=yodi5feqkg0000001780722044932&qH=0b3cad6c322744d3&ov_redirect=true&ov_redirect=true,https://rukminim2.flixcart.com/image/612/612/klo27bk0/aquarium-substrate/8/f/1/qr-multi-colour-mix-quartz-sand-10-kg-quantum-retail-original-imagyqg3jphgdkpc.jpeg?q=70
Cheetah Lavender Pet Litter Tray Refill,₹262,4.5,(45),56% off,https://www.flipkart.com/cheetah-lavender-pet-litter-tray-refill/p/itma89141e4d06d8?pid=PLYHB2GYGGYYEAGT&lid=LSTPLYHB2GYGGYYEAGTU57A3W&marketplace=FLIPKART&q=pet+products&store=p3t&srno=s_6_228&otracker=search&iid=0e7d9a4e-a88e-443d-8237-c1a7fb0d6e41.PLYHB2GYGGYYEAGT.SEARCH&ssid=yodi5feqkg0000001780722044932&qH=0b3cad6c322744d3&ov_redirect=true&ov_redirect=true,https://rukminim2.flixcart.com/image/612/612/xif0q/pet-litter-tray-refil/e/t/o/2-lavender-cheetah-original-imahafqhyjgg9mmu.jpeg?q=70
CIBO X-Large 1650 ML Super Premium Quality Anti Skid Sc...,₹171,4.2,"(2,525)",74% off,https://www.flipkart.com/cibo-x-large-1650-ml-super-premium-quality-anti-skid-scratch-proof-dog-bowl-round-silver-plated-stainless-steel-pet/p/itmbaf7b64b4d951?pid=PBLFVW2JZXQHUGFX&lid=LSTPBLFVW2JZXQHUGFXL0HVZC&marketplace=FLIPKART&q=pet+products&store=p3t&srno=s_6_229&otracker=search&iid=0e7d9a4e-a88e-443d-8237-c1a7fb0d6e41.PBLFVW2JZXQHUGFX.SEARCH&ssid=yodi5feqkg0000001780722044932&qH=0b3cad6c322744d3&ov_redirect=true&ov_redirect=true,https://rukminim2.flixcart.com/image/612/612/xif0q/pet-bowl-bottle/w/a/6/x-large-1650-ml-super-premium-quality-anti-skid-scratch-proof-original-imahcuqx3cthej2y.jpeg?q=70
W9 Pet Products Molar Stick Bone Toy with Squeaky Pimpl...,₹200,,,59% off,https://www.flipkart.com/w9-pet-products-molar-stick-bone-toy-squeaky-pimple-ball-small-puppy-blue-rubber-ball-fetch-toy-dog/p/itmd4900d1a4485b?pid=PTYGSCFK76MGPMBZ&lid=LSTPTYGSCFK76MGPMBZRQQISU&marketplace=FLIPKART&q=pet+products&store=p3t&srno=s_6_230&otracker=search&iid=0e7d9a4e-a88e-443d-8237-c1a7fb0d6e41.PTYGSCFK76MGPMBZ.SEARCH&ssid=yodi5feqkg0000001780722044932&qH=0b3cad6c322744d3&ov_redirect=true&ov_redirect=true,https://rukminim2.flixcart.com/image/612/612/xif0q/pet-toy/u/v/a/2-pa-ty-487-blu-molar-stick-bone-toy-with-squeaky-pimple-ball-original-imagscfkusgrfvsf.jpeg?q=70
W9 Pet Products Soft Latex with Plush Squeaker Interact...,₹385,,,51% off,https://www.flipkart.com/w9-pet-products-soft-latex-plush-squeaker-interactive-fetch-chew-toys-puppies-cotton-toy-ball-squeaky-toy-dog/p/itm3e4c1a01a54f4?pid=PTYGRQ93ZGYNCZ5B&lid=LSTPTYGRQ93ZGYNCZ5BNZYZO7&marketplace=FLIPKART&q=pet+products&store=p3t&srno=s_6_231&otracker=search&iid=0e7d9a4e-a88e-443d-8237-c1a7fb0d6e41.PTYGRQ93ZGYNCZ5B.SEARCH&ssid=yodi5feqkg0000001780722044932&qH=0b3cad6c322744d3&ov_redirect=true&ov_redirect=true,https://rukminim2.flixcart.com/image/612/612/xif0q/pet-toy/8/r/t/1-pa-ty-425-soft-latex-with-plush-squeaker-hand-sew-double-original-imagrq7a4jhjc3ym.jpeg?q=70
W9 Pet Products 3- Pack Non-Toxic Soft Natural TPR Rubb...,₹344,,,56% off,https://www.flipkart.com/w9-pet-products-3-pack-non-toxic-soft-natural-tpr-rubber-toy-small-puppy-blue-chew-toy-fetch-squeaky-dog/p/itm3f09df27876d5?pid=PTYGRPWV5KEGZ6CY&lid=LSTPTYGRPWV5KEGZ6CY5AOFEB&marketplace=FLIPKART&q=pet+products&store=p3t&srno=s_6_232&otracker=search&iid=0e7d9a4e-a88e-443d-8237-c1a7fb0d6e41.PTYGRPWV5KEGZ6CY.SEARCH&ssid=yodi5feqkg0000001780722044932&qH=0b3cad6c322744d3&ov_redirect=true&ov_redirect=true,https://rukminim2.flixcart.com/image/612/612/xif0q/pet-toy/f/s/k/3-pa-ty-424-blue-durable-spiky-squeaker-dog-toy-non-toxic-soft-original-imagrpwvgwyhdyhq.jpeg?q=70
W9 Pet Products Latex Cute Squeaky Rubber Owl and Star ...,₹442,,,50% off,https://www.flipkart.com/w9-pet-products-latex-cute-squeaky-rubber-owl-star-shape-toy-puppy-ball-fetch-toy-plush-soft-dog/p/itm465ddf8fdcffd?pid=PTYGRDKQZVWBAQND&lid=LSTPTYGRDKQZVWBAQNDYM7NOP&marketplace=FLIPKART&q=pet+products&store=p3t&srno=s_6_233&otracker=search&iid=0e7d9a4e-a88e-443d-8237-c1a7fb0d6e41.PTYGRDKQZVWBAQND.SEARCH&ssid=yodi5feqkg0000001780722044932&qH=0b3cad6c322744d3&ov_redirect=true&ov_redirect=true,https://rukminim2.flixcart.com/image/612/612/xif0q/pet-toy/e/t/v/2-pa-ty-360-combo-of-2-rubber-latex-cute-squeaky-rubber-owl-and-original-imagrdkqfwtmhtae.jpeg?q=70
W9 Pet Products Latex Cute Squeaky Rubber Owl Fun Toy f...,₹247,,,50% off,https://www.flipkart.com/w9-pet-products-latex-cute-squeaky-rubber-owl-fun-toy-small-puppy-fetch-toy-ball-plush-dog/p/itm05af55273c1c1?pid=PTYGRDGVGNNBBFTV&lid=LSTPTYGRDGVGNNBBFTVTSSSVN&marketplace=FLIPKART&q=pet+products&store=p3t&srno=s_6_234&otracker=search&iid=0e7d9a4e-a88e-443d-8237-c1a7fb0d6e41.PTYGRDGVGNNBBFTV.SEARCH&ssid=yodi5feqkg0000001780722044932&qH=0b3cad6c322744d3&ov_redirect=true&ov_redirect=true,https://rukminim2.flixcart.com/image/612/612/xif0q/pet-toy/3/m/6/1-pa-ty-356-rubber-latex-cute-squeaky-rubber-owl-shape-fun-toy-original-imagrdgupq4g7dvf.jpeg?q=70
W9 Pet Products Squeaky Chew Bone with Ball Toy Rubber ...,₹268,,,55% off,https://www.flipkart.com/w9-pet-products-squeaky-chew-bone-ball-toy-rubber-small-puppy-blue-bone-toy-fetch-dog/p/itm960d97b8b456f?pid=PTYGRPPA7KU6DRHN&lid=LSTPTYGRPPA7KU6DRHNHXSQ7O&marketplace=FLIPKART&q=pet+products&store=p3t&srno=s_6_235&otracker=search&iid=0e7d9a4e-a88e-443d-8237-c1a7fb0d6e41.PTYGRPPA7KU6DRHN.SEARCH&ssid=yodi5feqkg0000001780722044932&qH=0b3cad6c322744d3&ov_redirect=true&ov_redirect=true,https://rukminim2.flixcart.com/image/612/612/xif0q/pet-toy/q/g/q/2-pa-ty-422-blue-durable-squeaky-chew-bone-with-ball-toy-non-original-imagrppahe9nbhsp.jpeg?q=70
W9 Pet Products Soft Latex with Plush Squeaker Plush Fe...,₹385,,,51% off,https://www.flipkart.com/w9-pet-products-soft-latex-plush-squeaker-fetch-chew-toys-puppies-rugby-cotton-toy-toy-dog/p/itmdb22522680eef?pid=PTYGRQ93Z2J9ZJST&lid=LSTPTYGRQ93Z2J9ZJSTC1YAXL&marketplace=FLIPKART&q=pet+products&store=p3t&srno=s_6_236&otracker=search&iid=0e7d9a4e-a88e-443d-8237-c1a7fb0d6e41.PTYGRQ93Z2J9ZJST.SEARCH&ssid=yodi5feqkg0000001780722044932&qH=0b3cad6c322744d3&ov_redirect=true&ov_redirect=true,https://rukminim2.flixcart.com/image/612/612/xif0q/pet-toy/h/w/a/1-pa-ty-426-soft-latex-with-plush-squeaker-hand-sew-double-original-imagrq7uayhzvf34.jpeg?q=70
GIG BAZAAR Aquarium Decor Caves Stone Shelter Rock Hidd...,₹389,,,61% off,https://www.flipkart.com/gig-bazaar-aquarium-decor-caves-stone-shelter-rock-hidden-space-small-betta-fish-ornament-laterite-unplanted-substrate/p/itma5e772d3aa129?pid=AQSHF8ZAGDAHZKBG&lid=LSTAQSHF8ZAGDAHZKBGXGO4A1&marketplace=FLIPKART&q=pet+products&store=p3t&srno=s_6_237&otracker=search&iid=0e7d9a4e-a88e-443d-8237-c1a7fb0d6e41.AQSHF8ZAGDAHZKBG.SEARCH&ssid=yodi5feqkg0000001780722044932&qH=0b3cad6c322744d3&ov_redirect=true&ov_redirect=true,https://rukminim2.flixcart.com/image/612/612/xif0q/aquarium-substrate/d/z/u/0-350-r-056-black-gig-bazaar-original-imahf8zarfhuuvkz.jpeg?q=70
GIG BAZAAR Aquarium Exotic Human Skull Shelter Cave Dec...,₹405,,,59% off,https://www.flipkart.com/gig-bazaar-aquarium-exotic-human-skull-shelter-cave-decoration-hideaway-aquatic-pets-laterite-unplanted-substrate/p/itm61b4591dbdecc?pid=AQSHAQC5JXCHG5YZ&lid=LSTAQSHAQC5JXCHG5YZBSRX6N&marketplace=FLIPKART&q=pet+products&store=p3t&srno=s_6_238&otracker=search&iid=0e7d9a4e-a88e-443d-8237-c1a7fb0d6e41.AQSHAQC5JXCHG5YZ.SEARCH&ssid=yodi5feqkg0000001780722044932&qH=0b3cad6c322744d3&ov_redirect=true&ov_redirect=true,https://rukminim2.flixcart.com/image/612/612/xif0q/aquarium-substrate/y/y/d/0-3-human-skull-120-gig-bazaar-original-imahaqc57uq7jgfw.jpeg?q=70
Jiyansh Traders 50_Pcs Cloud Green Colour Kanche Marble...,₹245,,,64% off,https://www.flipkart.com/jiyansh-traders-50-pcs-cloud-green-colour-kanche-marble-glass-ball-goli-aquarium-substrate-planted/p/itmacef94e8ec2e0?pid=AQSGW5Y7QWXK9H6H&lid=LSTAQSGW5Y7QWXK9H6H9JX7EM&marketplace=FLIPKART&q=pet+products&store=p3t&srno=s_6_239&otracker=search&iid=0e7d9a4e-a88e-443d-8237-c1a7fb0d6e41.AQSGW5Y7QWXK9H6H.SEARCH&ssid=yodi5feqkg0000001780722044932&qH=0b3cad6c322744d3&ov_redirect=true&ov_redirect=true,https://rukminim2.flixcart.com/image/612/612/xif0q/aquarium-substrate/l/v/i/0-2-50-pcs-green-or-cloud-green-colour-kanche-marble-glass-ball-original-imagw5y7fz84cmft.jpeg?q=70
deepak badkur Natural River Sand for Gardening Ideal fo...,₹143,2.3,(4),64% off,https://www.flipkart.com/deepak-badkur-natural-river-sand-gardening-ideal-cactus-succulent-bonsai-adenium-potting-fish-farm-organics-100-pure-organic-planted-substrate/p/itmc4058f6106a08?pid=AQSGFWGN93CVDHZP&lid=LSTAQSGFWGN93CVDHZPK9UUE7&marketplace=FLIPKART&q=pet+products&store=p3t&srno=s_6_240&otracker=search&iid=0e7d9a4e-a88e-443d-8237-c1a7fb0d6e41.AQSGFWGN93CVDHZP.SEARCH&ssid=yodi5feqkg0000001780722044932&qH=0b3cad6c322744d3&ov_redirect=true&ov_redirect=true,https://rukminim2.flixcart.com/image/612/612/xif0q/aquarium-substrate/q/n/i/2-natural-river-sand-for-gardening-ideal-for-cactus-succulent-original-imahc7g4amhdssfm.jpeg?q=70
Fur Ball Story Digestive Care Liquid,₹171,4.7,(345),24% off,https://www.flipkart.com/fur-ball-story-digestive-care-liquid/p/itmc859545c30955?pid=PMDH2GT2KRTAMHCT&lid=LSTPMDH2GT2KRTAMHCTLO3HSS&marketplace=FLIPKART&q=pet+products&store=p3t&srno=s_7_241&otracker=search&iid=en_gzG8BeEDroeixia2SfxE2bmILLw8olaEzwp253pVcG3LlmSaoFzZjLX0HFDo6ttLO3nbYAUQE8m2_jCLtZETQg%3D%3D&ssid=ss9e2hl98g0000001780722057694&qH=0b3cad6c322744d3&ov_redirect=true&ov_redirect=true,https://rukminim2.flixcart.com/image/612/612/xif0q/pet-medication/p/d/q/-original-imahgmhfyzfumhse.jpeg?q=70
Petroyale Digestive Probiotics Supplement Improves Gut ...,₹512,4.7,(41),21% off,https://www.flipkart.com/petroyale-digestive-probiotics-supplement-improves-gut-health-indigestion-pet-supplements/p/itm6d4434d248477?pid=PHSH3ZZHTFBRD3Q8&lid=LSTPHSH3ZZHTFBRD3Q8ZAOCTU&marketplace=FLIPKART&q=pet+products&store=p3t&srno=s_7_242&otracker=search&iid=en_gzG8BeEDroeixia2SfxE2bmILLw8olaEzwp253pVcG1dXz0MPBBOuXAi9BnoE-h7N-zYRF3_GzGNoDybsf9YnQ%3D%3D&ssid=ss9e2hl98g0000001780722057694&qH=0b3cad6c322744d3&ov_redirect=true&ov_redirect=true,https://rukminim2.flixcart.com/image/612/612/xif0q/pet-health-supplement/s/6/r/100-digestive-probiotics-supplement-improves-gut-health-original-imahmsjp8ybzn8en.jpeg?q=70
W9 Pet Products Set Of 3 Cotton Rope Toys Teeth Cleanin...,₹158,,,73% off,https://www.flipkart.com/w9-pet-products-set-3-cotton-rope-toys-teeth-cleaning-small-puppy-chew-toy-fetch-tug-toy-dog/p/itm4cbed7c7af886?pid=PTYGSDFVGM9GDK7G&lid=LSTPTYGSDFVGM9GDK7G54IYWG&marketplace=FLIPKART&q=pet+products&store=p3t&srno=s_7_243&otracker=search&iid=cade3eb9-a9df-44c6-8d15-617a1ce95901.PTYGSDFVGM9GDK7G.SEARCH&ssid=ss9e2hl98g0000001780722057694&qH=0b3cad6c322744d3&ov_redirect=true&ov_redirect=true,https://rukminim2.flixcart.com/image/612/612/xif0q/pet-toy/m/8/p/3-pa-ty-372-old-combo-of-3-durable-pet-teeth-cleaning-chewing-original-imagsdfuxpfwpgft.jpeg?q=70
W9 Pet Products Durable Spiky Squeaky Rugby Chew Toy fo...,₹148,,,62% off,https://www.flipkart.com/w9-pet-products-durable-spiky-squeaky-rugby-chew-toy-small-puppy-green-rubber-ball-toy-fetch-dog/p/itm9cab35eca145f?pid=PTYGS2YD6EFJNFNF&lid=LSTPTYGS2YD6EFJNFNFREZB8K&marketplace=FLIPKART&q=pet+products&store=p3t&srno=s_7_244&otracker=search&iid=cade3eb9-a9df-44c6-8d15-617a1ce95901.PTYGS2YD6EFJNFNF.SEARCH&ssid=ss9e2hl98g0000001780722057694&qH=0b3cad6c322744d3&ov_redirect=true&ov_redirect=true,https://rukminim2.flixcart.com/image/612/612/xif0q/pet-toy/h/y/n/1-pa-ty-473-rug-gre-durable-spiky-squeaky-rugby-chew-toy-non-original-imags2ydsnhcgbpv.jpeg?q=70
W9 Pet Products Cute Squeaky Rubber Hedgehog and Tennis...,₹448,,,50% off,https://www.flipkart.com/w9-pet-products-cute-squeaky-rubber-hedgehog-tennis-shape-toy-puppy-small-fetch-toy-ball-plush-dog/p/itm667132d294dd1?pid=PTYGRDJHAAVNEJVR&lid=LSTPTYGRDJHAAVNEJVRNZWMTX&marketplace=FLIPKART&q=pet+products&store=p3t&srno=s_7_245&otracker=search&iid=cade3eb9-a9df-44c6-8d15-617a1ce95901.PTYGRDJHAAVNEJVR.SEARCH&ssid=ss9e2hl98g0000001780722057694&qH=0b3cad6c322744d3&ov_redirect=true&ov_redirect=true,https://rukminim2.flixcart.com/image/612/612/xif0q/pet-toy/6/4/0/2-pa-ty-359-combo-of-2-latex-cute-squeaky-rubber-hedgehog-and-original-imagrdjhsx6hq4zh.jpeg?q=70
W9 Pet Products Nylon Horn Shaped Chew Toy for Dog (Lar...,₹396,,,50% off,https://www.flipkart.com/w9-pet-products-nylon-horn-shaped-chew-toy-dog-large-bone-toy-fetch/p/itmacb35288ad000?pid=PTYGSYW2YFEGCDVZ&lid=LSTPTYGSYW2YFEGCDVZ3FBVFO&marketplace=FLIPKART&q=pet+products&store=p3t&srno=s_7_246&otracker=search&iid=cade3eb9-a9df-44c6-8d15-617a1ce95901.PTYGSYW2YFEGCDVZ.SEARCH&ssid=ss9e2hl98g0000001780722057694&qH=0b3cad6c322744d3&ov_redirect=true&ov_redirect=true,https://rukminim2.flixcart.com/image/612/612/xif0q/pet-toy/d/y/u/1-pa-ty-462-l-nylon-horn-shaped-chew-toy-for-dog-large-w9-pet-original-imagsyw2ugh3pmnf.jpeg?q=70
"DR. Boro (Combo 4) Allergy Relief, Conditioning, Anti-f...",₹162,4.4,(35),89% off,https://www.flipkart.com/dr-boro-combo-4-allergy-relief-conditioning-anti-fungal-anti-microbial-pet-care-650-ml-coat-cleanser/p/itmf756d009c9bb9?pid=PETHGXSZSGJBR5UA&lid=LSTPETHGXSZSGJBR5UA8MAQD1&marketplace=FLIPKART&q=pet+products&store=p3t&srno=s_7_247&otracker=search&iid=en_gzG8BeEDroeixia2SfxE2bmILLw8olaEzwp253pVcG2WVTU7e65V-RxIB20r2xY9G233jqqihyiAChndO8OOQg%3D%3D&ssid=ss9e2hl98g0000001780722057694&qH=0b3cad6c322744d3&ov_redirect=true&ov_redirect=true,https://rukminim2.flixcart.com/image/612/612/xif0q/pet-cleanser/s/v/o/650-combo-of-4-pet-care-item-dr-boro-original-imahgxszkqh9zyhb.jpeg?q=70
Dogsee Chew Dogsee Chew Cheese Dog Treat,₹146,4,(455),26% off,https://www.flipkart.com/dogsee-chew-cheese-dog-treat/p/itmfgbh7yg9rhudh?pid=PTTH6G5YAVQH2JM7&lid=LSTPTTH6G5YAVQH2JM7NIZATG&marketplace=FLIPKART&q=pet+products&store=p3t&srno=s_7_248&otracker=search&iid=en_gzG8BeEDroeixia2SfxE2bmILLw8olaEzwp253pVcG15yzAxa2_2dW11GCkxbYRW4skLX3YwbelZMs2VLdN6Aw%3D%3D&ssid=ss9e2hl98g0000001780722057694&qH=0b3cad6c322744d3&ov_redirect=true&ov_redirect=true,https://rukminim2.flixcart.com/image/612/612/xif0q/pet-treat/r/h/x/100-dog-3-small-p1-dogsee-chew-original-imah6jygjnh42jdy.jpeg?q=70
W9 Pet Products Squeaky Interactive Fetch Floating Toy ...,₹299,,,57% off,https://www.flipkart.com/w9-pet-products-squeaky-interactive-fetch-floating-toy-small-puppy-hydrangea-yellow-rubber-ball-toy-soft-dog/p/itm1f08ac83b945b?pid=PTYGRK558TV8VBZR&lid=LSTPTYGRK558TV8VBZRYPQEJN&marketplace=FLIPKART&q=pet+products&store=p3t&srno=s_7_249&otracker=search&iid=cade3eb9-a9df-44c6-8d15-617a1ce95901.PTYGRK558TV8VBZR.SEARCH&ssid=ss9e2hl98g0000001780722057694&qH=0b3cad6c322744d3&ov_redirect=true&ov_redirect=true,https://rukminim2.flixcart.com/image/612/612/xif0q/pet-toy/n/k/u/1-pa-ty-403-s-squeaky-interactive-fetch-floating-toy-for-small-original-imagrk555eyamqab.jpeg?q=70
mannikabytanish SWEET KISS Deodorizer,₹215,,,54% off,https://www.flipkart.com/mannikabytanish-sweet-kiss-deodorizer/p/itm795827f05ffab?pid=PDZH96GNHWQM44FK&lid=LSTPDZH96GNHWQM44FKXMKUCK&marketplace=FLIPKART&q=pet+products&store=p3t&srno=s_7_250&otracker=search&iid=cade3eb9-a9df-44c6-8d15-617a1ce95901.PDZH96GNHWQM44FK.SEARCH&ssid=ss9e2hl98g0000001780722057694&qH=0b3cad6c322744d3&ov_redirect=true&ov_redirect=true,https://rukminim2.flixcart.com/image/612/612/xif0q/pet-deodorizer/v/k/w/250-the-pet-bar-sweet-kiss-dog-and-cat-perfume-250-ml-1-original-imahmdysezzdmgg2.jpeg?q=70
"Georgic Proteina Muscle Builder for Dogs | Weight Gain,...",₹369,5,(3),26% off,https://www.flipkart.com/georgic-proteina-muscle-builder-dogs-weight-gain-energy-stamina-growth-pet-health-supplements/p/itmdb1669ef7c125?pid=PHSHHGNTMKFZSEBY&lid=LSTPHSHHGNTMKFZSEBYSDQA64&marketplace=FLIPKART&q=pet+products&store=p3t&srno=s_7_251&otracker=search&iid=en_gzG8BeEDroeixia2SfxE2bmILLw8olaEzwp253pVcG1SSHZN3QliK6u06OefUb8cHcIPNinxFgBBPEz7PzyjDA%3D%3D&ssid=ss9e2hl98g0000001780722057694&qH=0b3cad6c322744d3&ov_redirect=true&ov_redirect=true,https://rukminim2.flixcart.com/image/612/612/xif0q/pet-health-supplement/q/p/b/150-proteina-dog-supplement-supports-energy-stamina-georgic-original-imahhykw8gkfztgg.jpeg?q=70
"Petroyale Allergy & Itch Chews for Dogs, Relief from Al...",₹379,3.9,(48),15% off,https://www.flipkart.com/petroyale-allergy-itch-chews-dogs-relief-allergies-hot-spots-dry-skin-pet-health-supplements/p/itm166a78c077518?pid=PHSH4NEDHCQFTWYB&lid=LSTPHSH4NEDHCQFTWYBIA1DKT&marketplace=FLIPKART&q=pet+products&store=p3t&srno=s_7_252&otracker=search&iid=en_gzG8BeEDroeixia2SfxE2bmILLw8olaEzwp253pVcG3QtzYqX6RdEww9L4SbMsoJXrre9Aser5PVFBEPxbqdpg%3D%3D&ssid=ss9e2hl98g0000001780722057694&qH=0b3cad6c322744d3&ov_redirect=true&ov_redirect=true,https://rukminim2.flixcart.com/image/612/612/xif0q/pet-health-supplement/s/k/j/20-allergy-itch-chews-for-dogs-relief-from-allergies-hot-spots-original-imahmrezwkqhezw5.jpeg?q=70
GIG BAZAAR Beautiful Monk House Aquarium Decoration for...,₹229,3.7,(19),61% off,https://www.flipkart.com/gig-bazaar-beautiful-monk-house-aquarium-decoration-fish-underwater-world-laterite-unplanted-substrate/p/itm60683fa4eb33b?pid=AQSH2YVXKHW8NTZN&lid=LSTAQSH2YVXKHW8NTZNQ6CTZZ&marketplace=FLIPKART&q=pet+products&store=p3t&srno=s_7_253&otracker=search&iid=cade3eb9-a9df-44c6-8d15-617a1ce95901.AQSH2YVXKHW8NTZN.SEARCH&ssid=ss9e2hl98g0000001780722057694&qH=0b3cad6c322744d3&ov_redirect=true&ov_redirect=true,https://rukminim2.flixcart.com/image/612/612/xif0q/aquarium-substrate/f/9/s/0-2-1-gig-bazaar-original-imahj5ehbhze2neg.jpeg?q=70
GIG BAZAAR Aquarium Exotic Human Skull Shelter Cave Dec...,₹405,,,59% off,https://www.flipkart.com/gig-bazaar-aquarium-exotic-human-skull-shelter-cave-decoration-hideaway-aquatic-pets-laterite-unplanted-substrate/p/itm61b4591dbdecc?pid=AQSHAQC5JXCHG5YZ&lid=LSTAQSHAQC5JXCHG5YZBSRX6N&marketplace=FLIPKART&q=pet+products&store=p3t&srno=s_7_254&otracker=search&iid=cade3eb9-a9df-44c6-8d15-617a1ce95901.AQSHAQC5JXCHG5YZ.SEARCH&ssid=ss9e2hl98g0000001780722057694&qH=0b3cad6c322744d3&ov_redirect=true&ov_redirect=true,https://rukminim2.flixcart.com/image/612/612/xif0q/aquarium-substrate/y/y/d/0-3-human-skull-120-gig-bazaar-original-imahaqc57uq7jgfw.jpeg?q=70
deepak badkur Natural River Sand for Gardening Ideal fo...,₹143,2.3,(4),64% off,https://www.flipkart.com/deepak-badkur-natural-river-sand-gardening-ideal-cactus-succulent-bonsai-adenium-potting-fish-farm-organics-100-pure-organic-planted-substrate/p/itmc4058f6106a08?pid=AQSGFWGN93CVDHZP&lid=LSTAQSGFWGN93CVDHZPK9UUE7&marketplace=FLIPKART&q=pet+products&store=p3t&srno=s_7_255&otracker=search&iid=cade3eb9-a9df-44c6-8d15-617a1ce95901.AQSGFWGN93CVDHZP.SEARCH&ssid=ss9e2hl98g0000001780722057694&qH=0b3cad6c322744d3&ov_redirect=true&ov_redirect=true,https://rukminim2.flixcart.com/image/612/612/xif0q/aquarium-substrate/q/n/i/2-natural-river-sand-for-gardening-ideal-for-cactus-succulent-original-imahc7g4amhdssfm.jpeg?q=70
first bark Fruity Blast (225g)--Strawberry (Pack of 1) ...,₹315,,,10% off,https://www.flipkart.com/first-bark-fruity-blast-225g-strawberry-pack-1-strawberry-dog-treat/p/itm5e42af95e659d?pid=PTTHEZBSRXGFZNXY&lid=LSTPTTHEZBSRXGFZNXYKQ4OL2&marketplace=FLIPKART&q=pet+products&store=p3t&srno=s_7_256&otracker=search&iid=cade3eb9-a9df-44c6-8d15-617a1ce95901.PTTHEZBSRXGFZNXY.SEARCH&ssid=ss9e2hl98g0000001780722057694&qH=0b3cad6c322744d3&ov_redirect=true&ov_redirect=true,https://rukminim2.flixcart.com/image/612/612/xif0q/pet-treat/s/u/k/225-dog-1-gdfb2253-first-bark-original-imaheqtf2gj2dygm.jpeg?q=70
Fur Ball Story Dermaprove Ayurvedic Herbal Formula Dog ...,₹377,4.7,(719),24% off,https://www.flipkart.com/fur-ball-story-dermaprove-ayurvedic-herbal-formula-dog-shampoo-rosemary-neem-oil-aloevera-itch-relief-anti-dandruff-anti-bacterial-anti-fungal-anti-microbial-mild/p/itm4f12d039fa281?pid=PSOH7HY4WWYZTJWG&lid=LSTPSOH7HY4WWYZTJWGCZWZON&marketplace=FLIPKART&q=pet+products&store=p3t&srno=s_7_257&otracker=search&iid=en_gzG8BeEDroeixia2SfxE2bmILLw8olaEzwp253pVcG1mZNDf8646yy33IK7-NYZczjeMp9tNSEaqSNIqeejwiQ%3D%3D&ssid=ss9e2hl98g0000001780722057694&qH=0b3cad6c322744d3&ov_redirect=true&ov_redirect=true,https://rukminim2.flixcart.com/image/612/612/xif0q/pet-shampoo/s/g/7/300-dermaprove-vet-recommended-ayurvedic-antifungal-rosemary-oil-original-imahm9zxnxa9fu2h.jpeg?q=70
Breedo Dog Need (Combo of 2) Flea-Tick Shampoo Conditio...,₹170,4,"(1,543)",71% off,https://www.flipkart.com/breedo-dog-need-combo-2-flea-tick-shampoo-conditioner-gloves-allergy-relief-conditioning-anti-fungal-anti-microbial-anti-itching-anti-dandruff-natural/p/itm1700b14137a17?pid=PSOGDGVUXY8B2ZFG&lid=LSTPSOGDGVUXY8B2ZFGHFRTF0&marketplace=FLIPKART&q=pet+products&store=p3t&srno=s_7_258&otracker=search&iid=en_gzG8BeEDroeixia2SfxE2bmILLw8olaEzwp253pVcG1gTrroylLMfwXl4fzCFVIT-ae2zLVaHawJQdr3sN9mDg%3D%3D&ssid=ss9e2hl98g0000001780722057694&qH=0b3cad6c322744d3&ov_redirect=true&ov_redirect=true,https://rukminim2.flixcart.com/image/612/612/xif0q/pet-shampoo/d/l/r/250-dog-need-combo-of-2-flea-tick-shampoo-conditioner-gloves-original-imah7hyhwhnp3bb8.jpeg?q=70
Pet Life Pure Organic Body Lotion For Dog |Effective To...,₹197,4.1,(17),32% off,https://www.flipkart.com/pet-life-pure-organic-body-lotion-dog-effective-skin-dryness-nourishes-skin-hair-shedding-softening-safe-chemical-sulphate-free-friendly-formula-all-breeds-conditioning-natural-shampoo/p/itm060d5804b4721?pid=PSOG6ZM2BRDHEZ7B&lid=LSTPSOG6ZM2BRDHEZ7BZCYRXN&marketplace=FLIPKART&q=pet+products&store=p3t&srno=s_7_259&otracker=search&iid=cade3eb9-a9df-44c6-8d15-617a1ce95901.PSOG6ZM2BRDHEZ7B.SEARCH&ssid=ss9e2hl98g0000001780722057694&qH=0b3cad6c322744d3&ov_redirect=true&ov_redirect=true,https://rukminim2.flixcart.com/image/612/612/xif0q/pet-shampoo/c/o/l/200-pure-organic-body-lotion-for-dog-effective-to-skin-dryness-original-imagna9nuza3xgpj.jpeg?q=70
Pet Life Organic Dry Bath Shampoo for Cats - Dry/Waterl...,₹242,3.9,(103),15% off,https://www.flipkart.com/pet-life-organic-dry-bath-shampoo-cats-dry-waterless-spray-made-natural-ingredients-cleaner-smoother-shinier-coat-safe-effective-cat-friendly-formula-all-breeds-whitening-color-enhancing-conditioning-anti-itching-lemon-neem/p/itm4cdcfc44e17ab?pid=PSOG48HZ3HGFN6P8&lid=LSTPSOG48HZ3HGFN6P8NBZ7RG&marketplace=FLIPKART&q=pet+products&store=p3t&srno=s_7_260&otracker=search&iid=cade3eb9-a9df-44c6-8d15-617a1ce95901.PSOG48HZ3HGFN6P8.SEARCH&ssid=ss9e2hl98g0000001780722057694&qH=0b3cad6c322744d3&ov_redirect=true&ov_redirect=true,https://rukminim2.flixcart.com/image/612/612/xif0q/pet-shampoo/8/y/z/200-organic-dry-bath-shampoo-for-cats-dry-waterless-spray-cats-original-imagwynzzmhg4qqg.jpeg?q=70
"VetMantra VITAMIN H ALLUMINIUM PACK, MULTIVITAMIN FOR C...",₹256,4.1,(429),83% off,https://www.flipkart.com/vetmantra-vitamin-h-alluminium-pack-multivitamin-cow-buffalo-other-pets-pet-health-supplements/p/itmd5ac9a24c7027?pid=PHSG48CVBERCUHQH&lid=LSTPHSG48CVBERCUHQHUP4ZD9&marketplace=FLIPKART&q=pet+products&store=p3t&srno=s_7_261&otracker=search&iid=en_gzG8BeEDroeixia2SfxE2bmILLw8olaEzwp253pVcG3JawhuM5uDplyN-YNg-6AP4t1c-L-LSqvxhRRt3jk-mw%3D%3D&ssid=ss9e2hl98g0000001780722057694&qH=0b3cad6c322744d3&ov_redirect=true&ov_redirect=true,https://rukminim2.flixcart.com/image/612/612/xif0q/pet-health-supplement/d/u/k/1-vitamin-h-alluminium-pack-multivitamin-for-cow-buffalo-and-original-imahm2szyzv9c7wv.jpeg?q=70
Petroyale Urinary Tract Health Tablets For Dogs With Cr...,₹720,5,(3),24% off,https://www.flipkart.com/petroyale-urinary-tract-health-tablets-dogs-cranberry-extract-pet-supplements/p/itmd2a2a50d08421?pid=PHSGZZXAWWZFMEXB&lid=LSTPHSGZZXAWWZFMEXBOF5UVD&marketplace=FLIPKART&q=pet+products&store=p3t&srno=s_7_262&otracker=search&iid=en_gzG8BeEDroeixia2SfxE2bmILLw8olaEzwp253pVcG0jQ_JJhG8dsNeb4nnlwW-eltyZTQKdyCKgLRTD6KR9qPUFjCTyOHoHZs-Z5_PS_w0%3D&ssid=ss9e2hl98g0000001780722057694&qH=0b3cad6c322744d3&ov_redirect=true&ov_redirect=true,https://rukminim2.flixcart.com/image/612/612/xif0q/pet-health-supplement/n/0/d/30-urinary-tract-health-tablets-for-dogs-with-cranberry-extract-original-imahm43cdgauez9g.jpeg?q=70
W9 Pet Products Dental Care Rubber Tooth Cleaning Stick...,₹193,,,67% off,https://www.flipkart.com/w9-pet-products-dental-care-rubber-tooth-cleaning-stick-chew-toy-small-puppy-orange-toy-fetch-dog/p/itm7f76d68165ddd?pid=PTYGRGQTFQHZNUNE&lid=LSTPTYGRGQTFQHZNUNE2FX24Y&marketplace=FLIPKART&q=pet+products&store=p3t&srno=s_7_263&otracker=search&iid=cade3eb9-a9df-44c6-8d15-617a1ce95901.PTYGRGQTFQHZNUNE.SEARCH&ssid=ss9e2hl98g0000001780722057694&qH=0b3cad6c322744d3&ov_redirect=true&ov_redirect=true,https://rukminim2.flixcart.com/image/612/612/xif0q/pet-toy/a/r/z/1-pa-ty-387-ora-dental-care-rubber-tooth-cleaning-stick-chew-toy-original-imagrgqtuvc2bxer.jpeg?q=70
W9 Pet Products Combo of 5 Knotted Rope Toy Tug Toys fo...,₹385,,,61% off,https://www.flipkart.com/w9-pet-products-combo-5-knotted-rope-toy-tug-toys-small-puppy-chew-toys-multicolor-cotton-fetch-toy-dog/p/itmc62ae85a5da56?pid=PTYGRGYSCF98SHCC&lid=LSTPTYGRGYSCF98SHCCMQBDVB&marketplace=FLIPKART&q=pet+products&store=p3t&srno=s_7_264&otracker=search&iid=cade3eb9-a9df-44c6-8d15-617a1ce95901.PTYGRGYSCF98SHCC.SEARCH&ssid=ss9e2hl98g0000001780722057694&qH=0b3cad6c322744d3&ov_redirect=true&ov_redirect=true,https://rukminim2.flixcart.com/image/612/612/xif0q/pet-toy/5/b/i/5-pa-ty-399-combo-of-5-teeth-cleaning-chewing-biting-cotton-original-imagrgysmhtreegq.jpeg?q=70
Jainsons Pet Products Rubber Ball For Dog,₹150,3.5,(20),74% off,https://www.flipkart.com/jainsons-pet-products-rubber-ball-dog/p/itmfazyyjg7f4y2f?pid=PTYFAZXQMHKTGJDZ&lid=LSTPTYFAZXQMHKTGJDZBMKCAB&marketplace=FLIPKART&q=pet+products&store=p3t&srno=s_7_265&otracker=search&iid=cade3eb9-a9df-44c6-8d15-617a1ce95901.PTYFAZXQMHKTGJDZ.SEARCH&ssid=ss9e2hl98g0000001780722057694&qH=0b3cad6c322744d3&ov_redirect=true&ov_redirect=true,https://rukminim2.flixcart.com/image/612/612/jo62kcw0/pet-toy/j/d/z/multi-color-ball-s-jainsons-pet-products-original-imafazyyhsrjd7zp.jpeg?q=70
W9 Pet Products Rubber Teeth Cleaning Floating Fetch Bo...,₹423,,,52% off,https://www.flipkart.com/w9-pet-products-rubber-teeth-cleaning-floating-fetch-bone-toy-dog-bone-chew-toy/p/itma96826cb68907?pid=PTYGS3Y8ERXZUHYR&lid=LSTPTYGS3Y8ERXZUHYRH6QBQF&marketplace=FLIPKART&q=pet+products&store=p3t&srno=s_7_266&otracker=search&iid=cade3eb9-a9df-44c6-8d15-617a1ce95901.PTYGS3Y8ERXZUHYR.SEARCH&ssid=ss9e2hl98g0000001780722057694&qH=0b3cad6c322744d3&ov_redirect=true&ov_redirect=true,https://rukminim2.flixcart.com/image/612/612/xif0q/pet-toy/d/u/y/1-pa-ty-474-rubber-bite-resistant-teeth-cleaning-floating-fetch-original-imags3y7ztxnxvxt.jpeg?q=70
DR. Boro Pet Coat Cleanser Shampoo I Routine Bathing & ...,₹104,4.8,(4),67% off,https://www.flipkart.com/dr-boro-pet-coat-cleanser-shampoo-routine-bathing-skin-hygiene-controls-dandruff-200-ml/p/itm5208e9724d314?pid=PETHHP4F7RDZJ5FF&lid=LSTPETHHP4F7RDZJ5FFXZ8NV2&marketplace=FLIPKART&q=pet+products&store=p3t&srno=s_7_267&otracker=search&iid=en_gzG8BeEDroeixia2SfxE2bmILLw8olaEzwp253pVcG3F_6oAVrZuWvwrC2OtWLyFMDmuY3RdjPor0Au0nlcDzQ%3D%3D&ssid=ss9e2hl98g0000001780722057694&qH=0b3cad6c322744d3&ov_redirect=true&ov_redirect=true,https://rukminim2.flixcart.com/image/612/612/xif0q/pet-cleanser/9/u/h/200-coat-cleanser-shampoo-i-routine-bathing-skin-hygiene-i-original-imahgxrvaey2k3kz.jpeg?q=70
Dr. Pets Chicken Pomegranate Dog Biscuits Oven Baked Do...,₹268,,,36% off,https://www.flipkart.com/dr-pets-chicken-pomegranate-dog-biscuits-oven-baked-treats-food-treat/p/itme8fe273bebe5d?pid=PTTHNZWUGSM4SHKG&lid=LSTPTTHNZWUGSM4SHKGMBDWBS&marketplace=FLIPKART&q=pet+products&store=p3t&srno=s_7_268&otracker=search&iid=en_gzG8BeEDroeixia2SfxE2bmILLw8olaEzwp253pVcG0D9zOQAzJu_FbI4rbT13WmRVXJXL60fWAjvMddbcnCIA%3D%3D&ssid=ss9e2hl98g0000001780722057694&qH=0b3cad6c322744d3&ov_redirect=true&ov_redirect=true,https://rukminim2.flixcart.com/image/612/612/xif0q/pet-treat/d/l/p/900-dog-2-bstk-chkn-pmgrnt-450gm-pk2-dr-pets-original-imahnzwuttaj2vwt.jpeg?q=70
chullbull pet products Rubber Chew Toy For Dog & Cat,₹174,,,41% off,https://www.flipkart.com/chullbull-pet-products-rubber-chew-toy-dog-cat/p/itm1b75f49ddcea3?pid=PTYGHUEEYEDFKHDR&lid=LSTPTYGHUEEYEDFKHDRSFYHM4&marketplace=FLIPKART&q=pet+products&store=p3t&srno=s_7_269&otracker=search&iid=cade3eb9-a9df-44c6-8d15-617a1ce95901.PTYGHUEEYEDFKHDR.SEARCH&ssid=ss9e2hl98g0000001780722057694&qH=0b3cad6c322744d3&ov_redirect=true&ov_redirect=true,https://rukminim2.flixcart.com/image/612/612/xif0q/pet-toy/t/o/e/1-0029p3-chullbull-pet-products-original-imahys9rveeg7tfg.jpeg?q=70
W9 Pet Products Molar Stick Bone Toy with Squeaky Pimpl...,₹200,,,59% off,https://www.flipkart.com/w9-pet-products-molar-stick-bone-toy-squeaky-pimple-ball-small-puppy-blue-rubber-ball-fetch-toy-dog/p/itmd4900d1a4485b?pid=PTYGSCFK76MGPMBZ&lid=LSTPTYGSCFK76MGPMBZRQQISU&marketplace=FLIPKART&q=pet+products&store=p3t&srno=s_7_270&otracker=search&iid=cade3eb9-a9df-44c6-8d15-617a1ce95901.PTYGSCFK76MGPMBZ.SEARCH&ssid=ss9e2hl98g0000001780722057694&qH=0b3cad6c322744d3&ov_redirect=true&ov_redirect=true,https://rukminim2.flixcart.com/image/612/612/xif0q/pet-toy/u/v/a/2-pa-ty-487-blu-molar-stick-bone-toy-with-squeaky-pimple-ball-original-imagscfkusgrfvsf.jpeg?q=70
"Petroyale Allergy & Itch Chews for Dogs, Relief from Al...",₹636,3.9,(48),29% off,https://www.flipkart.com/petroyale-allergy-itch-chews-dogs-relief-allergies-hot-spots-dry-skin-pet-health-supplements/p/itmf071d3f747320?pid=PHSHHE63YAQQKMBB&lid=LSTPHSHHE63YAQQKMBB34L8JZ&marketplace=FLIPKART&q=pet+products&store=p3t&srno=s_7_271&otracker=search&iid=en_gzG8BeEDroeixia2SfxE2bmILLw8olaEzwp253pVcG1hnWdquoUY-xXl5jnFM_gT7mG1vIlK9nJ7GYHykLUF4Q%3D%3D&ssid=ss9e2hl98g0000001780722057694&qH=0b3cad6c322744d3&ov_redirect=true&ov_redirect=true,https://rukminim2.flixcart.com/image/612/612/xif0q/pet-health-supplement/h/g/q/40-allergy-itch-chews-for-dogs-relief-from-allergies-hot-spots-original-imahm48zdvvgnqgt.jpeg?q=70
Fur Ball Story Rainy Remedies Combo Kit for Pets Pet Sp...,₹638,4.6,(71),32% off,https://www.flipkart.com/fur-ball-story-rainy-remedies-combo-kit-pets-pet-spa/p/itm82518608c217e?pid=PSKGYDZZTUZSGB6F&lid=LSTPSKGYDZZTUZSGB6FZPOFNV&marketplace=FLIPKART&q=pet+products&store=p3t&srno=s_7_272&otracker=search&iid=en_gzG8BeEDroeixia2SfxE2bmILLw8olaEzwp253pVcG3KGOxW7W2gkfaTJd9lQdisyI6xz3_e8--i2HEGsPb2wOo15S0a61Wzzbg3qNOknKY%3D&ssid=ss9e2hl98g0000001780722057694&qH=0b3cad6c322744d3&ov_redirect=true&ov_redirect=true,https://rukminim2.flixcart.com/image/612/612/xif0q/pet-spa-kit/n/d/q/-original-imahgqzydhy5zveh.jpeg?q=70
W9 Pet Products 3- Pack Non-Toxic Soft Natural TPR Rubb...,₹344,,,56% off,https://www.flipkart.com/w9-pet-products-3-pack-non-toxic-soft-natural-tpr-rubber-toy-small-puppy-blue-chew-toy-fetch-squeaky-dog/p/itm3f09df27876d5?pid=PTYGRPWV5KEGZ6CY&lid=LSTPTYGRPWV5KEGZ6CY5AOFEB&marketplace=FLIPKART&q=pet+products&store=p3t&srno=s_7_273&otracker=search&iid=cade3eb9-a9df-44c6-8d15-617a1ce95901.PTYGRPWV5KEGZ6CY.SEARCH&ssid=ss9e2hl98g0000001780722057694&qH=0b3cad6c322744d3&ov_redirect=true&ov_redirect=true,https://rukminim2.flixcart.com/image/612/612/xif0q/pet-toy/f/s/k/3-pa-ty-424-blue-durable-spiky-squeaker-dog-toy-non-toxic-soft-original-imagrpwvgwyhdyhq.jpeg?q=70
THE PET PARENTS Pet Area Freshener 500ML + Pet Area Cle...,₹692,,,76% off,https://www.flipkart.com/pet-parents-area-freshener-500ml-cleaner-2l-long-lasting-odor-spray-deodorizer/p/itmaee00bb2e4182?pid=PDZHC6HVJGYGQ5RA&lid=LSTPDZHC6HVJGYGQ5RAUQMRRQ&marketplace=FLIPKART&q=pet+products&store=p3t&srno=s_7_274&otracker=search&iid=cade3eb9-a9df-44c6-8d15-617a1ce95901.PDZHC6HVJGYGQ5RA.SEARCH&ssid=ss9e2hl98g0000001780722057694&qH=0b3cad6c322744d3&ov_redirect=true&ov_redirect=true,https://rukminim2.flixcart.com/image/612/612/xif0q/pet-deodorizer/s/d/6/2500-pet-training-spray-500-ml-and-pet-area-freshner-50-ml-for-original-imahbv7kknmczk8p.jpeg?q=70
GIG BAZAAR Aquarium Stone Shelter Rock Cave Nesting for...,₹358,,,64% off,https://www.flipkart.com/gig-bazaar-aquarium-stone-shelter-rock-cave-nesting-small-animals-decoration-ornament-laterite-unplanted-substrate/p/itmbae65a51c69a6?pid=AQSHF8GBFZWQCDEY&lid=LSTAQSHF8GBFZWQCDEYPQ5SIY&marketplace=FLIPKART&q=pet+products&store=p3t&srno=s_7_275&otracker=search&iid=cade3eb9-a9df-44c6-8d15-617a1ce95901.AQSHF8GBFZWQCDEY.SEARCH&ssid=ss9e2hl98g0000001780722057694&qH=0b3cad6c322744d3&ov_redirect=true&ov_redirect=true,https://rukminim2.flixcart.com/image/612/612/xif0q/aquarium-substrate/t/w/w/0-350-r-054-white-gig-bazaar-original-imahf8gayrgxsgtj.jpeg?q=70
Unik Dog Pet Food Calcium Treat Healthy Chicken Puppy D...,₹212,3.8,(17),57% off,https://www.flipkart.com/unik-dog-pet-food-calcium-treat-healthy-chicken-puppy-biscuits-pressed-bone-0-25-kg-3x0-08-kg-dry-new-born/p/itm3e71007f145a3?pid=PFDGFZTSYW8WJMDH&lid=LSTPFDGFZTSYW8WJMDHEDSRWM&marketplace=FLIPKART&q=pet+products&store=p3t&srno=s_7_276&otracker=search&iid=cade3eb9-a9df-44c6-8d15-617a1ce95901.PFDGFZTSYW8WJMDH.SEARCH&ssid=ss9e2hl98g0000001780722057694&qH=0b3cad6c322744d3&ov_redirect=true&ov_redirect=true,https://rukminim2.flixcart.com/image/612/612/l59xq4w0/pet-food/e/e/g/0-5-dog-3-unik-puppy-chic-bis-500gm-5in-bone-2-01-unik-original-imagfzts8jjxxhbm.jpeg?q=70
Dr. Pets Chicken Peanut Dog Biscuits Oven Baked Dog Tre...,₹268,,,36% off,https://www.flipkart.com/dr-pets-chicken-peanut-dog-biscuits-oven-baked-treats-food-dogs-puppy-butter-treat/p/itm9cefd61eb2162?pid=PTTHNZWU8WX7SXYU&lid=LSTPTTHNZWU8WX7SXYU4SMFQ9&marketplace=FLIPKART&q=pet+products&store=p3t&srno=s_7_277&otracker=search&iid=en_gzG8BeEDroeixia2SfxE2bmILLw8olaEzwp253pVcG1jxSErVgl_dMyumG7p0eWo8AM6tU6pGitoOh4ap35FBQ%3D%3D&ssid=ss9e2hl98g0000001780722057694&qH=0b3cad6c322744d3&ov_redirect=true&ov_redirect=true,https://rukminim2.flixcart.com/image/612/612/xif0q/pet-treat/s/l/y/900-dog-2-bstk-chkn-peanut-450gm-pk2-dr-pets-original-imahnzwupjyxryx7.jpeg?q=70
DC Pet Products Pet Grooming Silicone Brush | Bath & De...,₹170,,,43% off,https://www.flipkart.com/dc-pet-products-grooming-silicone-brush-bath-deshedding-tool-plain-bristle-brushes-dog-cat-rabbit/p/itm237e65f8c2de4?pid=PCBHNFMHK2NZPFPG&lid=LSTPCBHNFMHK2NZPFPGH5QB53&marketplace=FLIPKART&q=pet+products&store=p3t&srno=s_7_278&otracker=search&iid=en_gzG8BeEDroeixia2SfxE2bmILLw8olaEzwp253pVcG3xiIua4v6NqZ5M1bU1G9dzA6bVn2uE9z5Sb87-HMP2KQ%3D%3D&ssid=ss9e2hl98g0000001780722057694&qH=0b3cad6c322744d3&ov_redirect=true&ov_redirect=true,https://rukminim2.flixcart.com/image/612/612/xif0q/pet-comb-brush/k/c/a/medium-pwpnbrsh-dc-pet-products-original-imahnfmf35h8hkgg.jpeg?q=70
BarkzandMewz Healthy Bone Shaped Dog Biscuits - 100% Au...,₹248,,,50% off,https://www.flipkart.com/barkzandmewz-healthy-bone-shaped-dog-biscuits-100-authentic-treats-chicken-treat/p/itm001f53baeac05?pid=PTTHN86ZMK5EZHWH&lid=LSTPTTHN86ZMK5EZHWHAJM7VJ&marketplace=FLIPKART&q=pet+products&store=p3t&srno=s_7_279&otracker=search&iid=cade3eb9-a9df-44c6-8d15-617a1ce95901.PTTHN86ZMK5EZHWH.SEARCH&ssid=ss9e2hl98g0000001780722057694&qH=0b3cad6c322744d3&ov_redirect=true&ov_redirect=true,https://rukminim2.flixcart.com/image/612/612/xif0q/pet-treat/b/t/h/1-dog-1-healthy-bone-shaped-dog-biscuits-100-authentic-treats-original-imahn86wmtp3fmnu.jpeg?q=70
WROSHLER Dog Collar & Leash,₹202,,,85% off,https://www.flipkart.com/wroshler-dog-collar-leash/p/itmd79aea1cb5d78?pid=PCLGKZ74V4BZWZCU&lid=LSTPCLGKZ74V4BZWZCUS6FP4Z&marketplace=FLIPKART&q=pet+products&store=p3t&srno=s_7_280&otracker=search&iid=cade3eb9-a9df-44c6-8d15-617a1ce95901.PCLGKZ74V4BZWZCU.SEARCH&ssid=ss9e2hl98g0000001780722057694&qH=0b3cad6c322744d3&ov_redirect=true&ov_redirect=true,https://rukminim2.flixcart.com/image/612/612/xif0q/pet-collar-harness/g/t/j/medium-medium-blue-dog-collor-leash-01-9-45-wroshler-original-imagqg2sdazfgeh7.jpeg?q=70
Fur Ball Story Digestive Care Liquid,₹171,4.7,(345),24% off,https://www.flipkart.com/fur-ball-story-digestive-care-liquid/p/itmc859545c30955?pid=PMDH2GT2KRTAMHCT&lid=LSTPMDH2GT2KRTAMHCTLO3HSS&marketplace=FLIPKART&q=pet+products&store=p3t&srno=s_8_281&otracker=search&iid=en_XEDY5DYuAiKgGrHzO_P68tNVu4B_Naqxr-KI7Deum1lqWpqDQ1RDC7RFImQ2J3TUO3nbYAUQE8m2_jCLtZETQg%3D%3D&ssid=b6q9o81apc0000001780722069149&qH=0b3cad6c322744d3&ov_redirect=true&ov_redirect=true,https://rukminim2.flixcart.com/image/612/612/xif0q/pet-medication/p/d/q/-original-imahgmhfyzfumhse.jpeg?q=70
Petroyale Digestive Probiotics Supplement Improves Gut ...,₹512,4.7,(41),21% off,https://www.flipkart.com/petroyale-digestive-probiotics-supplement-improves-gut-health-indigestion-pet-supplements/p/itm6d4434d248477?pid=PHSH3ZZHTFBRD3Q8&lid=LSTPHSH3ZZHTFBRD3Q8ZAOCTU&marketplace=FLIPKART&q=pet+products&store=p3t&srno=s_8_282&otracker=search&iid=en_XEDY5DYuAiKgGrHzO_P68tNVu4B_Naqxr-KI7Deum1mEePsCuxcBEd1Rf_c_XfdeN-zYRF3_GzGNoDybsf9YnQ%3D%3D&ssid=b6q9o81apc0000001780722069149&qH=0b3cad6c322744d3&ov_redirect=true&ov_redirect=true,https://rukminim2.flixcart.com/image/612/612/xif0q/pet-health-supplement/s/6/r/100-digestive-probiotics-supplement-improves-gut-health-original-imahmsjp8ybzn8en.jpeg?q=70
W9 Pet Products Squeaky Chew Bone with Ball Toy Rubber ...,₹268,,,55% off,https://www.flipkart.com/w9-pet-products-squeaky-chew-bone-ball-toy-rubber-small-puppy-blue-bone-toy-fetch-dog/p/itm960d97b8b456f?pid=PTYGRPPA7KU6DRHN&lid=LSTPTYGRPPA7KU6DRHNHXSQ7O&marketplace=FLIPKART&q=pet+products&store=p3t&srno=s_8_283&otracker=search&iid=8816fbaa-7a1e-4fa0-86cb-aaae52759daf.PTYGRPPA7KU6DRHN.SEARCH&ssid=b6q9o81apc0000001780722069149&qH=0b3cad6c322744d3&ov_redirect=true&ov_redirect=true,https://rukminim2.flixcart.com/image/612/612/xif0q/pet-toy/q/g/q/2-pa-ty-422-blue-durable-squeaky-chew-bone-with-ball-toy-non-original-imagrppahe9nbhsp.jpeg?q=70
W9 Pet Products Cute Squeaky Rubber Melon Ball Shape To...,₹264,,,47% off,https://www.flipkart.com/w9-pet-products-cute-squeaky-rubber-melon-ball-shape-toy-small-puppy-fetch-toy-ball-dog/p/itmf4d7fd152a7ec?pid=PTYGRXGDKEKPFYXH&lid=LSTPTYGRXGDKEKPFYXHSJEJ0Y&marketplace=FLIPKART&q=pet+products&store=p3t&srno=s_8_284&otracker=search&iid=8816fbaa-7a1e-4fa0-86cb-aaae52759daf.PTYGRXGDKEKPFYXH.SEARCH&ssid=b6q9o81apc0000001780722069149&qH=0b3cad6c322744d3&ov_redirect=true&ov_redirect=true,https://rukminim2.flixcart.com/image/612/612/xif0q/pet-toy/q/f/j/1-pa-ty-449-rubber-latex-cute-squeaky-rubber-melon-ball-shape-original-imagrxgdkhkvjwza.jpeg?q=70
"W9 Pet Products Rubber, Cotton Chew Toy, Fetch Toy, Rub...",₹191,,,61% off,https://www.flipkart.com/w9-pet-products-rubber-cotton-chew-toy-fetch-rubber-ball-dog/p/itm030c9ec1c61e4?pid=PTYGZA6ZJZFG4YFR&lid=LSTPTYGZA6ZJZFG4YFREIOG1S&marketplace=FLIPKART&q=pet+products&store=p3t&srno=s_8_285&otracker=search&iid=8816fbaa-7a1e-4fa0-86cb-aaae52759daf.PTYGZA6ZJZFG4YFR.SEARCH&ssid=b6q9o81apc0000001780722069149&qH=0b3cad6c322744d3&ov_redirect=true&ov_redirect=true,https://rukminim2.flixcart.com/image/612/612/xif0q/pet-toy/a/j/c/3-pa-ty-552-interactive-combo-dog-chew-toys-for-pug-pomeranian-original-imagz9yca5yzxb2c.jpeg?q=70
W9 Pet Products Soft Latex with Plush Squeaker Plush Fe...,₹385,,,51% off,https://www.flipkart.com/w9-pet-products-soft-latex-plush-squeaker-fetch-chew-toys-puppies-rugby-cotton-toy-toy-dog/p/itmdb22522680eef?pid=PTYGRQ93Z2J9ZJST&lid=LSTPTYGRQ93Z2J9ZJSTC1YAXL&marketplace=FLIPKART&q=pet+products&store=p3t&srno=s_8_286&otracker=search&iid=8816fbaa-7a1e-4fa0-86cb-aaae52759daf.PTYGRQ93Z2J9ZJST.SEARCH&ssid=b6q9o81apc0000001780722069149&qH=0b3cad6c322744d3&ov_redirect=true&ov_redirect=true,https://rukminim2.flixcart.com/image/612/612/xif0q/pet-toy/h/w/a/1-pa-ty-426-soft-latex-with-plush-squeaker-hand-sew-double-original-imagrq7uayhzvf34.jpeg?q=70
"DR. Boro (Combo 4) Allergy Relief, Conditioning, Anti-f...",₹162,4.4,(35),89% off,https://www.flipkart.com/dr-boro-combo-4-allergy-relief-conditioning-anti-fungal-anti-microbial-pet-care-650-ml-coat-cleanser/p/itmf756d009c9bb9?pid=PETHGXSZSGJBR5UA&lid=LSTPETHGXSZSGJBR5UA8MAQD1&marketplace=FLIPKART&q=pet+products&store=p3t&srno=s_8_287&otracker=search&iid=en_XEDY5DYuAiKgGrHzO_P68tNVu4B_Naqxr-KI7Deum1nqKsTSTRLF8C6g2qoKX7vXG233jqqihyiAChndO8OOQg%3D%3D&ssid=b6q9o81apc0000001780722069149&qH=0b3cad6c322744d3&ov_redirect=true&ov_redirect=true,https://rukminim2.flixcart.com/image/612/612/xif0q/pet-cleanser/s/v/o/650-combo-of-4-pet-care-item-dr-boro-original-imahgxszkqh9zyhb.jpeg?q=70
Dogsee Chew Dogsee Chew Cheese Dog Treat,₹146,4,(455),26% off,https://www.flipkart.com/dogsee-chew-cheese-dog-treat/p/itmfgbh7yg9rhudh?pid=PTTH6G5YAVQH2JM7&lid=LSTPTTH6G5YAVQH2JM7NIZATG&marketplace=FLIPKART&q=pet+products&store=p3t&srno=s_8_288&otracker=search&iid=en_XEDY5DYuAiKgGrHzO_P68tNVu4B_Naqxr-KI7Deum1lTzymZiYvEnawaXt1-UQy84skLX3YwbelZMs2VLdN6Aw%3D%3D&ssid=b6q9o81apc0000001780722069149&qH=0b3cad6c322744d3&ov_redirect=true&ov_redirect=true,https://rukminim2.flixcart.com/image/612/612/xif0q/pet-treat/r/h/x/100-dog-3-small-p1-dogsee-chew-original-imah6jygjnh42jdy.jpeg?q=70
chullbull pet products Imported Durable Nylon Hard Chew...,₹140,,,44% off,https://www.flipkart.com/chullbull-pet-products-imported-durable-nylon-hard-chewing-bone-adult-large-dogs-dog/p/itm57cf18208e625?pid=PTYGRHM56ZNARP94&lid=LSTPTYGRHM56ZNARP94DREO0W&marketplace=FLIPKART&q=pet+products&store=p3t&srno=s_8_289&otracker=search&iid=8816fbaa-7a1e-4fa0-86cb-aaae52759daf.PTYGRHM56ZNARP94.SEARCH&ssid=b6q9o81apc0000001780722069149&qH=0b3cad6c322744d3&ov_redirect=true&ov_redirect=true,https://rukminim2.flixcart.com/image/612/612/xif0q/pet-toy/m/z/r/1-0103-chullbull-pet-products-original-imahys9rxdtxysqh.jpeg?q=70
"W9 Pet Products Rubber Ball, Fetch Toy, Rubber Toy, Squ...",₹207,,,58% off,https://www.flipkart.com/w9-pet-products-rubber-ball-fetch-toy-squeaky-soft-toy-dog-cat/p/itm9a820c37f317a?pid=PTYGQZ56FTYVHEM8&lid=LSTPTYGQZ56FTYVHEM8X4FJO3&marketplace=FLIPKART&q=pet+products&store=p3t&srno=s_8_290&otracker=search&iid=8816fbaa-7a1e-4fa0-86cb-aaae52759daf.PTYGQZ56FTYVHEM8.SEARCH&ssid=b6q9o81apc0000001780722069149&qH=0b3cad6c322744d3&ov_redirect=true&ov_redirect=true,https://rukminim2.flixcart.com/image/612/612/xif0q/pet-toy/i/g/t/4-pa-ty-328-combo-of-4-soft-latex-rubber-interactive-squeaky-original-imagqz56ycrzzhng.jpeg?q=70
"Georgic Proteina Muscle Builder for Dogs | Weight Gain,...",₹369,5,(3),26% off,https://www.flipkart.com/georgic-proteina-muscle-builder-dogs-weight-gain-energy-stamina-growth-pet-health-supplements/p/itmdb1669ef7c125?pid=PHSHHGNTMKFZSEBY&lid=LSTPHSHHGNTMKFZSEBYSDQA64&marketplace=FLIPKART&q=pet+products&store=p3t&srno=s_8_291&otracker=search&iid=en_XEDY5DYuAiKgGrHzO_P68tNVu4B_Naqxr-KI7Deum1kL4gKUqCQiyyllLsLNDpfrHcIPNinxFgBBPEz7PzyjDA%3D%3D&ssid=b6q9o81apc0000001780722069149&qH=0b3cad6c322744d3&ov_redirect=true&ov_redirect=true,https://rukminim2.flixcart.com/image/612/612/xif0q/pet-health-supplement/q/p/b/150-proteina-dog-supplement-supports-energy-stamina-georgic-original-imahhykw8gkfztgg.jpeg?q=70
"Petroyale Allergy & Itch Chews for Dogs, Relief from Al...",₹379,3.9,(48),15% off,https://www.flipkart.com/petroyale-allergy-itch-chews-dogs-relief-allergies-hot-spots-dry-skin-pet-health-supplements/p/itm166a78c077518?pid=PHSH4NEDHCQFTWYB&lid=LSTPHSH4NEDHCQFTWYBIA1DKT&marketplace=FLIPKART&q=pet+products&store=p3t&srno=s_8_292&otracker=search&iid=en_XEDY5DYuAiKgGrHzO_P68tNVu4B_Naqxr-KI7Deum1lSnKZVUcJMW8lvX2drDMrPXrre9Aser5PVFBEPxbqdpg%3D%3D&ssid=b6q9o81apc0000001780722069149&qH=0b3cad6c322744d3&ov_redirect=true&ov_redirect=true,https://rukminim2.flixcart.com/image/612/612/xif0q/pet-health-supplement/s/k/j/20-allergy-itch-chews-for-dogs-relief-from-allergies-hot-spots-original-imahmrezwkqhezw5.jpeg?q=70
chullbull pet products Braided Rope & Tennis Ball Large...,₹153,,,48% off,https://www.flipkart.com/chullbull-pet-products-braided-rope-tennis-ball-large-tug-toy-cotton-chew-toy-fetch-soft-dog-cat/p/itm559f5eb24951d?pid=PTYGHYHYZJHGMVEK&lid=LSTPTYGHYHYZJHGMVEKCD0XLL&marketplace=FLIPKART&q=pet+products&store=p3t&srno=s_8_293&otracker=search&iid=8816fbaa-7a1e-4fa0-86cb-aaae52759daf.PTYGHYHYZJHGMVEK.SEARCH&ssid=b6q9o81apc0000001780722069149&qH=0b3cad6c322744d3&ov_redirect=true&ov_redirect=true,https://rukminim2.flixcart.com/image/612/612/xif0q/pet-toy/f/b/2/1-0031p5-chullbull-pet-products-original-imahys9rexksb6ky.jpeg?q=70
deepak badkur river sand for plants potting mixtures Sa...,₹164,3,(4),44% off,https://www.flipkart.com/deepak-badkur-river-sand-plants-potting-mixtures-planted-substrate/p/itm5c223d9afba1f?pid=AQSGBQFWTS78WS8Q&lid=LSTAQSGBQFWTS78WS8QQ3SWZO&marketplace=FLIPKART&q=pet+products&store=p3t&srno=s_8_294&otracker=search&iid=8816fbaa-7a1e-4fa0-86cb-aaae52759daf.AQSGBQFWTS78WS8Q.SEARCH&ssid=b6q9o81apc0000001780722069149&qH=0b3cad6c322744d3&ov_redirect=true&ov_redirect=true,https://rukminim2.flixcart.com/image/612/612/kpcy5jk0/aquarium-substrate/w/k/x/natural-river-sand-for-100-pure-and-organic-5kg-deepak-badkur-original-imag3m2scdgn6ast.jpeg?q=70
"RIGHT 4PAWS Large & Giant Breed Diet for Puppy, High Nu...","₹6,086",,,3% off,https://www.flipkart.com/right-4paws-large-giant-breed-diet-puppy-high-nutrition-85-5-quality-animal-source-chicken-meat-fish-6-kg-3x2-kg-dry-adult-senior-dog-food/p/itm96a974ebb49a6?pid=PFDHEZMFGUMRFFYR&lid=LSTPFDHEZMFGUMRFFYRJ0XKZG&marketplace=FLIPKART&q=pet+products&store=p3t&srno=s_8_295&otracker=search&iid=8816fbaa-7a1e-4fa0-86cb-aaae52759daf.PFDHEZMFGUMRFFYR.SEARCH&ssid=b6q9o81apc0000001780722069149&qH=0b3cad6c322744d3&ov_redirect=true&ov_redirect=true,https://rukminim2.flixcart.com/image/612/612/xif0q/pet-food/w/1/1/12-0-dog-6-r4pnnlgp-12kg-right4paws-original-imahezmfxzzxz5cr.jpeg?q=70
Nutripetix Nutripetix Floral Lace Vest Harness & Leash ...,₹675,,,54% off,https://www.flipkart.com/nutripetix-floral-lace-vest-harness-leash-set-dog-cat-collar/p/itm2f213f52a6c2e?pid=PCLHNEUE5AYGNKK3&lid=LSTPCLHNEUE5AYGNKK34YGVEY&marketplace=FLIPKART&q=pet+products&store=p3t&srno=s_8_296&otracker=search&iid=8816fbaa-7a1e-4fa0-86cb-aaae52759daf.PCLHNEUE5AYGNKK3.SEARCH&ssid=b6q9o81apc0000001780722069149&qH=0b3cad6c322744d3&ov_redirect=true&ov_redirect=true,https://rukminim2.flixcart.com/image/612/612/xif0q/pet-collar-harness/m/w/n/small-npx-hrl-pnk-01-nutripetix-original-imahnggzjanbttee.jpeg?q=70
Fur Ball Story Dermaprove Ayurvedic Herbal Formula Dog ...,₹377,4.7,(719),24% off,https://www.flipkart.com/fur-ball-story-dermaprove-ayurvedic-herbal-formula-dog-shampoo-rosemary-neem-oil-aloevera-itch-relief-anti-dandruff-anti-bacterial-anti-fungal-anti-microbial-mild/p/itm4f12d039fa281?pid=PSOH7HY4WWYZTJWG&lid=LSTPSOH7HY4WWYZTJWGCZWZON&marketplace=FLIPKART&q=pet+products&store=p3t&srno=s_8_297&otracker=search&iid=en_XEDY5DYuAiKgGrHzO_P68tNVu4B_Naqxr-KI7Deum1npSSy4oSfek41KhLeRmnvIzjeMp9tNSEaqSNIqeejwiQ%3D%3D&ssid=b6q9o81apc0000001780722069149&qH=0b3cad6c322744d3&ov_redirect=true&ov_redirect=true,https://rukminim2.flixcart.com/image/612/612/xif0q/pet-shampoo/s/g/7/300-dermaprove-vet-recommended-ayurvedic-antifungal-rosemary-oil-original-imahm9zxnxa9fu2h.jpeg?q=70
Breedo Dog Need (Combo of 2) Flea-Tick Shampoo Conditio...,₹170,4,"(1,543)",71% off,https://www.flipkart.com/breedo-dog-need-combo-2-flea-tick-shampoo-conditioner-gloves-allergy-relief-conditioning-anti-fungal-anti-microbial-anti-itching-anti-dandruff-natural/p/itm1700b14137a17?pid=PSOGDGVUXY8B2ZFG&lid=LSTPSOGDGVUXY8B2ZFGHFRTF0&marketplace=FLIPKART&q=pet+products&store=p3t&srno=s_8_298&otracker=search&iid=en_XEDY5DYuAiKgGrHzO_P68tNVu4B_Naqxr-KI7Deum1nMcmbXVzeXYFLZoFK9RbRs-ae2zLVaHawJQdr3sN9mDg%3D%3D&ssid=b6q9o81apc0000001780722069149&qH=0b3cad6c322744d3&ov_redirect=true&ov_redirect=true,https://rukminim2.flixcart.com/image/612/612/xif0q/pet-shampoo/d/l/r/250-dog-need-combo-of-2-flea-tick-shampoo-conditioner-gloves-original-imah7hyhwhnp3bb8.jpeg?q=70
GIG BAZAAR Aquarium Stone Shelter Rock Small Fish Shrim...,₹172,4.3,(6),78% off,https://www.flipkart.com/gig-bazaar-aquarium-stone-shelter-rock-small-fish-shrimp-hideaway-decoration-ornament-laterite-unplanted-substrate/p/itmb78eacf74d264?pid=AQSH3GDNPSPMYWGC&lid=LSTAQSH3GDNPSPMYWGCLTJQDF&marketplace=FLIPKART&q=pet+products&store=p3t&srno=s_8_299&otracker=search&iid=8816fbaa-7a1e-4fa0-86cb-aaae52759daf.AQSH3GDNPSPMYWGC.SEARCH&ssid=b6q9o81apc0000001780722069149&qH=0b3cad6c322744d3&ov_redirect=true&ov_redirect=true,https://rukminim2.flixcart.com/image/612/612/xif0q/aquarium-substrate/p/5/q/0-2-rock-5-gig-bazaar-original-imah3gdnhf6zqpwt.jpeg?q=70
Skora Dog Collar & Leash,"₹1,578",1,(1),7% off,https://www.flipkart.com/skora-dog-collar-leash/p/itmf2qesrzzb8rrg?pid=PCLF2Q5XSCJEH2CH&lid=LSTPCLF2Q5XSCJEH2CH5N86WH&marketplace=FLIPKART&q=pet+products&store=p3t&srno=s_8_300&otracker=search&iid=8816fbaa-7a1e-4fa0-86cb-aaae52759daf.PCLF2Q5XSCJEH2CH.SEARCH&ssid=b6q9o81apc0000001780722069149&qH=0b3cad6c322744d3&ov_redirect=true&ov_redirect=true,https://rukminim2.flixcart.com/image/612/612/jdxeykw0/pet-collar-harness/2/c/h/skora-leash-48-skora-original-imaf2qewwjgtnh2x.jpeg?q=70
Petroyale Urinary Tract Health Tablets For Dogs With Cr...,₹720,5,(3),24% off,https://www.flipkart.com/petroyale-urinary-tract-health-tablets-dogs-cranberry-extract-pet-supplements/p/itmd2a2a50d08421?pid=PHSGZZXAWWZFMEXB&lid=LSTPHSGZZXAWWZFMEXBOF5UVD&marketplace=FLIPKART&q=pet+products&store=p3t&srno=s_8_301&otracker=search&iid=en_XEDY5DYuAiKgGrHzO_P68tNVu4B_Naqxr-KI7Deum1lW-mrt5Sj1cdG2uSQtUR9Nyh_phO8hSJxPtaowczhUOA%3D%3D&ssid=b6q9o81apc0000001780722069149&qH=0b3cad6c322744d3&ov_redirect=true&ov_redirect=true,https://rukminim2.flixcart.com/image/612/612/xif0q/pet-health-supplement/n/0/d/30-urinary-tract-health-tablets-for-dogs-with-cranberry-extract-original-imahm43cdgauez9g.jpeg?q=70
Dr. Pets Chicken Pomegranate Dog Biscuits Oven Baked Do...,₹268,,,36% off,https://www.flipkart.com/dr-pets-chicken-pomegranate-dog-biscuits-oven-baked-treats-food-treat/p/itme8fe273bebe5d?pid=PTTHNZWUGSM4SHKG&lid=LSTPTTHNZWUGSM4SHKGMBDWBS&marketplace=FLIPKART&q=pet+products&store=p3t&srno=s_8_302&otracker=search&iid=en_XEDY5DYuAiKgGrHzO_P68tNVu4B_Naqxr-KI7Deum1kJnnlS3OdSCLatayXtcefi8qFBXt074GLvQC42GjJqZg%3D%3D&ssid=b6q9o81apc0000001780722069149&qH=0b3cad6c322744d3&ov_redirect=true&ov_redirect=true,https://rukminim2.flixcart.com/image/612/612/xif0q/pet-treat/d/l/p/900-dog-2-bstk-chkn-pmgrnt-450gm-pk2-dr-pets-original-imahnzwuttaj2vwt.jpeg?q=70
"Nitishree 15 Seed Mix,Bird Feeder Refill for Outside Wi...",₹120,4.1,(171),59% off,https://www.flipkart.com/nitishree-15-seed-mix-bird-feeder-refill-outside-wild-birds-sparrow-doves-pigeon500gm-nuts-0-5-kg-dry-new-born-adult-young-senior-bird-food/p/itm4a3c359e6993d?pid=PFDGTEP47AZZ5MFP&lid=LSTPFDGTEP47AZZ5MFPJG5HC6&marketplace=FLIPKART&q=pet+products&store=p3t&srno=s_8_303&otracker=search&iid=8816fbaa-7a1e-4fa0-86cb-aaae52759daf.PFDGTEP47AZZ5MFP.SEARCH&ssid=b6q9o81apc0000001780722069149&qH=0b3cad6c322744d3&ov_redirect=true&ov_redirect=true,https://rukminim2.flixcart.com/image/612/612/xif0q/pet-food/y/v/9/bird-premium-seed-blend-of-15-grains-nuts-bird-feeder-food-original-imagtep3fmbgc7zy.jpeg?q=70
Cheetah Baby Powder Pet Litter Tray Refill,₹267,4.8,(10),55% off,https://www.flipkart.com/cheetah-baby-powder-pet-litter-tray-refill/p/itmd9415f072e58c?pid=PLYH9XTRHPVWGU8V&lid=LSTPLYH9XTRHPVWGU8V5NYYMG&marketplace=FLIPKART&q=pet+products&store=p3t&srno=s_8_304&otracker=search&iid=8816fbaa-7a1e-4fa0-86cb-aaae52759daf.PLYH9XTRHPVWGU8V.SEARCH&ssid=b6q9o81apc0000001780722069149&qH=0b3cad6c322744d3&ov_redirect=true&ov_redirect=true,https://rukminim2.flixcart.com/image/612/612/xif0q/pet-litter-tray-refil/f/w/r/2-baby-powder-cheetah-original-imahbhw5dp5skfcg.jpeg?q=70
Jainsons Pet Products Screaming Rubber Chicken Toy for ...,₹243,3.5,(120),65% off,https://www.flipkart.com/jainsons-pet-products-screaming-rubber-chicken-toy-pets-funny-loud-squeaky-latex-dogs-stress-1-dog/p/itmfdcnzjqfjfyyh?pid=PTYFDCCSA7UA5R5H&lid=LSTPTYFDCCSA7UA5R5HYV7UBK&marketplace=FLIPKART&q=pet+products&store=p3t&srno=s_8_305&otracker=search&iid=8816fbaa-7a1e-4fa0-86cb-aaae52759daf.PTYFDCCSA7UA5R5H.SEARCH&ssid=b6q9o81apc0000001780722069149&qH=0b3cad6c322744d3&ov_redirect=true&ov_redirect=true,https://rukminim2.flixcart.com/image/612/612/xif0q/pet-toy/9/y/e/1-mj1016-jainsons-pet-products-original-imahf8hahznp4r9q.jpeg?q=70
chullbull pet products Dog Toys + Chew Toys + Puppy Toy...,₹368,,,63% off,https://www.flipkart.com/chullbull-pet-products-dog-toys-chew-puppy-rope-toy-small-medium-dogs-cotton-toy-tug-ball-training-aid-cat/p/itmdd7715c275c19?pid=PTYHY7ZU7SHNFYC3&lid=LSTPTYHY7ZU7SHNFYC3VQQHQB&marketplace=FLIPKART&q=pet+products&store=p3t&srno=s_8_306&otracker=search&iid=8816fbaa-7a1e-4fa0-86cb-aaae52759daf.PTYHY7ZU7SHNFYC3.SEARCH&ssid=b6q9o81apc0000001780722069149&qH=0b3cad6c322744d3&ov_redirect=true&ov_redirect=true,https://rukminim2.flixcart.com/image/612/612/xif0q/pet-toy/j/x/1/3-3-pack-dog-toys-chew-toys-puppy-toys-rope-dog-toy-toys-for-original-imahys9rhcgmswgy.jpeg?q=70
DR. Boro Pet Coat Cleanser Shampoo I Routine Bathing & ...,₹104,4.8,(4),67% off,https://www.flipkart.com/dr-boro-pet-coat-cleanser-shampoo-routine-bathing-skin-hygiene-controls-dandruff-200-ml/p/itm5208e9724d314?pid=PETHHP4F7RDZJ5FF&lid=LSTPETHHP4F7RDZJ5FFXZ8NV2&marketplace=FLIPKART&q=pet+products&store=p3t&srno=s_8_307&otracker=search&iid=en_XEDY5DYuAiKgGrHzO_P68tNVu4B_Naqxr-KI7Deum1mbJBb2Nz9g1wKD58EjNM9gMDmuY3RdjPor0Au0nlcDzQ%3D%3D&ssid=b6q9o81apc0000001780722069149&qH=0b3cad6c322744d3&ov_redirect=true&ov_redirect=true,https://rukminim2.flixcart.com/image/612/612/xif0q/pet-cleanser/9/u/h/200-coat-cleanser-shampoo-i-routine-bathing-skin-hygiene-i-original-imahgxrvaey2k3kz.jpeg?q=70
"Petroyale Allergy & Itch Chews for Dogs, Relief from Al...",₹636,3.9,(48),29% off,https://www.flipkart.com/petroyale-allergy-itch-chews-dogs-relief-allergies-hot-spots-dry-skin-pet-health-supplements/p/itmf071d3f747320?pid=PHSHHE63YAQQKMBB&lid=LSTPHSHHE63YAQQKMBB34L8JZ&marketplace=FLIPKART&q=pet+products&store=p3t&srno=s_8_308&otracker=search&iid=en_XEDY5DYuAiKgGrHzO_P68tNVu4B_Naqxr-KI7Deum1ldMcTXtYtXiPRwfYTv4aO3kSMVsASqi9wfPFKfzhw5xw%3D%3D&ssid=b6q9o81apc0000001780722069149&qH=0b3cad6c322744d3&ov_redirect=true&ov_redirect=true,https://rukminim2.flixcart.com/image/612/612/xif0q/pet-health-supplement/h/g/q/40-allergy-itch-chews-for-dogs-relief-from-allergies-hot-spots-original-imahm48zdvvgnqgt.jpeg?q=70
W9 Pet Products Durable Spiky Squeaky Bone Toy for Smal...,₹155,,,61% off,https://www.flipkart.com/w9-pet-products-durable-spiky-squeaky-bone-toy-small-puppy-dark-blue-rubber-chew-toy-bone-fetch-dog/p/itmc37171d96f4bf?pid=PTYGS7KWYZC2EVCM&lid=LSTPTYGS7KWYZC2EVCMYCGZYW&marketplace=FLIPKART&q=pet+products&store=p3t&srno=s_8_309&otracker=search&iid=8816fbaa-7a1e-4fa0-86cb-aaae52759daf.PTYGS7KWYZC2EVCM.SEARCH&ssid=b6q9o81apc0000001780722069149&qH=0b3cad6c322744d3&ov_redirect=true&ov_redirect=true,https://rukminim2.flixcart.com/image/612/612/xif0q/pet-toy/q/r/6/1-pa-ty-481-dblu-durable-spiky-squeaky-chew-chewing-biting-fetch-original-imags7kwbxemdkvf.jpeg?q=70
W9 Pet Products Cotton Rope Puppy Chew Toy (2 Knot-6 in...,₹144,,,63% off,https://www.flipkart.com/w9-pet-products-cotton-rope-puppy-chew-toy-2-knot-6-inch-toy-ball-fetch-dog/p/itm925384ff7269b?pid=PTYGRNHS4FWBGWGH&lid=LSTPTYGRNHS4FWBGWGHDPLWPT&marketplace=FLIPKART&q=pet+products&store=p3t&srno=s_8_310&otracker=search&iid=8816fbaa-7a1e-4fa0-86cb-aaae52759daf.PTYGRNHS4FWBGWGH.SEARCH&ssid=b6q9o81apc0000001780722069149&qH=0b3cad6c322744d3&ov_redirect=true&ov_redirect=true,https://rukminim2.flixcart.com/image/612/612/xif0q/pet-toy/x/g/f/3-pa-ty-419-2-cotton-rope-puppy-chew-toy-for-chewing-biting-original-imagrnhrwqrfsfmm.jpeg?q=70
Fur Ball Story Rainy Remedies Combo Kit for Pets Pet Sp...,₹638,4.6,(71),32% off,https://www.flipkart.com/fur-ball-story-rainy-remedies-combo-kit-pets-pet-spa/p/itm82518608c217e?pid=PSKGYDZZTUZSGB6F&lid=LSTPSKGYDZZTUZSGB6FZPOFNV&marketplace=FLIPKART&q=pet+products&store=p3t&srno=s_8_311&otracker=search&iid=en_XEDY5DYuAiKgGrHzO_P68tNVu4B_Naqxr-KI7Deum1lJMDB3hnWoJyhMl2zEpoIeyI6xz3_e8--i2HEGsPb2wEKsf8s6I2Oz2HOgbXTo_9U%3D&ssid=b6q9o81apc0000001780722069149&qH=0b3cad6c322744d3&ov_redirect=true&ov_redirect=true,https://rukminim2.flixcart.com/image/612/612/xif0q/pet-spa-kit/n/d/q/-original-imahgqzydhy5zveh.jpeg?q=70
Dr. Pets Chicken Peanut Dog Biscuits Oven Baked Dog Tre...,₹268,,,36% off,https://www.flipkart.com/dr-pets-chicken-peanut-dog-biscuits-oven-baked-treats-food-dogs-puppy-butter-treat/p/itm9cefd61eb2162?pid=PTTHNZWU8WX7SXYU&lid=LSTPTTHNZWU8WX7SXYU4SMFQ9&marketplace=FLIPKART&q=pet+products&store=p3t&srno=s_8_312&otracker=search&iid=en_XEDY5DYuAiKgGrHzO_P68tNVu4B_Naqxr-KI7Deum1kW0UAqtPM6xq2Mz2RxrYHpL4KttXgMw_Q-LLrdhtWfMw%3D%3D&ssid=b6q9o81apc0000001780722069149&qH=0b3cad6c322744d3&ov_redirect=true&ov_redirect=true,https://rukminim2.flixcart.com/image/612/612/xif0q/pet-treat/s/l/y/900-dog-2-bstk-chkn-peanut-450gm-pk2-dr-pets-original-imahnzwupjyxryx7.jpeg?q=70
W9 Pet Products Tennis Ball Knotted Rope Chew Toy with ...,₹212,,,64% off,https://www.flipkart.com/w9-pet-products-tennis-ball-knotted-rope-chew-toy-rainbow-small-puppy-cotton-rubber-ball-toy-fetch-tug-dog/p/itm33bed070df46a?pid=PTYGRC72KZVVA4TZ&lid=LSTPTYGRC72KZVVA4TZOSY7B0&marketplace=FLIPKART&q=pet+products&store=p3t&srno=s_8_313&otracker=search&iid=8816fbaa-7a1e-4fa0-86cb-aaae52759daf.PTYGRC72KZVVA4TZ.SEARCH&ssid=b6q9o81apc0000001780722069149&qH=0b3cad6c322744d3&ov_redirect=true&ov_redirect=true,https://rukminim2.flixcart.com/image/612/612/xif0q/pet-toy/g/f/a/2-pa-ty-350-tennis-ball-knotted-rope-tug-fetch-chew-toy-with-original-imagrc72dbzwpxzz.jpeg?q=70
W9 Pet Products Rubber Bite Resistant Teeth Cleaning Fl...,₹327,,,59% off,https://www.flipkart.com/w9-pet-products-rubber-bite-resistant-teeth-cleaning-floating-fetch-ball-toy-dog-small-ball-chew-toy-dog/p/itm1af7aeee61d79?pid=PTYGS326XDFNZFAQ&lid=LSTPTYGS326XDFNZFAQXRKBIJ&marketplace=FLIPKART&q=pet+products&store=p3t&srno=s_8_314&otracker=search&iid=8816fbaa-7a1e-4fa0-86cb-aaae52759daf.PTYGS326XDFNZFAQ.SEARCH&ssid=b6q9o81apc0000001780722069149&qH=0b3cad6c322744d3&ov_redirect=true&ov_redirect=true,https://rukminim2.flixcart.com/image/612/612/xif0q/pet-toy/v/s/y/1-pa-ty-476-s-rubber-bite-resistant-teeth-cleaning-floating-original-imags326qhnspknr.jpeg?q=70
ALTRESSA Anti-itching Puppy Training Pet Spray Pet Groo...,₹253,,,36% off,https://www.flipkart.com/altressa-anti-itching-puppy-training-pet-spray-grooming-products-dog-shampoo/p/itm731131589e234?pid=PSOHFV4FZZQFQWYY&lid=LSTPSOHFV4FZZQFQWYYAJYX2E&marketplace=FLIPKART&q=pet+products&store=p3t&srno=s_8_315&otracker=search&iid=8816fbaa-7a1e-4fa0-86cb-aaae52759daf.PSOHFV4FZZQFQWYY.SEARCH&ssid=b6q9o81apc0000001780722069149&qH=0b3cad6c322744d3&ov_redirect=true&ov_redirect=true,https://rukminim2.flixcart.com/image/612/612/xif0q/pet-deodorizer/l/6/k/500-ps120-2-altressa-original-imagy4qmhnkvkdrh.jpeg?q=70
ALTRESSA Allergy Relief Long Coat For Pet Care Products...,₹638,,,35% off,https://www.flipkart.com/altressa-allergy-relief-long-coat-pet-care-products-pack-4-dog-shampoo/p/itm5ef1a2741f83f?pid=PSOH4JZVNFHHKT9B&lid=LSTPSOH4JZVNFHHKT9BPSFSFO&marketplace=FLIPKART&q=pet+products&store=p3t&srno=s_8_316&otracker=search&iid=8816fbaa-7a1e-4fa0-86cb-aaae52759daf.PSOH4JZVNFHHKT9B.SEARCH&ssid=b6q9o81apc0000001780722069149&qH=0b3cad6c322744d3&ov_redirect=true&ov_redirect=true,https://rukminim2.flixcart.com/image/612/612/xif0q/pet-shampoo/p/1/y/900-longct101-altressa-original-imah4jzvhyjzuyhz.jpeg?q=70
DC Pet Products Pet Grooming Silicone Brush | Bath & De...,₹170,,,43% off,https://www.flipkart.com/dc-pet-products-grooming-silicone-brush-bath-deshedding-tool-plain-bristle-brushes-dog-cat-rabbit/p/itm237e65f8c2de4?pid=PCBHNFMHK2NZPFPG&lid=LSTPCBHNFMHK2NZPFPGH5QB53&marketplace=FLIPKART&q=pet+products&store=p3t&srno=s_8_317&otracker=search&iid=en_XEDY5DYuAiKgGrHzO_P68tNVu4B_Naqxr-KI7Deum1nSYl-5Y-QvbuP-05TTWkcFLdRDZQWuq3S9rc29YxG5Ew%3D%3D&ssid=b6q9o81apc0000001780722069149&qH=0b3cad6c322744d3&ov_redirect=true&ov_redirect=true,https://rukminim2.flixcart.com/image/612/612/xif0q/pet-comb-brush/k/c/a/medium-pwpnbrsh-dc-pet-products-original-imahnfmf35h8hkgg.jpeg?q=70
floni Dog Grooming Powder Smooth Coat Pet Health Supple...,₹164,,,67% off,https://www.flipkart.com/floni-dog-grooming-powder-smooth-coat-pet-health-supplements/p/itm823da515f0f66?pid=PHSHMBVZZYZCFAF7&lid=LSTPHSHMBVZZYZCFAF7XZWWJA&marketplace=FLIPKART&q=pet+products&store=p3t&srno=s_8_318&otracker=search&iid=en_XEDY5DYuAiKgGrHzO_P68tNVu4B_Naqxr-KI7Deum1m-_1DpO-pcG86mqWs5Wnk9N9ZrYEyPMsT4aiAfz9gS5w%3D%3D&ssid=b6q9o81apc0000001780722069149&qH=0b3cad6c322744d3&ov_redirect=true&ov_redirect=true,https://rukminim2.flixcart.com/image/612/612/xif0q/pet-health-supplement/9/o/j/100-dog-cat-powder-pack-of-2-100g-each-with-gentle-daily-use-original-imahmbwhbmgnxgym.jpeg?q=70
chullbull pet products Curry Comb for Dog,₹108,,,72% off,https://www.flipkart.com/chullbull-pet-products-curry-comb-dog/p/itm7696c4e7907a4?pid=PCBHHGKYBHHHS4G5&lid=LSTPCBHHGKYBHHHS4G5ZQUQMH&marketplace=FLIPKART&q=pet+products&store=p3t&srno=s_8_319&otracker=search&iid=8816fbaa-7a1e-4fa0-86cb-aaae52759daf.PCBHHGKYBHHHS4G5.SEARCH&ssid=b6q9o81apc0000001780722069149&qH=0b3cad6c322744d3&ov_redirect=true&ov_redirect=true,https://rukminim2.flixcart.com/image/612/612/xif0q/pet-comb-brush/s/i/w/medium-pet-shampoo-brush-soothing-massage-rubber-bristles-curry-original-imahhgkyrqxxprk7.jpeg?q=70
"chullbull pet products Curry Comb for Dog, Cat",₹134,,,55% off,https://www.flipkart.com/chullbull-pet-products-curry-comb-dog-cat/p/itm54228a19bd16e?pid=PCBGMXVT5NGCKMEM&lid=LSTPCBGMXVT5NGCKMEMNB2WWL&marketplace=FLIPKART&q=pet+products&store=p3t&srno=s_8_320&otracker=search&iid=8816fbaa-7a1e-4fa0-86cb-aaae52759daf.PCBGMXVT5NGCKMEM.SEARCH&ssid=b6q9o81apc0000001780722069149&qH=0b3cad6c322744d3&ov_redirect=true&ov_redirect=true,https://rukminim2.flixcart.com/image/612/612/k6tniq80/pet-comb-brush/7/r/f/pet-hand-bath-glove-brush-adjustable-two-multi-color-nitishree-original-imafp7csaq3dpgfh.jpeg?q=70
Fur Ball Story Digestive Care Liquid,₹171,4.7,(345),24% off,https://www.flipkart.com/fur-ball-story-digestive-care-liquid/p/itmc859545c30955?pid=PMDH2GT2KRTAMHCT&lid=LSTPMDH2GT2KRTAMHCTLO3HSS&marketplace=FLIPKART&q=pet+products&store=p3t&srno=s_9_321&otracker=search&iid=en_IC4kWSbCHh9ImO93d5I8PKil9eYit3WWMa5oZDHNEMM5roKKwQEPOh-fs1OjcXLAO3nbYAUQE8m2_jCLtZETQg%3D%3D&ssid=ykwolnqys00000001780722080901&qH=0b3cad6c322744d3&ov_redirect=true&ov_redirect=true,https://rukminim2.flixcart.com/image/612/612/xif0q/pet-medication/p/d/q/-original-imahgmhfyzfumhse.jpeg?q=70
Petroyale Digestive Probiotics Supplement Improves Gut ...,₹512,4.7,(41),21% off,https://www.flipkart.com/petroyale-digestive-probiotics-supplement-improves-gut-health-indigestion-pet-supplements/p/itm6d4434d248477?pid=PHSH3ZZHTFBRD3Q8&lid=LSTPHSH3ZZHTFBRD3Q8ZAOCTU&marketplace=FLIPKART&q=pet+products&store=p3t&srno=s_9_322&otracker=search&iid=en_IC4kWSbCHh9ImO93d5I8PKil9eYit3WWMa5oZDHNEMMeshOc9xO4NoYezeDhIP4WN-zYRF3_GzGNoDybsf9YnQ%3D%3D&ssid=ykwolnqys00000001780722080901&qH=0b3cad6c322744d3&ov_redirect=true&ov_redirect=true,https://rukminim2.flixcart.com/image/612/612/xif0q/pet-health-supplement/s/6/r/100-digestive-probiotics-supplement-improves-gut-health-original-imahmsjp8ybzn8en.jpeg?q=70
"chullbull pet products 2 Pack Dog Grooming Brush, Premi...",₹158,,,73% off,https://www.flipkart.com/chullbull-pet-products-2-pack-dog-grooming-brush-premium-bath-soothing-massage-rubber-comb-basic-cat-dog-guinea-pig-hamster-rabbit/p/itm1df7c25170d88?pid=PCBGUJYZZVDP29AG&lid=LSTPCBGUJYZZVDP29AGMJE8BI&marketplace=FLIPKART&q=pet+products&store=p3t&srno=s_9_323&otracker=search&iid=018540c5-ec25-48a1-9cab-8cfab7c37a7f.PCBGUJYZZVDP29AG.SEARCH&ssid=ykwolnqys00000001780722080901&qH=0b3cad6c322744d3&ov_redirect=true&ov_redirect=true,https://rukminim2.flixcart.com/image/612/612/xif0q/pet-comb-brush/n/p/n/medium-2-pack-dog-grooming-brush-premium-pet-bath-brush-soothing-original-imagujyzgym9defs.jpeg?q=70
chullbull pet products PP-001 pet comb blue Slicker Bru...,₹129,,,74% off,https://www.flipkart.com/chullbull-pet-products-pp-001-comb-blue-slicker-brushes-dog-cat-dog-hamster-cat/p/itmdda6abedf90d8?pid=PCBHHGKYKG7DXZJX&lid=LSTPCBHHGKYKG7DXZJXTD7YFR&marketplace=FLIPKART&q=pet+products&store=p3t&srno=s_9_324&otracker=search&iid=018540c5-ec25-48a1-9cab-8cfab7c37a7f.PCBHHGKYKG7DXZJX.SEARCH&ssid=ykwolnqys00000001780722080901&qH=0b3cad6c322744d3&ov_redirect=true&ov_redirect=true,https://rukminim2.flixcart.com/image/612/612/xif0q/pet-comb-brush/s/g/5/medium-pp001-pet-slicker-brushes-and-basic-comb-for-dog-cat-original-imahhgkyuvcfeweb.jpeg?q=70
"chullbull pet products Pet Grooming Kit -PALM GLOVES ,D...",₹214,,,64% off,https://www.flipkart.com/chullbull-pet-products-grooming-kit-palm-gloves-d-sheeding-gloves-shampoo-brush-pack-3-plain-bristle-brushes-dog-cat/p/itmcacb90d298848?pid=PCBHBKJG77BJ7KWS&lid=LSTPCBHBKJG77BJ7KWSU4SJEC&marketplace=FLIPKART&q=pet+products&store=p3t&srno=s_9_325&otracker=search&iid=018540c5-ec25-48a1-9cab-8cfab7c37a7f.PCBHBKJG77BJ7KWS.SEARCH&ssid=ykwolnqys00000001780722080901&qH=0b3cad6c322744d3&ov_redirect=true&ov_redirect=true,https://rukminim2.flixcart.com/image/612/612/xif0q/pet-comb-brush/o/z/x/medium-palm-gloves-shampoo-brush-d-sheeding-gloves-chullbull-pet-original-imahbkjgnhwhxan5.jpeg?q=70
chullbull pet products Dog Hair Brush - Dog Hair Comb -...,₹152,,,69% off,https://www.flipkart.com/chullbull-pet-products-dog-hair-brush-comb-grooming-slicker-brushes-cat/p/itmd202fe9626b23?pid=PCBHHGKYMGR2YZYV&lid=LSTPCBHHGKYMGR2YZYVUVWXZ5&marketplace=FLIPKART&q=pet+products&store=p3t&srno=s_9_326&otracker=search&iid=018540c5-ec25-48a1-9cab-8cfab7c37a7f.PCBHHGKYMGR2YZYV.SEARCH&ssid=ykwolnqys00000001780722080901&qH=0b3cad6c322744d3&ov_redirect=true&ov_redirect=true,https://rukminim2.flixcart.com/image/612/612/xif0q/pet-comb-brush/v/w/b/medium-dog-hair-brush-chullbull-pet-products-original-imahhgky5jpdn84z.jpeg?q=70
"DR. Boro (Combo 4) Allergy Relief, Conditioning, Anti-f...",₹162,4.4,(35),89% off,https://www.flipkart.com/dr-boro-combo-4-allergy-relief-conditioning-anti-fungal-anti-microbial-pet-care-650-ml-coat-cleanser/p/itmf756d009c9bb9?pid=PETHGXSZSGJBR5UA&lid=LSTPETHGXSZSGJBR5UA8MAQD1&marketplace=FLIPKART&q=pet+products&store=p3t&srno=s_9_327&otracker=search&iid=en_IC4kWSbCHh9ImO93d5I8PKil9eYit3WWMa5oZDHNEMOHopqm89EGUZP8PHtgXIM7G233jqqihyiAChndO8OOQg%3D%3D&ssid=ykwolnqys00000001780722080901&qH=0b3cad6c322744d3&ov_redirect=true&ov_redirect=true,https://rukminim2.flixcart.com/image/612/612/xif0q/pet-cleanser/s/v/o/650-combo-of-4-pet-care-item-dr-boro-original-imahgxszkqh9zyhb.jpeg?q=70
Dogsee Chew Dogsee Chew Cheese Dog Treat,₹146,4,(455),26% off,https://www.flipkart.com/dogsee-chew-cheese-dog-treat/p/itmfgbh7yg9rhudh?pid=PTTH6G5YAVQH2JM7&lid=LSTPTTH6G5YAVQH2JM7NIZATG&marketplace=FLIPKART&q=pet+products&store=p3t&srno=s_9_328&otracker=search&iid=en_IC4kWSbCHh9ImO93d5I8PKil9eYit3WWMa5oZDHNEMOpuNq7V9lMeBGsZyfvZ69u4skLX3YwbelZMs2VLdN6Aw%3D%3D&ssid=ykwolnqys00000001780722080901&qH=0b3cad6c322744d3&ov_redirect=true&ov_redirect=true,https://rukminim2.flixcart.com/image/612/612/xif0q/pet-treat/r/h/x/100-dog-3-small-p1-dogsee-chew-original-imah6jygjnh42jdy.jpeg?q=70
"chullbull pet products Slicker Brushes for Cat, Dog",₹172,,,71% off,https://www.flipkart.com/chullbull-pet-products-slicker-brushes-cat-dog/p/itme0a42959abf7c?pid=PCBGXCA4HDNBJZG2&lid=LSTPCBGXCA4HDNBJZG2W11VP5&marketplace=FLIPKART&q=pet+products&store=p3t&srno=s_9_329&otracker=search&iid=018540c5-ec25-48a1-9cab-8cfab7c37a7f.PCBGXCA4HDNBJZG2.SEARCH&ssid=ykwolnqys00000001780722080901&qH=0b3cad6c322744d3&ov_redirect=true&ov_redirect=true,https://rukminim2.flixcart.com/image/612/612/xif0q/pet-comb-brush/9/s/u/medium-grooming-kit-self-slicker-brush-buraq-original-imagungkubjhvrny.jpeg?q=70
chullbull pet products Plain/ Bristle Brushes for Dog,₹98,,,75% off,https://www.flipkart.com/chullbull-pet-products-plain-bristle-brushes-dog/p/itm95a9bc82830d1?pid=PCBHHGKYVRYUGFHR&lid=LSTPCBHHGKYVRYUGFHRQK1HW3&marketplace=FLIPKART&q=pet+products&store=p3t&srno=s_9_330&otracker=search&iid=018540c5-ec25-48a1-9cab-8cfab7c37a7f.PCBHHGKYVRYUGFHR.SEARCH&ssid=ykwolnqys00000001780722080901&qH=0b3cad6c322744d3&ov_redirect=true&ov_redirect=true,https://rukminim2.flixcart.com/image/612/612/xif0q/shopsy-pet-comb-brush/h/m/l/medium-dog-bath-brush-shampoo-dispenser-grooming-brush-silicone-original-imahctpf2evvbkwr.jpeg?q=70
"Georgic Proteina Muscle Builder for Dogs | Weight Gain,...",₹369,5,(3),26% off,https://www.flipkart.com/georgic-proteina-muscle-builder-dogs-weight-gain-energy-stamina-growth-pet-health-supplements/p/itmdb1669ef7c125?pid=PHSHHGNTMKFZSEBY&lid=LSTPHSHHGNTMKFZSEBYSDQA64&marketplace=FLIPKART&q=pet+products&store=p3t&srno=s_9_331&otracker=search&iid=en_IC4kWSbCHh9ImO93d5I8PKil9eYit3WWMa5oZDHNEMPazeRgTvdSjw8oJZqN-tbdHcIPNinxFgBBPEz7PzyjDA%3D%3D&ssid=ykwolnqys00000001780722080901&qH=0b3cad6c322744d3&ov_redirect=true&ov_redirect=true,https://rukminim2.flixcart.com/image/612/612/xif0q/pet-health-supplement/q/p/b/150-proteina-dog-supplement-supports-energy-stamina-georgic-original-imahhykw8gkfztgg.jpeg?q=70
"Petroyale Allergy & Itch Chews for Dogs, Relief from Al...",₹379,3.9,(48),15% off,https://www.flipkart.com/petroyale-allergy-itch-chews-dogs-relief-allergies-hot-spots-dry-skin-pet-health-supplements/p/itm166a78c077518?pid=PHSH4NEDHCQFTWYB&lid=LSTPHSH4NEDHCQFTWYBIA1DKT&marketplace=FLIPKART&q=pet+products&store=p3t&srno=s_9_332&otracker=search&iid=en_IC4kWSbCHh9ImO93d5I8PKil9eYit3WWMa5oZDHNEMM5OYDHXHEja126SXnLscRlXrre9Aser5PVFBEPxbqdpg%3D%3D&ssid=ykwolnqys00000001780722080901&qH=0b3cad6c322744d3&ov_redirect=true&ov_redirect=true,https://rukminim2.flixcart.com/image/612/612/xif0q/pet-health-supplement/s/k/j/20-allergy-itch-chews-for-dogs-relief-from-allergies-hot-spots-original-imahmrezwkqhezw5.jpeg?q=70
chullbull pet products Dog Hair Brush Combo | Pet Hair ...,₹158,,,73% off,https://www.flipkart.com/chullbull-pet-products-dog-hair-brush-combo-slicker-brushes-cat/p/itmc728946104292?pid=PCBHHGKYG2RDHD4H&lid=LSTPCBHHGKYG2RDHD4H4HOMXN&marketplace=FLIPKART&q=pet+products&store=p3t&srno=s_9_333&otracker=search&iid=018540c5-ec25-48a1-9cab-8cfab7c37a7f.PCBHHGKYG2RDHD4H.SEARCH&ssid=ykwolnqys00000001780722080901&qH=0b3cad6c322744d3&ov_redirect=true&ov_redirect=true,https://rukminim2.flixcart.com/image/612/612/xif0q/pet-comb-brush/t/5/9/medium-dog-hair-brush-dog-bath-brush-combo-chullbull-pet-original-imahhgkym3s2k5vp.jpeg?q=70
chullbull pet products Slicker Dog Comb Brush Pet Groom...,₹148,4.3,(143),82% off,https://www.flipkart.com/chullbull-pet-products-slicker-dog-comb-brush-grooming-basic-cat/p/itm7ad6ebf2148fe?pid=PCBGXCAYTKESHQZH&lid=LSTPCBGXCAYTKESHQZHIYECSY&marketplace=FLIPKART&q=pet+products&store=p3t&srno=s_9_334&otracker=search&iid=018540c5-ec25-48a1-9cab-8cfab7c37a7f.PCBGXCAYTKESHQZH.SEARCH&ssid=ykwolnqys00000001780722080901&qH=0b3cad6c322744d3&ov_redirect=true&ov_redirect=true,https://rukminim2.flixcart.com/image/612/612/kr6oeq80/pet-comb-brush/n/c/0/fkf11-1932t2k-qpets-original-imag5faakw7f6ezf.jpeg?q=70
chullbull pet products Pets Flea Comb for Cat & Dog For...,₹126,,,78% off,https://www.flipkart.com/chullbull-pet-products-pets-flea-comb-cat-dog-removing-fleas-basic-cat-dog-mouse-hamster/p/itme516e1f9af3ba?pid=PCBHHGKYFVE8WDKM&lid=LSTPCBHHGKYFVE8WDKMVTBYPE&marketplace=FLIPKART&q=pet+products&store=p3t&srno=s_9_335&otracker=search&iid=018540c5-ec25-48a1-9cab-8cfab7c37a7f.PCBHHGKYFVE8WDKM.SEARCH&ssid=ykwolnqys00000001780722080901&qH=0b3cad6c322744d3&ov_redirect=true&ov_redirect=true,https://rukminim2.flixcart.com/image/612/612/xif0q/pet-comb-brush/1/g/w/large-grooming-tool-for-pets-chullbull-pet-products-original-imahhgkytjvbnxne.jpeg?q=70
"chullbull pet products Slicker Brushes for Cat, Dog",₹141,,,71% off,https://www.flipkart.com/chullbull-pet-products-slicker-brushes-cat-dog/p/itm581b98fdf97c5?pid=PCBHHGKYTG5KHJXA&lid=LSTPCBHHGKYTG5KHJXAVJXMQF&marketplace=FLIPKART&q=pet+products&store=p3t&srno=s_9_336&otracker=search&iid=018540c5-ec25-48a1-9cab-8cfab7c37a7f.PCBHHGKYTG5KHJXA.SEARCH&ssid=ykwolnqys00000001780722080901&qH=0b3cad6c322744d3&ov_redirect=true&ov_redirect=true,https://rukminim2.flixcart.com/image/612/612/xif0q/pet-comb-brush/9/x/a/large-slicker-brushes-for-dog-chullbull-pet-products-original-imahhgkyp3vz5tap.jpeg?q=70
Fur Ball Story Dermaprove Ayurvedic Herbal Formula Dog ...,₹377,4.7,(719),24% off,https://www.flipkart.com/fur-ball-story-dermaprove-ayurvedic-herbal-formula-dog-shampoo-rosemary-neem-oil-aloevera-itch-relief-anti-dandruff-anti-bacterial-anti-fungal-anti-microbial-mild/p/itm4f12d039fa281?pid=PSOH7HY4WWYZTJWG&lid=LSTPSOH7HY4WWYZTJWGCZWZON&marketplace=FLIPKART&q=pet+products&store=p3t&srno=s_9_337&otracker=search&iid=en_IC4kWSbCHh9ImO93d5I8PKil9eYit3WWMa5oZDHNEMNBNin4C5pn-j_UxNnpQq3PzjeMp9tNSEaqSNIqeejwiQ%3D%3D&ssid=ykwolnqys00000001780722080901&qH=0b3cad6c322744d3&ov_redirect=true&ov_redirect=true,https://rukminim2.flixcart.com/image/612/612/xif0q/pet-shampoo/s/g/7/300-dermaprove-vet-recommended-ayurvedic-antifungal-rosemary-oil-original-imahm9zxnxa9fu2h.jpeg?q=70
Breedo Dog Need (Combo of 2) Flea-Tick Shampoo Conditio...,₹170,4,"(1,543)",71% off,https://www.flipkart.com/breedo-dog-need-combo-2-flea-tick-shampoo-conditioner-gloves-allergy-relief-conditioning-anti-fungal-anti-microbial-anti-itching-anti-dandruff-natural/p/itm1700b14137a17?pid=PSOGDGVUXY8B2ZFG&lid=LSTPSOGDGVUXY8B2ZFGHFRTF0&marketplace=FLIPKART&q=pet+products&store=p3t&srno=s_9_338&otracker=search&iid=en_IC4kWSbCHh9ImO93d5I8PKil9eYit3WWMa5oZDHNEMOzb4CviCfLP64nm9qGdo5g-ae2zLVaHawJQdr3sN9mDg%3D%3D&ssid=ykwolnqys00000001780722080901&qH=0b3cad6c322744d3&ov_redirect=true&ov_redirect=true,https://rukminim2.flixcart.com/image/612/612/xif0q/pet-shampoo/d/l/r/250-dog-need-combo-of-2-flea-tick-shampoo-conditioner-gloves-original-imah7hyhwhnp3bb8.jpeg?q=70
chullbull pet products 1 kg Dog Bone Biscuits Chicken D...,₹127,4.2,(138),84% off,https://www.flipkart.com/chullbull-pet-products-1-kg-dog-bone-biscuits-chicken-treat-chew-treat-1-kg/p/itmf6ec189026831?pid=PTTH88H89JJGFKBQ&lid=LSTPTTH88H89JJGFKBQB1LAMS&marketplace=FLIPKART&q=pet+products&store=p3t&srno=s_9_339&otracker=search&iid=018540c5-ec25-48a1-9cab-8cfab7c37a7f.PTTH88H89JJGFKBQ.SEARCH&ssid=ykwolnqys00000001780722080901&qH=0b3cad6c322744d3&ov_redirect=true&ov_redirect=true,https://rukminim2.flixcart.com/image/612/612/xif0q/pet-treat/k/m/m/1-dog-1-dog-bone-biscuits-chicken-dog-treat-dog-chew-chicken-dog-original-imah8vrqgfcgymk6.jpeg?q=70
chullbull pet products Steel Pet Bowl & Bottle,₹203,,,70% off,https://www.flipkart.com/chullbull-pet-products-steel-bowl-bottle/p/itm2b7d5298c010f?pid=PBLGXNAYZKXMDFSH&lid=LSTPBLGXNAYZKXMDFSHJANOEY&marketplace=FLIPKART&q=pet+products&store=p3t&srno=s_9_340&otracker=search&iid=018540c5-ec25-48a1-9cab-8cfab7c37a7f.PBLGXNAYZKXMDFSH.SEARCH&ssid=ykwolnqys00000001780722080901&qH=0b3cad6c322744d3&ov_redirect=true&ov_redirect=true,https://rukminim2.flixcart.com/image/612/612/l4n2oi80/pet-bowl-bottle/n/7/u/dog-food-and-water-bowl-for-medium-and-large-size-dog-medium-original-imagfhp4zwqp2xyd.jpeg?q=70
"VetMantra VITAMIN H ALLUMINIUM PACK, MULTIVITAMIN FOR C...",₹256,4.1,(429),83% off,https://www.flipkart.com/vetmantra-vitamin-h-alluminium-pack-multivitamin-cow-buffalo-other-pets-pet-health-supplements/p/itmd5ac9a24c7027?pid=PHSG48CVBERCUHQH&lid=LSTPHSG48CVBERCUHQHUP4ZD9&marketplace=FLIPKART&q=pet+products&store=p3t&srno=s_9_341&otracker=search&iid=en_IC4kWSbCHh9ImO93d5I8PKil9eYit3WWMa5oZDHNEMPJYVky45eeeO9Mn5LlypoacgQgOb2RnRPgf71ihdAjJA%3D%3D&ssid=ykwolnqys00000001780722080901&qH=0b3cad6c322744d3&ov_redirect=true&ov_redirect=true,https://rukminim2.flixcart.com/image/612/612/xif0q/pet-health-supplement/d/u/k/1-vitamin-h-alluminium-pack-multivitamin-for-cow-buffalo-and-original-imahm2szyzv9c7wv.jpeg?q=70
Petroyale Urinary Tract Health Tablets For Dogs With Cr...,₹720,5,(3),24% off,https://www.flipkart.com/petroyale-urinary-tract-health-tablets-dogs-cranberry-extract-pet-supplements/p/itmd2a2a50d08421?pid=PHSGZZXAWWZFMEXB&lid=LSTPHSGZZXAWWZFMEXBOF5UVD&marketplace=FLIPKART&q=pet+products&store=p3t&srno=s_9_342&otracker=search&iid=en_IC4kWSbCHh9ImO93d5I8PKil9eYit3WWMa5oZDHNEMNK3Bq1oqrIYCUYteK_EGXpltyZTQKdyCKgLRTD6KR9qPUFjCTyOHoHZs-Z5_PS_w0%3D&ssid=ykwolnqys00000001780722080901&qH=0b3cad6c322744d3&ov_redirect=true&ov_redirect=true,https://rukminim2.flixcart.com/image/612/612/xif0q/pet-health-supplement/n/0/d/30-urinary-tract-health-tablets-for-dogs-with-cranberry-extract-original-imahm43cdgauez9g.jpeg?q=70
chullbull pet products Cat Harness & Leash,₹244,,,51% off,https://www.flipkart.com/chullbull-pet-products-cat-harness-leash/p/itma2bdabc03de62?pid=PCLGZJ56ZRZWZXQC&lid=LSTPCLGZJ56ZRZWZXQCCWU67H&marketplace=FLIPKART&q=pet+products&store=p3t&srno=s_9_343&otracker=search&iid=018540c5-ec25-48a1-9cab-8cfab7c37a7f.PCLGZJ56ZRZWZXQC.SEARCH&ssid=ykwolnqys00000001780722080901&qH=0b3cad6c322744d3&ov_redirect=true&ov_redirect=true,https://rukminim2.flixcart.com/image/612/612/xif0q/pet-collar-harness/f/v/g/extra-small-25-chullbull-pet-products-original-imagzj56ffmxqp7w.jpeg?q=70
"DC Pet Products Basic Comb for Dog & Cat, Horse, Rabbi...",₹123,,,58% off,https://www.flipkart.com/dc-pet-products-basic-comb-dog-cat-horse-rabbit/p/itmbbe93eafd9449?pid=PCBHMNZUJ74YHZXC&lid=LSTPCBHMNZUJ74YHZXCHSYHRP&marketplace=FLIPKART&q=pet+products&store=p3t&srno=s_9_344&otracker=search&iid=018540c5-ec25-48a1-9cab-8cfab7c37a7f.PCBHMNZUJ74YHZXC.SEARCH&ssid=ykwolnqys00000001780722080901&qH=0b3cad6c322744d3&ov_redirect=true&ov_redirect=true,https://rukminim2.flixcart.com/image/612/612/xif0q/pet-comb-brush/5/p/m/medium-plmbrsh1-dc-pet-products-original-imahmnzsd6uvaygh.jpeg?q=70
Jainsons Pet Products Pet Grooming Combo 4pcs For Cat a...,₹344,,,65% off,https://www.flipkart.com/jainsons-pet-products-grooming-combo-4pcs-cat-dogs-slicker-brushes-dog/p/itmc6370f76f197c?pid=PCBGBGCVDPTW4N98&lid=LSTPCBGBGCVDPTW4N98K5SAZ5&marketplace=FLIPKART&q=pet+products&store=p3t&srno=s_9_345&otracker=search&iid=018540c5-ec25-48a1-9cab-8cfab7c37a7f.PCBGBGCVDPTW4N98.SEARCH&ssid=ykwolnqys00000001780722080901&qH=0b3cad6c322744d3&ov_redirect=true&ov_redirect=true,https://rukminim2.flixcart.com/image/612/612/kziqvm80/pet-comb-brush/9/1/1/pet-grooming-combo-4pcs-for-cat-and-dogs-jainsons-pet-products-original-imagbgcubcczrgew.jpeg?q=70
"ALTRESSA Anti-dandruff, Anti-itching, Anti-microbial An...",₹294,,,21% off,https://www.flipkart.com/altressa-anti-dandruff-anti-itching-anti-microbial-anti-tick-n-flea-pet-products-spray-buy-1-get-free-dog-shampoo/p/itmac36c9d21620d?pid=PSOGYT7ZJM7FGXKY&lid=LSTPSOGYT7ZJM7FGXKYMMADN6&marketplace=FLIPKART&q=pet+products&store=p3t&srno=s_9_346&otracker=search&iid=018540c5-ec25-48a1-9cab-8cfab7c37a7f.PSOGYT7ZJM7FGXKY.SEARCH&ssid=ykwolnqys00000001780722080901&qH=0b3cad6c322744d3&ov_redirect=true&ov_redirect=true,https://rukminim2.flixcart.com/image/612/612/xif0q/pet-shampoo/t/1/o/500-offer103-altressa-original-imagz47qahmxny4s.jpeg?q=70
DR. Boro Pet Coat Cleanser Shampoo I Routine Bathing & ...,₹104,4.8,(4),67% off,https://www.flipkart.com/dr-boro-pet-coat-cleanser-shampoo-routine-bathing-skin-hygiene-controls-dandruff-200-ml/p/itm5208e9724d314?pid=PETHHP4F7RDZJ5FF&lid=LSTPETHHP4F7RDZJ5FFXZ8NV2&marketplace=FLIPKART&q=pet+products&store=p3t&srno=s_9_347&otracker=search&iid=en_IC4kWSbCHh9ImO93d5I8PKil9eYit3WWMa5oZDHNEMMq3H6LqBd5p2-V8fRV_GdqMDmuY3RdjPor0Au0nlcDzQ%3D%3D&ssid=ykwolnqys00000001780722080901&qH=0b3cad6c322744d3&ov_redirect=true&ov_redirect=true,https://rukminim2.flixcart.com/image/612/612/xif0q/pet-cleanser/9/u/h/200-coat-cleanser-shampoo-i-routine-bathing-skin-hygiene-i-original-imahgxrvaey2k3kz.jpeg?q=70
Dr. Pets Chicken Pomegranate Dog Biscuits Oven Baked Do...,₹268,,,36% off,https://www.flipkart.com/dr-pets-chicken-pomegranate-dog-biscuits-oven-baked-treats-food-treat/p/itme8fe273bebe5d?pid=PTTHNZWUGSM4SHKG&lid=LSTPTTHNZWUGSM4SHKGMBDWBS&marketplace=FLIPKART&q=pet+products&store=p3t&srno=s_9_348&otracker=search&iid=en_IC4kWSbCHh9ImO93d5I8PKil9eYit3WWMa5oZDHNEMMMmox_Sksqu0NRG6tL9up5RVXJXL60fWAjvMddbcnCIA%3D%3D&ssid=ykwolnqys00000001780722080901&qH=0b3cad6c322744d3&ov_redirect=true&ov_redirect=true,https://rukminim2.flixcart.com/image/612/612/xif0q/pet-treat/d/l/p/900-dog-2-bstk-chkn-pmgrnt-450gm-pk2-dr-pets-original-imahnzwuttaj2vwt.jpeg?q=70
chullbull pet products Dog Bath Kit ( Pack of 3 ) Paw C...,₹309,,,55% off,https://www.flipkart.com/chullbull-pet-products-dog-bath-kit-pack-3-paw-cleaner-brush-shampoo-slicker-brushes/p/itm243eff8d079fa?pid=PCBHHGKYFATZRFC3&lid=LSTPCBHHGKYFATZRFC3KBUNZF&marketplace=FLIPKART&q=pet+products&store=p3t&srno=s_9_349&otracker=search&iid=018540c5-ec25-48a1-9cab-8cfab7c37a7f.PCBHHGKYFATZRFC3.SEARCH&ssid=ykwolnqys00000001780722080901&qH=0b3cad6c322744d3&ov_redirect=true&ov_redirect=true,https://rukminim2.flixcart.com/image/612/612/xif0q/pet-comb-brush/j/h/m/medium-dog-bath-kit-pack-of-3-chullbull-pet-products-original-imahhgky5xek4fzx.jpeg?q=70
W9 Pet Products Oh My Dog Forest Safari Dry Shampoo wit...,₹214,,,50% off,https://www.flipkart.com/w9-pet-products-oh-my-dog-forest-safari-dry-shampoo-1-wet-wipes-pack-20-pcs-dogs-spa-kit/p/itm9650e88e59b4a?pid=PSKGRFETSXFKSAUK&lid=LSTPSKGRFETSXFKSAUK0GMUYC&marketplace=FLIPKART&q=pet+products&store=p3t&srno=s_9_350&otracker=search&iid=018540c5-ec25-48a1-9cab-8cfab7c37a7f.PSKGRFETSXFKSAUK.SEARCH&ssid=ykwolnqys00000001780722080901&qH=0b3cad6c322744d3&ov_redirect=true&ov_redirect=true,https://rukminim2.flixcart.com/image/612/612/xif0q/pet-spa-kit/0/e/c/oh-my-dog-forest-safari-dry-shampoo-with-1-wet-wipes-pack-of-20-original-imagrfethwuzffh9.jpeg?q=70
"Petroyale Allergy & Itch Chews for Dogs, Relief from Al...",₹636,3.9,(48),29% off,https://www.flipkart.com/petroyale-allergy-itch-chews-dogs-relief-allergies-hot-spots-dry-skin-pet-health-supplements/p/itmf071d3f747320?pid=PHSHHE63YAQQKMBB&lid=LSTPHSHHE63YAQQKMBB34L8JZ&marketplace=FLIPKART&q=pet+products&store=p3t&srno=s_9_351&otracker=search&iid=en_IC4kWSbCHh9ImO93d5I8PKil9eYit3WWMa5oZDHNEMNsgflI2CTEAZy3B1W8KpFi7mG1vIlK9nJ7GYHykLUF4Q%3D%3D&ssid=ykwolnqys00000001780722080901&qH=0b3cad6c322744d3&ov_redirect=true&ov_redirect=true,https://rukminim2.flixcart.com/image/612/612/xif0q/pet-health-supplement/h/g/q/40-allergy-itch-chews-for-dogs-relief-from-allergies-hot-spots-original-imahm48zdvvgnqgt.jpeg?q=70
Fur Ball Story Rainy Remedies Combo Kit for Pets Pet Sp...,₹638,4.6,(71),32% off,https://www.flipkart.com/fur-ball-story-rainy-remedies-combo-kit-pets-pet-spa/p/itm82518608c217e?pid=PSKGYDZZTUZSGB6F&lid=LSTPSKGYDZZTUZSGB6FZPOFNV&marketplace=FLIPKART&q=pet+products&store=p3t&srno=s_9_352&otracker=search&iid=en_IC4kWSbCHh9ImO93d5I8PKil9eYit3WWMa5oZDHNEMOAR13yx1ou4kITn3afasHGyI6xz3_e8--i2HEGsPb2wOo15S0a61Wzzbg3qNOknKY%3D&ssid=ykwolnqys00000001780722080901&qH=0b3cad6c322744d3&ov_redirect=true&ov_redirect=true,https://rukminim2.flixcart.com/image/612/612/xif0q/pet-spa-kit/n/d/q/-original-imahgqzydhy5zveh.jpeg?q=70
chullbull pet products Pet Dog Cat Puppy Kitten Flea Co...,₹113,,,71% off,https://www.flipkart.com/chullbull-pet-products-dog-cat-puppy-kitten-flea-comb-stainless-pin-hair-fur-grooming-brush-basic/p/itmb420b19b139f9?pid=PCBHHGKY46YMZCTH&lid=LSTPCBHHGKY46YMZCTHTTTWTF&marketplace=FLIPKART&q=pet+products&store=p3t&srno=s_9_353&otracker=search&iid=018540c5-ec25-48a1-9cab-8cfab7c37a7f.PCBHHGKY46YMZCTH.SEARCH&ssid=ykwolnqys00000001780722080901&qH=0b3cad6c322744d3&ov_redirect=true&ov_redirect=true,https://rukminim2.flixcart.com/image/612/612/xif0q/pet-comb-brush/0/i/h/medium-pet-dog-cat-puppy-kitten-flea-comb-stainless-pin-hair-and-original-imahhgkyupjxyz9t.jpeg?q=70
chullbull pet products Dog Plastic Slicker Brush with P...,₹108,,,79% off,https://www.flipkart.com/chullbull-pet-products-dog-plastic-slicker-brush-press-key-brushes-dog-cat/p/itm58182081f04a7?pid=PCBHHGKY8KZSB96U&lid=LSTPCBHHGKY8KZSB96U9ITHBV&marketplace=FLIPKART&q=pet+products&store=p3t&srno=s_9_354&otracker=search&iid=018540c5-ec25-48a1-9cab-8cfab7c37a7f.PCBHHGKY8KZSB96U.SEARCH&ssid=ykwolnqys00000001780722080901&qH=0b3cad6c322744d3&ov_redirect=true&ov_redirect=true,https://rukminim2.flixcart.com/image/612/612/xif0q/pet-comb-brush/m/x/x/medium-084-chullbull-pet-products-original-imahhgkywggxpbt4.jpeg?q=70
chullbull pet products Grooming Gloves for Dog,₹121,,,69% off,https://www.flipkart.com/chullbull-pet-products-grooming-gloves-dog/p/itmf01ee1be65621?pid=PGGGTR8ZYBZPHBPU&lid=LSTPGGGTR8ZYBZPHBPUBH3RNC&marketplace=FLIPKART&q=pet+products&store=p3t&srno=s_9_355&otracker=search&iid=018540c5-ec25-48a1-9cab-8cfab7c37a7f.PGGGTR8ZYBZPHBPU.SEARCH&ssid=ykwolnqys00000001780722080901&qH=0b3cad6c322744d3&ov_redirect=true&ov_redirect=true,https://rukminim2.flixcart.com/image/612/612/k44hksw0/pet-grooming-glove/h/d/g/grooming-hand-brush-for-dogs-pack-of-1-munchos-original-imafn3968xtkp6tk.jpeg?q=70
chullbull pet products best Dog Comb Brush Pet Grooming...,₹148,4,(3),83% off,https://www.flipkart.com/chullbull-pet-products-best-dog-comb-brush-grooming-daily-use-clean-loose-fur-dirt-basic-dog-cat/p/itm3d0846c1c1475?pid=PCBHBKJGEFMSRMXG&lid=LSTPCBHBKJGEFMSRMXGBW2CS3&marketplace=FLIPKART&q=pet+products&store=p3t&srno=s_9_356&otracker=search&iid=018540c5-ec25-48a1-9cab-8cfab7c37a7f.PCBHBKJGEFMSRMXG.SEARCH&ssid=ykwolnqys00000001780722080901&qH=0b3cad6c322744d3&ov_redirect=true&ov_redirect=true,https://rukminim2.flixcart.com/image/612/612/xif0q/pet-comb-brush/l/x/8/medium-cleaning-dog-hair-brush-grooming-shedding-slicker-remove-original-imahbkjgzyfvdbxw.jpeg?q=70
DC Pet Products Pet Grooming Silicone Brush | Bath & De...,₹170,,,43% off,https://www.flipkart.com/dc-pet-products-grooming-silicone-brush-bath-deshedding-tool-plain-bristle-brushes-dog-cat-rabbit/p/itm237e65f8c2de4?pid=PCBHNFMHK2NZPFPG&lid=LSTPCBHNFMHK2NZPFPGH5QB53&marketplace=FLIPKART&q=pet+products&store=p3t&srno=s_9_357&otracker=search&iid=en_IC4kWSbCHh9ImO93d5I8PKil9eYit3WWMa5oZDHNEMN5jJk7aVdRnxMD1Ne_w1NMLdRDZQWuq3S9rc29YxG5Ew%3D%3D&ssid=ykwolnqys00000001780722080901&qH=0b3cad6c322744d3&ov_redirect=true&ov_redirect=true,https://rukminim2.flixcart.com/image/612/612/xif0q/pet-comb-brush/k/c/a/medium-pwpnbrsh-dc-pet-products-original-imahnfmf35h8hkgg.jpeg?q=70
Dr. Pets Chicken Peanut Dog Biscuits Oven Baked Dog Tre...,₹268,,,36% off,https://www.flipkart.com/dr-pets-chicken-peanut-dog-biscuits-oven-baked-treats-food-dogs-puppy-butter-treat/p/itm9cefd61eb2162?pid=PTTHNZWU8WX7SXYU&lid=LSTPTTHNZWU8WX7SXYU4SMFQ9&marketplace=FLIPKART&q=pet+products&store=p3t&srno=s_9_358&otracker=search&iid=en_IC4kWSbCHh9ImO93d5I8PKil9eYit3WWMa5oZDHNEMNN6Am_YbnJeNfh1RF98b4KRMWb7gxeMaH3d-_g77lb-w%3D%3D&ssid=ykwolnqys00000001780722080901&qH=0b3cad6c322744d3&ov_redirect=true&ov_redirect=true,https://rukminim2.flixcart.com/image/612/612/xif0q/pet-treat/s/l/y/900-dog-2-bstk-chkn-peanut-450gm-pk2-dr-pets-original-imahnzwupjyxryx7.jpeg?q=70
chullbull pet products Self Cleaning Slicker Brush for ...,₹149,,,75% off,https://www.flipkart.com/chullbull-pet-products-self-cleaning-slicker-brush-dogs-cats-brushes-dog/p/itm7582f8e78ecd0?pid=PCBHHGKYBFZBYBYJ&lid=LSTPCBHHGKYBFZBYBYJXM0MFZ&marketplace=FLIPKART&q=pet+products&store=p3t&srno=s_9_359&otracker=search&iid=018540c5-ec25-48a1-9cab-8cfab7c37a7f.PCBHHGKYBFZBYBYJ.SEARCH&ssid=ykwolnqys00000001780722080901&qH=0b3cad6c322744d3&ov_redirect=true&ov_redirect=true,https://rukminim2.flixcart.com/image/612/612/xif0q/pet-comb-brush/n/c/i/medium-self-cleaning-slicker-brush-for-dogs-chullbull-pet-original-imahhgky6ajhbuzc.jpeg?q=70
chullbull pet products Slicker Dog Comb: Daily Grooming...,₹157,,,73% off,https://www.flipkart.com/chullbull-pet-products-slicker-dog-comb-daily-grooming-clean-happy-pets-brushes-cat/p/itm4f090d208bb68?pid=PCBHHGKY7WMACZJH&lid=LSTPCBHHGKY7WMACZJHILDPE9&marketplace=FLIPKART&q=pet+products&store=p3t&srno=s_9_360&otracker=search&iid=018540c5-ec25-48a1-9cab-8cfab7c37a7f.PCBHHGKY7WMACZJH.SEARCH&ssid=ykwolnqys00000001780722080901&qH=0b3cad6c322744d3&ov_redirect=true&ov_redirect=true,https://rukminim2.flixcart.com/image/612/612/xif0q/pet-comb-brush/a/n/9/medium-pets-grooming-brush-chullbull-pet-products-original-imahhgky5cxphxap.jpeg?q=70
Fur Ball Story Digestive Care Liquid,₹171,4.7,(345),24% off,https://www.flipkart.com/fur-ball-story-digestive-care-liquid/p/itmc859545c30955?pid=PMDH2GT2KRTAMHCT&lid=LSTPMDH2GT2KRTAMHCTLO3HSS&marketplace=FLIPKART&q=pet+products&store=p3t&srno=s_10_361&otracker=search&iid=en_JUXogeblgp8RmvnV1z7LEgjLf-I48T5SH7aWXcsrz3QWgdKQxjQ9Ru0IVQfZcgsxO3nbYAUQE8m2_jCLtZETQg%3D%3D&ssid=2nskf62hrk0000001780722092510&qH=0b3cad6c322744d3&ov_redirect=true&ov_redirect=true,https://rukminim2.flixcart.com/image/612/612/xif0q/pet-medication/p/d/q/-original-imahgmhfyzfumhse.jpeg?q=70
Petroyale Digestive Probiotics Supplement Improves Gut ...,₹512,4.7,(41),21% off,https://www.flipkart.com/petroyale-digestive-probiotics-supplement-improves-gut-health-indigestion-pet-supplements/p/itm6d4434d248477?pid=PHSH3ZZHTFBRD3Q8&lid=LSTPHSH3ZZHTFBRD3Q8ZAOCTU&marketplace=FLIPKART&q=pet+products&store=p3t&srno=s_10_362&otracker=search&iid=en_JUXogeblgp8RmvnV1z7LEgjLf-I48T5SH7aWXcsrz3T5XukKUJ1kvcVIPPVOaoU6N-zYRF3_GzGNoDybsf9YnQ%3D%3D&ssid=2nskf62hrk0000001780722092510&qH=0b3cad6c322744d3&ov_redirect=true&ov_redirect=true,https://rukminim2.flixcart.com/image/612/612/xif0q/pet-health-supplement/s/6/r/100-digestive-probiotics-supplement-improves-gut-health-original-imahmsjp8ybzn8en.jpeg?q=70
chullbull pet products Dog Washing Hair Bath Pet Cleani...,₹101,,,58% off,https://www.flipkart.com/chullbull-pet-products-dog-washing-hair-bath-cleaning-brush-comb-rubber-grooming-gloves-cat-curry-dog-cat-horse/p/itm19ec5384aa733?pid=PCBGQ8NXZWF3ZCAD&lid=LSTPCBGQ8NXZWF3ZCADJTWFHB&marketplace=FLIPKART&q=pet+products&store=p3t&srno=s_10_363&otracker=search&iid=1e6b0e01-4363-4983-8d2d-7a8b50d85c9a.PCBGQ8NXZWF3ZCAD.SEARCH&ssid=2nskf62hrk0000001780722092510&qH=0b3cad6c322744d3&ov_redirect=true&ov_redirect=true,https://rukminim2.flixcart.com/image/612/612/kr3tj0w0/pet-comb-brush/f/d/x/hand-brush-for-dogs-fifozone-original-imag4z33zykcuyxc.jpeg?q=70
"Regiis Complete Pet Care Kit – Deshedding Brush, Itch R...",₹542,,,22% off,https://www.flipkart.com/regiis-complete-pet-care-kit-deshedding-brush-itch-relief-slicker-brush-spa/p/itmfabc63723f1a3?pid=PSKHGXRG4BCUXGKE&lid=LSTPSKHGXRG4BCUXGKE4SMWZX&marketplace=FLIPKART&q=pet+products&store=p3t&srno=s_10_364&otracker=search&iid=1e6b0e01-4363-4983-8d2d-7a8b50d85c9a.PSKHGXRG4BCUXGKE.SEARCH&ssid=2nskf62hrk0000001780722092510&qH=0b3cad6c322744d3&ov_redirect=true&ov_redirect=true,https://rukminim2.flixcart.com/image/612/612/xif0q/pet-spa-kit/y/f/d/all-in-1-shampoo-tooth-brush-deshedding-shampoo-slicker-brush-original-imahesttyzhhmfu3.jpeg?q=70
chullbull pet products Stainless Steel Pet Bowl with Re...,₹241,,,65% off,https://www.flipkart.com/chullbull-pet-products-stainless-steel-bowl-removable-rubber-ring-900ml-pet-pack-2/p/itm218baa3242f46?pid=PBLGXSVHFXUMGPPU&lid=LSTPBLGXSVHFXUMGPPU52SB93&marketplace=FLIPKART&q=pet+products&store=p3t&srno=s_10_365&otracker=search&iid=1e6b0e01-4363-4983-8d2d-7a8b50d85c9a.PBLGXSVHFXUMGPPU.SEARCH&ssid=2nskf62hrk0000001780722092510&qH=0b3cad6c322744d3&ov_redirect=true&ov_redirect=true,https://rukminim2.flixcart.com/image/612/612/l4n2oi80/pet-bowl-bottle/h/o/j/dog-food-and-water-bowl-for-medium-and-large-size-dog-medium-original-imagfhp4ahgfd3fz.jpeg?q=70
chullbull pet products Dog & Cat Harness & Leash,₹143,4.1,(15),82% off,https://www.flipkart.com/chullbull-pet-products-dog-cat-harness-leash/p/itm70896908dfc81?pid=PCLGZHTW7UC6BZPF&lid=LSTPCLGZHTW7UC6BZPFPUBH3F&marketplace=FLIPKART&q=pet+products&store=p3t&srno=s_10_366&otracker=search&iid=1e6b0e01-4363-4983-8d2d-7a8b50d85c9a.PCLGZHTW7UC6BZPF.SEARCH&ssid=2nskf62hrk0000001780722092510&qH=0b3cad6c322744d3&ov_redirect=true&ov_redirect=true,https://rukminim2.flixcart.com/image/612/612/xif0q/pet-collar-harness/q/n/z/medium-reflective-nylon-dog-harness-and-leash-set-for-puppies-original-imagzhtw9ttgweyk.jpeg?q=70
"DR. Boro (Combo 4) Allergy Relief, Conditioning, Anti-f...",₹162,4.4,(35),89% off,https://www.flipkart.com/dr-boro-combo-4-allergy-relief-conditioning-anti-fungal-anti-microbial-pet-care-650-ml-coat-cleanser/p/itmf756d009c9bb9?pid=PETHGXSZSGJBR5UA&lid=LSTPETHGXSZSGJBR5UA8MAQD1&marketplace=FLIPKART&q=pet+products&store=p3t&srno=s_10_367&otracker=search&iid=en_JUXogeblgp8RmvnV1z7LEgjLf-I48T5SH7aWXcsrz3RDhOvi5LlUilwBQjR-_5vVG233jqqihyiAChndO8OOQg%3D%3D&ssid=2nskf62hrk0000001780722092510&qH=0b3cad6c322744d3&ov_redirect=true&ov_redirect=true,https://rukminim2.flixcart.com/image/612/612/xif0q/pet-cleanser/s/v/o/650-combo-of-4-pet-care-item-dr-boro-original-imahgxszkqh9zyhb.jpeg?q=70
Dogsee Chew Dogsee Chew Cheese Dog Treat,₹146,4,(455),26% off,https://www.flipkart.com/dogsee-chew-cheese-dog-treat/p/itmfgbh7yg9rhudh?pid=PTTH6G5YAVQH2JM7&lid=LSTPTTH6G5YAVQH2JM7NIZATG&marketplace=FLIPKART&q=pet+products&store=p3t&srno=s_10_368&otracker=search&iid=en_JUXogeblgp8RmvnV1z7LEgjLf-I48T5SH7aWXcsrz3RXSkZJp4v1WHyCne3Xr_nM4skLX3YwbelZMs2VLdN6Aw%3D%3D&ssid=2nskf62hrk0000001780722092510&qH=0b3cad6c322744d3&ov_redirect=true&ov_redirect=true,https://rukminim2.flixcart.com/image/612/612/xif0q/pet-treat/r/h/x/100-dog-3-small-p1-dogsee-chew-original-imah6jygjnh42jdy.jpeg?q=70
"chullbull pet products Pet Treats Mix Flavour, Baked Pu...",₹167,4.3,(107),81% off,https://www.flipkart.com/chullbull-pet-products-treats-mix-flavour-baked-puppy-treats-dog-training-biscuits-egg-milk-spinach-mutton-chicken-treat/p/itm6a627d10503be?pid=PTTHBKHVVFC752DG&lid=LSTPTTHBKHVVFC752DG3BRG8D&marketplace=FLIPKART&q=pet+products&store=p3t&srno=s_10_369&otracker=search&iid=1e6b0e01-4363-4983-8d2d-7a8b50d85c9a.PTTHBKHVVFC752DG.SEARCH&ssid=2nskf62hrk0000001780722092510&qH=0b3cad6c322744d3&ov_redirect=true&ov_redirect=true,https://rukminim2.flixcart.com/image/612/612/xif0q/pet-treat/x/m/z/1-dog-1-tasty-dog-treat-chullbull-pet-products-original-imahbruzjnnsfynz.jpeg?q=70
PETSWOW To keep your pets healthy | For good pet health...,₹397,3.2,(6),60% off,https://www.flipkart.com/petswow-keep-your-pets-healthy-good-pet-health-deodorizer/p/itm9d2a308554c97?pid=PDZHHXJBGWZR8ZYK&lid=LSTPDZHHXJBGWZR8ZYKSCXV22&marketplace=FLIPKART&q=pet+products&store=p3t&srno=s_10_370&otracker=search&iid=1e6b0e01-4363-4983-8d2d-7a8b50d85c9a.PDZHHXJBGWZR8ZYK.SEARCH&ssid=2nskf62hrk0000001780722092510&qH=0b3cad6c322744d3&ov_redirect=true&ov_redirect=true,https://rukminim2.flixcart.com/image/612/612/xif0q/pet-deodorizer/j/d/h/1000-0-ticks-1-petswow-original-imahhxjb2nu56bhw.jpeg?q=70
"Georgic Proteina Muscle Builder for Dogs | Weight Gain,...",₹369,5,(3),26% off,https://www.flipkart.com/georgic-proteina-muscle-builder-dogs-weight-gain-energy-stamina-growth-pet-health-supplements/p/itmdb1669ef7c125?pid=PHSHHGNTMKFZSEBY&lid=LSTPHSHHGNTMKFZSEBYSDQA64&marketplace=FLIPKART&q=pet+products&store=p3t&srno=s_10_371&otracker=search&iid=en_JUXogeblgp8RmvnV1z7LEgjLf-I48T5SH7aWXcsrz3RzM64tibGZMyzfu-Fqy_0YHcIPNinxFgBBPEz7PzyjDA%3D%3D&ssid=2nskf62hrk0000001780722092510&qH=0b3cad6c322744d3&ov_redirect=true&ov_redirect=true,https://rukminim2.flixcart.com/image/612/612/xif0q/pet-health-supplement/q/p/b/150-proteina-dog-supplement-supports-energy-stamina-georgic-original-imahhykw8gkfztgg.jpeg?q=70
"Petroyale Allergy & Itch Chews for Dogs, Relief from Al...",₹379,3.9,(48),15% off,https://www.flipkart.com/petroyale-allergy-itch-chews-dogs-relief-allergies-hot-spots-dry-skin-pet-health-supplements/p/itm166a78c077518?pid=PHSH4NEDHCQFTWYB&lid=LSTPHSH4NEDHCQFTWYBIA1DKT&marketplace=FLIPKART&q=pet+products&store=p3t&srno=s_10_372&otracker=search&iid=en_JUXogeblgp8RmvnV1z7LEgjLf-I48T5SH7aWXcsrz3QdOVSp4bU7mWVqtG2BpqMRXrre9Aser5PVFBEPxbqdpg%3D%3D&ssid=2nskf62hrk0000001780722092510&qH=0b3cad6c322744d3&ov_redirect=true&ov_redirect=true,https://rukminim2.flixcart.com/image/612/612/xif0q/pet-health-supplement/s/k/j/20-allergy-itch-chews-for-dogs-relief-from-allergies-hot-spots-original-imahmrezwkqhezw5.jpeg?q=70
chullbull pet products Dog and Cat Plastic Slicker Brus...,₹118,,,70% off,https://www.flipkart.com/chullbull-pet-products-dog-cat-plastic-slicker-brush-press-key-brushes-dog-cat-horse-monkey-cow-rabbit/p/itma5d5e5c792f95?pid=PCBHHGKYSDUHYCYA&lid=LSTPCBHHGKYSDUHYCYA1XYR7O&marketplace=FLIPKART&q=pet+products&store=p3t&srno=s_10_373&otracker=search&iid=1e6b0e01-4363-4983-8d2d-7a8b50d85c9a.PCBHHGKYSDUHYCYA.SEARCH&ssid=2nskf62hrk0000001780722092510&qH=0b3cad6c322744d3&ov_redirect=true&ov_redirect=true,https://rukminim2.flixcart.com/image/612/612/xif0q/shopsy-pet-comb-brush/k/w/v/large-pet-grooming-slicker-dogs-cats-rabbit-goat-long-short-hair-original-imah29zz2ykxfvg4.jpeg?q=70
Regiis V3-PKLU-YGHT Pet Spa Kit,₹442,,,36% off,https://www.flipkart.com/regiis-v3-pklu-yght-pet-spa-kit/p/itm1a2e0cbfc0d8d?pid=PSKHG7YKHGNZDDZA&lid=LSTPSKHG7YKHGNZDDZAV5UR6F&marketplace=FLIPKART&q=pet+products&store=p3t&srno=s_10_374&otracker=search&iid=1e6b0e01-4363-4983-8d2d-7a8b50d85c9a.PSKHG7YKHGNZDDZA.SEARCH&ssid=2nskf62hrk0000001780722092510&qH=0b3cad6c322744d3&ov_redirect=true&ov_redirect=true,https://rukminim2.flixcart.com/image/612/612/xif0q/pet-spa-kit/b/8/e/v3-pklu-yght-regiis-original-imahg6wpedwyfaww.jpeg?q=70
chullbull pet products Pet Flea Comb with Stainless Ste...,₹117,,,88% off,https://www.flipkart.com/chullbull-pet-products-flea-comb-stainless-steel-teeth-grooming-brush-dogs-cat-basic-dog/p/itm0b74a480f9558?pid=PCBHHGKYDMZSHZNQ&lid=LSTPCBHHGKYDMZSHZNQZVYE8A&marketplace=FLIPKART&q=pet+products&store=p3t&srno=s_10_375&otracker=search&iid=1e6b0e01-4363-4983-8d2d-7a8b50d85c9a.PCBHHGKYDMZSHZNQ.SEARCH&ssid=2nskf62hrk0000001780722092510&qH=0b3cad6c322744d3&ov_redirect=true&ov_redirect=true,https://rukminim2.flixcart.com/image/612/612/xif0q/pet-comb-brush/k/n/7/medium-pet-flea-comb-chullbull-pet-products-original-imahhgkyehyfxzga.jpeg?q=70
"Pet Luxuries Shampoo for Dog & Cat, Dermatological Test...",₹739,,,38% off,https://www.flipkart.com/pet-luxuries-shampoo-dog-cat-dermatological-tested-smooth-shiny-coat-tangle-free-conditioning-lavender-rose-dog-cat/p/itm3b65d493b597d?pid=PSOHEWNDKNBJG8B9&lid=LSTPSOHEWNDKNBJG8B9XZXJRY&marketplace=FLIPKART&q=pet+products&store=p3t&srno=s_10_376&otracker=search&iid=1e6b0e01-4363-4983-8d2d-7a8b50d85c9a.PSOHEWNDKNBJG8B9.SEARCH&ssid=2nskf62hrk0000001780722092510&qH=0b3cad6c322744d3&ov_redirect=true&ov_redirect=true,https://rukminim2.flixcart.com/image/612/612/xif0q/pet-shampoo/s/p/9/600-pl-smpo-lvndr-ros-lvndr-pet-luxuries-original-imahexpzkgbr6xjx.jpeg?q=70
Fur Ball Story Dermaprove Ayurvedic Herbal Formula Dog ...,₹377,4.7,(719),24% off,https://www.flipkart.com/fur-ball-story-dermaprove-ayurvedic-herbal-formula-dog-shampoo-rosemary-neem-oil-aloevera-itch-relief-anti-dandruff-anti-bacterial-anti-fungal-anti-microbial-mild/p/itm4f12d039fa281?pid=PSOH7HY4WWYZTJWG&lid=LSTPSOH7HY4WWYZTJWGCZWZON&marketplace=FLIPKART&q=pet+products&store=p3t&srno=s_10_377&otracker=search&iid=en_JUXogeblgp8RmvnV1z7LEgjLf-I48T5SH7aWXcsrz3SmdDzk263FI5Xr7U7klfkCzjeMp9tNSEaqSNIqeejwiQ%3D%3D&ssid=2nskf62hrk0000001780722092510&qH=0b3cad6c322744d3&ov_redirect=true&ov_redirect=true,https://rukminim2.flixcart.com/image/612/612/xif0q/pet-shampoo/s/g/7/300-dermaprove-vet-recommended-ayurvedic-antifungal-rosemary-oil-original-imahm9zxnxa9fu2h.jpeg?q=70
Breedo Dog Need (Combo of 2) Flea-Tick Shampoo Conditio...,₹170,4,"(1,543)",71% off,https://www.flipkart.com/breedo-dog-need-combo-2-flea-tick-shampoo-conditioner-gloves-allergy-relief-conditioning-anti-fungal-anti-microbial-anti-itching-anti-dandruff-natural/p/itm1700b14137a17?pid=PSOGDGVUXY8B2ZFG&lid=LSTPSOGDGVUXY8B2ZFGHFRTF0&marketplace=FLIPKART&q=pet+products&store=p3t&srno=s_10_378&otracker=search&iid=en_JUXogeblgp8RmvnV1z7LEgjLf-I48T5SH7aWXcsrz3T7Z5BS3GWe7lxqC2Pkn7Pz-ae2zLVaHawJQdr3sN9mDg%3D%3D&ssid=2nskf62hrk0000001780722092510&qH=0b3cad6c322744d3&ov_redirect=true&ov_redirect=true,https://rukminim2.flixcart.com/image/612/612/xif0q/pet-shampoo/d/l/r/250-dog-need-combo-of-2-flea-tick-shampoo-conditioner-gloves-original-imah7hyhwhnp3bb8.jpeg?q=70
Regiis UC-TGF3-PLHE Pet Spa Kit,₹333,,,44% off,https://www.flipkart.com/regiis-uc-tgf3-plhe-pet-spa-kit/p/itm5520825b7bb8f?pid=PSKHG75ZGGP9TCME&lid=LSTPSKHG75ZGGP9TCMECRZOM7&marketplace=FLIPKART&q=pet+products&store=p3t&srno=s_10_379&otracker=search&iid=1e6b0e01-4363-4983-8d2d-7a8b50d85c9a.PSKHG75ZGGP9TCME.SEARCH&ssid=2nskf62hrk0000001780722092510&qH=0b3cad6c322744d3&ov_redirect=true&ov_redirect=true,https://rukminim2.flixcart.com/image/612/612/xif0q/pet-spa-kit/o/s/b/uc-tgf3-plhe-regiis-original-imahg75z2tpffy26.jpeg?q=70
chullbull pet products Hairbrush Grooming for Dogs Cat ...,₹108,4,(3),72% off,https://www.flipkart.com/chullbull-pet-products-hairbrush-grooming-dogs-cat-cleaning-supplies-basic-comb-multi-colour-dog/p/itm8db8b8fd42470?pid=PCBHHGKYHREVFHH2&lid=LSTPCBHHGKYHREVFHH2CYSVYN&marketplace=FLIPKART&q=pet+products&store=p3t&srno=s_10_380&otracker=search&iid=1e6b0e01-4363-4983-8d2d-7a8b50d85c9a.PCBHHGKYHREVFHH2.SEARCH&ssid=2nskf62hrk0000001780722092510&qH=0b3cad6c322744d3&ov_redirect=true&ov_redirect=true,https://rukminim2.flixcart.com/image/612/612/xif0q/pet-comb-brush/k/h/x/medium-doghaicb0-1-chullbull-pet-products-original-imahhgkyn6sephuh.jpeg?q=70
"VetMantra VITAMIN H ALLUMINIUM PACK, MULTIVITAMIN FOR C...",₹256,4.1,(429),83% off,https://www.flipkart.com/vetmantra-vitamin-h-alluminium-pack-multivitamin-cow-buffalo-other-pets-pet-health-supplements/p/itmd5ac9a24c7027?pid=PHSG48CVBERCUHQH&lid=LSTPHSG48CVBERCUHQHUP4ZD9&marketplace=FLIPKART&q=pet+products&store=p3t&srno=s_10_381&otracker=search&iid=en_JUXogeblgp8RmvnV1z7LEgjLf-I48T5SH7aWXcsrz3RHbz-6h5r08jCd8BanXh0kyZWA2tFjMNQZ4GyZmtNMsw%3D%3D&ssid=2nskf62hrk0000001780722092510&qH=0b3cad6c322744d3&ov_redirect=true&ov_redirect=true,https://rukminim2.flixcart.com/image/612/612/xif0q/pet-health-supplement/d/u/k/1-vitamin-h-alluminium-pack-multivitamin-for-cow-buffalo-and-original-imahm2szyzv9c7wv.jpeg?q=70
Petroyale Urinary Tract Health Tablets For Dogs With Cr...,₹720,5,(3),24% off,https://www.flipkart.com/petroyale-urinary-tract-health-tablets-dogs-cranberry-extract-pet-supplements/p/itmd2a2a50d08421?pid=PHSGZZXAWWZFMEXB&lid=LSTPHSGZZXAWWZFMEXBOF5UVD&marketplace=FLIPKART&q=pet+products&store=p3t&srno=s_10_382&otracker=search&iid=en_JUXogeblgp8RmvnV1z7LEgjLf-I48T5SH7aWXcsrz3R46a1ubfOHobVrh0nIZecvltyZTQKdyCKgLRTD6KR9qPUFjCTyOHoHZs-Z5_PS_w0%3D&ssid=2nskf62hrk0000001780722092510&qH=0b3cad6c322744d3&ov_redirect=true&ov_redirect=true,https://rukminim2.flixcart.com/image/612/612/xif0q/pet-health-supplement/n/0/d/30-urinary-tract-health-tablets-for-dogs-with-cranberry-extract-original-imahm43cdgauez9g.jpeg?q=70
chullbull pet products Dog Grooming Plastic Slicker Sel...,₹164,,,83% off,https://www.flipkart.com/chullbull-pet-products-dog-grooming-plastic-slicker-self-cleaning-hair-brush-press-key-puppy-brushes-cat/p/itmf9e70385b36db?pid=PCBGUFGVZAXAJPSZ&lid=LSTPCBGUFGVZAXAJPSZHYNUXE&marketplace=FLIPKART&q=pet+products&store=p3t&srno=s_10_383&otracker=search&iid=1e6b0e01-4363-4983-8d2d-7a8b50d85c9a.PCBGUFGVZAXAJPSZ.SEARCH&ssid=2nskf62hrk0000001780722092510&qH=0b3cad6c322744d3&ov_redirect=true&ov_redirect=true,https://rukminim2.flixcart.com/image/612/612/kt64fbk0/pet-comb-brush/g/v/z/dog-grooming-plastic-slicker-self-cleaning-hair-brush-with-press-original-imaf3j3nnzchappx.jpeg?q=70
Rana pets Combo of 5 Pet Health Supplements,₹490,4.2,(17),38% off,https://www.flipkart.com/rana-pets-combo-5-pet-health-supplements/p/itm30bbea6df375e?pid=PHSGAM6YDH2FS3AJ&lid=LSTPHSGAM6YDH2FS3AJ39DZND&marketplace=FLIPKART&q=pet+products&store=p3t&srno=s_10_384&otracker=search&iid=1e6b0e01-4363-4983-8d2d-7a8b50d85c9a.PHSGAM6YDH2FS3AJ.SEARCH&ssid=2nskf62hrk0000001780722092510&qH=0b3cad6c322744d3&ov_redirect=true&ov_redirect=true,https://rukminim2.flixcart.com/image/612/612/kydb3ww0/pet-health-supplement/b/a/u/430-combo-of-5-rana-pets-original-imagam6yzdynafuf.jpeg?q=70
chullbull pet products Slicker Dog Comb Brush Pet Groom...,₹148,,,84% off,https://www.flipkart.com/chullbull-pet-products-slicker-dog-comb-brush-grooming-daily-use-clean-loose-fur-dirt-basic-dog-cat/p/itm1ba2881106065?pid=PCBHHGKY3NDH3RM2&lid=LSTPCBHHGKY3NDH3RM2423FZR&marketplace=FLIPKART&q=pet+products&store=p3t&srno=s_10_385&otracker=search&iid=1e6b0e01-4363-4983-8d2d-7a8b50d85c9a.PCBHHGKY3NDH3RM2.SEARCH&ssid=2nskf62hrk0000001780722092510&qH=0b3cad6c322744d3&ov_redirect=true&ov_redirect=true,https://rukminim2.flixcart.com/image/612/612/xif0q/pet-comb-brush/s/9/u/medium-high-quality-cleaning-dog-hair-brush-grooming-shedding-original-imahhgkyy7ypzzyt.jpeg?q=70
chullbull pet products Stainless Steel Pet Bowl,₹169,4.5,(6),57% off,https://www.flipkart.com/chullbull-pet-products-stainless-steel-bowl/p/itm6998584c18c87?pid=PBLGYNPZCGQ9ZXGH&lid=LSTPBLGYNPZCGQ9ZXGHHOCHSA&marketplace=FLIPKART&q=pet+products&store=p3t&srno=s_10_386&otracker=search&iid=1e6b0e01-4363-4983-8d2d-7a8b50d85c9a.PBLGYNPZCGQ9ZXGH.SEARCH&ssid=2nskf62hrk0000001780722092510&qH=0b3cad6c322744d3&ov_redirect=true&ov_redirect=true,https://rukminim2.flixcart.com/image/612/612/xif0q/pet-bowl-bottle/9/e/n/sf-400ml-chullbull-pet-products-400-x2-original-imagynpzsbg2kkhb.jpeg?q=70
Dr. Pets Chicken Pomegranate Dog Biscuits Oven Baked Do...,₹268,,,36% off,https://www.flipkart.com/dr-pets-chicken-pomegranate-dog-biscuits-oven-baked-treats-food-treat/p/itme8fe273bebe5d?pid=PTTHNZWUGSM4SHKG&lid=LSTPTTHNZWUGSM4SHKGMBDWBS&marketplace=FLIPKART&q=pet+products&store=p3t&srno=s_10_387&otracker=search&iid=en_JUXogeblgp8RmvnV1z7LEgjLf-I48T5SH7aWXcsrz3QrKlXhorzhBW9wsycj2Z8tKv73fXiv77oqeGiZtLSZsA%3D%3D&ssid=2nskf62hrk0000001780722092510&qH=0b3cad6c322744d3&ov_redirect=true&ov_redirect=true,https://rukminim2.flixcart.com/image/612/612/xif0q/pet-treat/d/l/p/900-dog-2-bstk-chkn-pmgrnt-450gm-pk2-dr-pets-original-imahnzwuttaj2vwt.jpeg?q=70
DR. Boro Pet Coat Cleanser Shampoo I Routine Bathing & ...,₹104,4.8,(4),67% off,https://www.flipkart.com/dr-boro-pet-coat-cleanser-shampoo-routine-bathing-skin-hygiene-controls-dandruff-200-ml/p/itm5208e9724d314?pid=PETHHP4F7RDZJ5FF&lid=LSTPETHHP4F7RDZJ5FFXZ8NV2&marketplace=FLIPKART&q=pet+products&store=p3t&srno=s_10_388&otracker=search&iid=en_JUXogeblgp8RmvnV1z7LEgjLf-I48T5SH7aWXcsrz3RpHJX3zMzqy0E81334iB02FFhtNFc8qudwwQIKhtS9SQ%3D%3D&ssid=2nskf62hrk0000001780722092510&qH=0b3cad6c322744d3&ov_redirect=true&ov_redirect=true,https://rukminim2.flixcart.com/image/612/612/xif0q/pet-cleanser/9/u/h/200-coat-cleanser-shampoo-i-routine-bathing-skin-hygiene-i-original-imahgxrvaey2k3kz.jpeg?q=70
KAILVET PHARMA FS-06 Pet Health Supplements,"₹1,334",,,11% off,https://www.flipkart.com/kailvet-pharma-fs-06-pet-health-supplements/p/itm7edc432d8bf7c?pid=PHSHHV4RJBWNMNSA&lid=LSTPHSHHV4RJBWNMNSAHNDQV6&marketplace=FLIPKART&q=pet+products&store=p3t&srno=s_10_389&otracker=search&iid=1e6b0e01-4363-4983-8d2d-7a8b50d85c9a.PHSHHV4RJBWNMNSA.SEARCH&ssid=2nskf62hrk0000001780722092510&qH=0b3cad6c322744d3&ov_redirect=true&ov_redirect=true,https://rukminim2.flixcart.com/image/612/612/xif0q/pet-health-supplement/p/f/a/200-0-fs-05-kailvet-pharma-original-imahhv4rgye6rrcg.jpeg?q=70
Regiis U6-3WEQ-TRDS Pet Spa Kit,₹319,,,46% off,https://www.flipkart.com/regiis-u6-3weq-trds-pet-spa-kit/p/itm590efdcb38a1d?pid=PSKHGA8ZG9PJ5SBX&lid=LSTPSKHGA8ZG9PJ5SBXGQHIT3&marketplace=FLIPKART&q=pet+products&store=p3t&srno=s_10_390&otracker=search&iid=1e6b0e01-4363-4983-8d2d-7a8b50d85c9a.PSKHGA8ZG9PJ5SBX.SEARCH&ssid=2nskf62hrk0000001780722092510&qH=0b3cad6c322744d3&ov_redirect=true&ov_redirect=true,https://rukminim2.flixcart.com/image/612/612/xif0q/pet-spa-kit/j/o/3/u6-3weq-trds-regiis-original-imahga8zje3mpq2y.jpeg?q=70
Fur Ball Story Rainy Remedies Combo Kit for Pets Pet Sp...,₹638,4.6,(71),32% off,https://www.flipkart.com/fur-ball-story-rainy-remedies-combo-kit-pets-pet-spa/p/itm82518608c217e?pid=PSKGYDZZTUZSGB6F&lid=LSTPSKGYDZZTUZSGB6FZPOFNV&marketplace=FLIPKART&q=pet+products&store=p3t&srno=s_10_391&otracker=search&iid=en_JUXogeblgp8RmvnV1z7LEgjLf-I48T5SH7aWXcsrz3Q04z9cCyDauqvI-LkKChDFyI6xz3_e8--i2HEGsPb2wEKsf8s6I2Oz2HOgbXTo_9U%3D&ssid=2nskf62hrk0000001780722092510&qH=0b3cad6c322744d3&ov_redirect=true&ov_redirect=true,https://rukminim2.flixcart.com/image/612/612/xif0q/pet-spa-kit/n/d/q/-original-imahgqzydhy5zveh.jpeg?q=70
Dr. Pets Chicken Peanut Dog Biscuits Oven Baked Dog Tre...,₹268,,,36% off,https://www.flipkart.com/dr-pets-chicken-peanut-dog-biscuits-oven-baked-treats-food-dogs-puppy-butter-treat/p/itm9cefd61eb2162?pid=PTTHNZWU8WX7SXYU&lid=LSTPTTHNZWU8WX7SXYU4SMFQ9&marketplace=FLIPKART&q=pet+products&store=p3t&srno=s_10_392&otracker=search&iid=en_JUXogeblgp8RmvnV1z7LEgjLf-I48T5SH7aWXcsrz3TneyOL_TeH4Is9FAKIHHpWL4KttXgMw_Q-LLrdhtWfMw%3D%3D&ssid=2nskf62hrk0000001780722092510&qH=0b3cad6c322744d3&ov_redirect=true&ov_redirect=true,https://rukminim2.flixcart.com/image/612/612/xif0q/pet-treat/s/l/y/900-dog-2-bstk-chkn-peanut-450gm-pk2-dr-pets-original-imahnzwupjyxryx7.jpeg?q=70
"Regiis Complete Pet Grooming Set – Itch Relief, Deshedd...",₹412,,,41% off,https://www.flipkart.com/regiis-complete-pet-grooming-set-itch-relief-deshedding-flea-care-spa-kit/p/itm1e8ba41c1e06e?pid=PSKHJ388FAZQSZFS&lid=LSTPSKHJ388FAZQSZFSLFEUJT&marketplace=FLIPKART&q=pet+products&store=p3t&srno=s_10_393&otracker=search&iid=1e6b0e01-4363-4983-8d2d-7a8b50d85c9a.PSKHJ388FAZQSZFS.SEARCH&ssid=2nskf62hrk0000001780722092510&qH=0b3cad6c322744d3&ov_redirect=true&ov_redirect=true,https://rukminim2.flixcart.com/image/612/612/xif0q/pet-spa-kit/i/b/s/complete-pet-grooming-set-itch-relief-deshedding-flea-care-original-imahj388fhhcheck.jpeg?q=70
"Regiis Pet Grooming Kit – All in 1, Itch Away, Flea Com...",₹442,,,36% off,https://www.flipkart.com/regiis-pet-grooming-kit-all-1-itch-away-flea-comb-care-tools-spa/p/itm1522b2098ab6e?pid=PSKHGR4U9YZW3BVH&lid=LSTPSKHGR4U9YZW3BVHDVHT69&marketplace=FLIPKART&q=pet+products&store=p3t&srno=s_10_394&otracker=search&iid=1e6b0e01-4363-4983-8d2d-7a8b50d85c9a.PSKHGR4U9YZW3BVH.SEARCH&ssid=2nskf62hrk0000001780722092510&qH=0b3cad6c322744d3&ov_redirect=true&ov_redirect=true,https://rukminim2.flixcart.com/image/612/612/xif0q/pet-spa-kit/d/o/y/combo-5in1shampoo-fleacomb-shampoobathbrush-toothbrush-original-imaheyb6nahqdgzg.jpeg?q=70
Regiis SB-UJH4-THRE Pet Spa Kit,₹388,,,35% off,https://www.flipkart.com/regiis-sb-ujh4-thre-pet-spa-kit/p/itm78b8469f07a1c?pid=PSKHGYGSG2BBAXBE&lid=LSTPSKHGYGSG2BBAXBEL1VES7&marketplace=FLIPKART&q=pet+products&store=p3t&srno=s_10_395&otracker=search&iid=1e6b0e01-4363-4983-8d2d-7a8b50d85c9a.PSKHGYGSG2BBAXBE.SEARCH&ssid=2nskf62hrk0000001780722092510&qH=0b3cad6c322744d3&ov_redirect=true&ov_redirect=true,https://rukminim2.flixcart.com/image/612/612/xif0q/pet-spa-kit/c/l/6/sb-ujh4-thre-regiis-original-imahgygsnhxqhus4.jpeg?q=70
chullbull pet products Dog Collar & Leash,₹219,,,72% off,https://www.flipkart.com/chullbull-pet-products-dog-collar-leash/p/itm4687739d403b1?pid=PCLGTDV8AXEMHNQA&lid=LSTPCLGTDV8AXEMHNQAVCXBEP&marketplace=FLIPKART&q=pet+products&store=p3t&srno=s_10_396&otracker=search&iid=1e6b0e01-4363-4983-8d2d-7a8b50d85c9a.PCLGTDV8AXEMHNQA.SEARCH&ssid=2nskf62hrk0000001780722092510&qH=0b3cad6c322744d3&ov_redirect=true&ov_redirect=true,https://rukminim2.flixcart.com/image/612/612/l4d2ljk0/pet-collar-harness/s/o/k/small-1-2-inch-c-l-blue-modern-pets-house-original-imagfafw7gsa5f2f.jpeg?q=70
DC Pet Products Pet Grooming Silicone Brush | Bath & De...,₹170,,,43% off,https://www.flipkart.com/dc-pet-products-grooming-silicone-brush-bath-deshedding-tool-plain-bristle-brushes-dog-cat-rabbit/p/itm237e65f8c2de4?pid=PCBHNFMHK2NZPFPG&lid=LSTPCBHNFMHK2NZPFPGH5QB53&marketplace=FLIPKART&q=pet+products&store=p3t&srno=s_10_397&otracker=search&iid=en_JUXogeblgp8RmvnV1z7LEgjLf-I48T5SH7aWXcsrz3SpfgcSLVObeV-m_JyI17_fLdRDZQWuq3S9rc29YxG5Ew%3D%3D&ssid=2nskf62hrk0000001780722092510&qH=0b3cad6c322744d3&ov_redirect=true&ov_redirect=true,https://rukminim2.flixcart.com/image/612/612/xif0q/pet-comb-brush/k/c/a/medium-pwpnbrsh-dc-pet-products-original-imahnfmf35h8hkgg.jpeg?q=70
floni Dog Grooming Powder Smooth Coat Pet Health Supple...,₹164,,,67% off,https://www.flipkart.com/floni-dog-grooming-powder-smooth-coat-pet-health-supplements/p/itm823da515f0f66?pid=PHSHMBVZZYZCFAF7&lid=LSTPHSHMBVZZYZCFAF7XZWWJA&marketplace=FLIPKART&q=pet+products&store=p3t&srno=s_10_398&otracker=search&iid=en_JUXogeblgp8RmvnV1z7LEgjLf-I48T5SH7aWXcsrz3TPVMfm6nTTD5sqrliT4g0qN9ZrYEyPMsT4aiAfz9gS5w%3D%3D&ssid=2nskf62hrk0000001780722092510&qH=0b3cad6c322744d3&ov_redirect=true&ov_redirect=true,https://rukminim2.flixcart.com/image/612/612/xif0q/pet-health-supplement/9/o/j/100-dog-cat-powder-pack-of-2-100g-each-with-gentle-daily-use-original-imahmbwhbmgnxgym.jpeg?q=70
"Regiis Dog and Cat Coat Care Kit with Deshedding, Contr...",₹347,,,42% off,https://www.flipkart.com/regiis-dog-cat-coat-care-kit-deshedding-control-brush-pet-spa/p/itm9e692fd757213?pid=PSKHJ27ZPTHZARGV&lid=LSTPSKHJ27ZPTHZARGVVHJBQ5&marketplace=FLIPKART&q=pet+products&store=p3t&srno=s_10_399&otracker=search&iid=1e6b0e01-4363-4983-8d2d-7a8b50d85c9a.PSKHJ27ZPTHZARGV.SEARCH&ssid=2nskf62hrk0000001780722092510&qH=0b3cad6c322744d3&ov_redirect=true&ov_redirect=true,https://rukminim2.flixcart.com/image/612/612/xif0q/pet-spa-kit/u/v/l/dog-and-cat-coat-care-kit-with-deshedding-control-and-brush-original-imahj27z2yzvsqxz.jpeg?q=70
Regiis Pet Bath and Grooming Essentials Combo for Dogs ...,₹432,,,38% off,https://www.flipkart.com/regiis-pet-bath-grooming-essentials-combo-dogs-cats-spa-kit/p/itm6101014fba1a1?pid=PSKHGZWUA96ZMPGH&lid=LSTPSKHGZWUA96ZMPGHIJHQJF&marketplace=FLIPKART&q=pet+products&store=p3t&srno=s_10_400&otracker=search&iid=1e6b0e01-4363-4983-8d2d-7a8b50d85c9a.PSKHGZWUA96ZMPGH.SEARCH&ssid=2nskf62hrk0000001780722092510&qH=0b3cad6c322744d3&ov_redirect=true&ov_redirect=true,https://rukminim2.flixcart.com/image/612/612/xif0q/pet-spa-kit/r/a/l/combo-5in1shampoo-fleacomb-nailclipper-tickandfleashampoo-regiis-original-imaheyb62djmbzad.jpeg?q=70
